timestamp,open,high,low,close,volume
2023-05-17 00:00:00+00:00,0.3794,0.3833,0.3762,0.3822,4219318.84
2023-05-17 01:00:00+00:00,0.3822,0.3876,0.3814,0.3871,3720598.57
2023-05-17 02:00:00+00:00,0.3871,0.388,0.3845,0.385,2421155.33
2023-05-17 03:00:00+00:00,0.385,0.3867,0.3842,0.3856,1804029.25
2023-05-17 04:00:00+00:00,0.3856,0.3873,0.3851,0.3859,1209048.09
2023-05-17 05:00:00+00:00,0.3859,0.3861,0.3818,0.382,1552712.67
2023-05-17 06:00:00+00:00,0.382,0.382,0.3797,0.3809,2528063.52
2023-05-17 07:00:00+00:00,0.3809,0.383,0.3771,0.3782,3671179.82
2023-05-17 08:00:00+00:00,0.3782,0.3793,0.3754,0.3788,2718586.68
2023-05-17 09:00:00+00:00,0.3788,0.3828,0.3781,0.3816,3087418.8
2023-05-17 10:00:00+00:00,0.3816,0.3823,0.3796,0.381,2013694.27
2023-05-17 11:00:00+00:00,0.381,0.3811,0.3748,0.3757,7089311.13
2023-05-17 12:00:00+00:00,0.3757,0.3789,0.3754,0.3772,4198542.49
2023-05-17 13:00:00+00:00,0.3772,0.3789,0.3755,0.3759,3994258.71
2023-05-17 14:00:00+00:00,0.3759,0.3772,0.3708,0.3752,7764875.32
2023-05-17 15:00:00+00:00,0.3752,0.3759,0.3722,0.3738,8272105.6
2023-05-17 16:00:00+00:00,0.3738,0.3779,0.3716,0.377,8291659.69
2023-05-17 17:00:00+00:00,0.377,0.3856,0.3765,0.3845,10467199.99
2023-05-17 18:00:00+00:00,0.3845,0.3889,0.3839,0.3873,12380654.75
2023-05-17 19:00:00+00:00,0.3873,0.3942,0.3873,0.389,15898058.11
2023-05-17 20:00:00+00:00,0.389,0.392,0.3865,0.3878,6556468.54
2023-05-17 21:00:00+00:00,0.3878,0.3897,0.3859,0.3873,4916958.85
2023-05-17 22:00:00+00:00,0.3873,0.3882,0.3862,0.3876,2011597.11
2023-05-17 23:00:00+00:00,0.3876,0.3892,0.3871,0.3877,3704797.23
2023-05-18 00:00:00+00:00,0.3877,0.3884,0.3848,0.3866,3837035.14
2023-05-18 01:00:00+00:00,0.3866,0.3887,0.3843,0.3853,2416491.65
2023-05-18 02:00:00+00:00,0.3853,0.388,0.385,0.3873,2317416.65
2023-05-18 03:00:00+00:00,0.3873,0.3894,0.3868,0.3888,2053304.88
2023-05-18 04:00:00+00:00,0.3888,0.3891,0.3866,0.3867,1379188.22
2023-05-18 05:00:00+00:00,0.3867,0.3874,0.3838,0.384,2798564.0
2023-05-18 06:00:00+00:00,0.384,0.3845,0.3803,0.3811,3697560.36
2023-05-18 07:00:00+00:00,0.3811,0.3858,0.3806,0.3841,4852451.39
2023-05-18 08:00:00+00:00,0.3841,0.3853,0.3831,0.3848,2793849.88
2023-05-18 09:00:00+00:00,0.3848,0.3856,0.3836,0.3841,2993123.13
2023-05-18 10:00:00+00:00,0.3841,0.3875,0.3834,0.3846,4229736.33
2023-05-18 11:00:00+00:00,0.3846,0.3858,0.3835,0.3851,2460133.74
2023-05-18 12:00:00+00:00,0.3851,0.3853,0.3792,0.3796,5881519.71
2023-05-18 13:00:00+00:00,0.3796,0.38,0.3781,0.3786,3028183.13
2023-05-18 14:00:00+00:00,0.3786,0.3806,0.3752,0.3788,5724353.85
2023-05-18 15:00:00+00:00,0.3788,0.3799,0.3749,0.3754,4240495.76
2023-05-18 16:00:00+00:00,0.3754,0.3772,0.374,0.376,5073322.54
2023-05-18 17:00:00+00:00,0.376,0.3768,0.3645,0.3672,11922664.94
2023-05-18 18:00:00+00:00,0.3672,0.3694,0.3657,0.3687,4546957.71
2023-05-18 19:00:00+00:00,0.3687,0.3739,0.3678,0.3712,4831184.26
2023-05-18 20:00:00+00:00,0.3712,0.3718,0.3688,0.3705,2783390.54
2023-05-18 21:00:00+00:00,0.3705,0.3751,0.3704,0.3741,6880321.73
2023-05-18 22:00:00+00:00,0.3741,0.3766,0.3738,0.3738,3337451.71
2023-05-18 23:00:00+00:00,0.3738,0.3742,0.3705,0.3708,1562427.73
2023-05-19 00:00:00+00:00,0.3708,0.3712,0.3675,0.3696,2750530.56
2023-05-19 01:00:00+00:00,0.3696,0.3696,0.3659,0.3666,2185412.79
2023-05-19 02:00:00+00:00,0.3666,0.3674,0.3653,0.3669,1488644.58
2023-05-19 03:00:00+00:00,0.3669,0.3689,0.3655,0.3675,1359444.22
2023-05-19 04:00:00+00:00,0.3675,0.3707,0.367,0.3704,3608175.15
2023-05-19 05:00:00+00:00,0.3704,0.3714,0.3691,0.3709,1472728.94
2023-05-19 06:00:00+00:00,0.3709,0.3726,0.3702,0.3723,2751803.22
2023-05-19 07:00:00+00:00,0.3723,0.3732,0.3707,0.3717,1961384.32
2023-05-19 08:00:00+00:00,0.3717,0.3734,0.3714,0.3722,1350062.59
2023-05-19 09:00:00+00:00,0.3722,0.3728,0.3695,0.3704,2462869.67
2023-05-19 10:00:00+00:00,0.3704,0.3709,0.369,0.3702,1323457.98
2023-05-19 11:00:00+00:00,0.3702,0.3706,0.3684,0.3685,1783375.81
2023-05-19 12:00:00+00:00,0.3685,0.3713,0.3685,0.3705,2626744.95
2023-05-19 13:00:00+00:00,0.3705,0.3709,0.3679,0.3682,2614122.56
2023-05-19 14:00:00+00:00,0.3682,0.3687,0.3664,0.3685,2748221.52
2023-05-19 15:00:00+00:00,0.3685,0.3742,0.365,0.3689,6299483.1
2023-05-19 16:00:00+00:00,0.3689,0.3701,0.3678,0.3684,2431311.55
2023-05-19 17:00:00+00:00,0.3684,0.3726,0.3677,0.3713,2760668.43
2023-05-19 18:00:00+00:00,0.3713,0.3726,0.3699,0.371,1646197.3
2023-05-19 19:00:00+00:00,0.371,0.371,0.368,0.37,2377066.13
2023-05-19 20:00:00+00:00,0.37,0.3709,0.3689,0.3697,1592272.49
2023-05-19 21:00:00+00:00,0.3697,0.373,0.3695,0.3721,1161648.37
2023-05-19 22:00:00+00:00,0.3721,0.3721,0.3705,0.3717,555867.51
2023-05-19 23:00:00+00:00,0.3717,0.3719,0.3703,0.371,794027.44
2023-05-20 00:00:00+00:00,0.371,0.3714,0.3668,0.3674,2266341.3
2023-05-20 01:00:00+00:00,0.3674,0.3691,0.3669,0.3677,1249790.22
2023-05-20 02:00:00+00:00,0.3677,0.369,0.3664,0.3671,785578.62
2023-05-20 03:00:00+00:00,0.3671,0.3682,0.3666,0.3677,1139349.19
2023-05-20 04:00:00+00:00,0.3677,0.3686,0.3667,0.3685,729306.59
2023-05-20 05:00:00+00:00,0.3685,0.3685,0.3667,0.3682,934919.75
2023-05-20 06:00:00+00:00,0.3682,0.3685,0.3672,0.3673,555890.49
2023-05-20 07:00:00+00:00,0.3673,0.3681,0.3669,0.3677,637820.38
2023-05-20 08:00:00+00:00,0.3677,0.369,0.3674,0.3689,909859.4
2023-05-20 09:00:00+00:00,0.3689,0.3697,0.3684,0.3694,729713.22
2023-05-20 10:00:00+00:00,0.3694,0.3705,0.3688,0.3691,755907.82
2023-05-20 11:00:00+00:00,0.3691,0.3692,0.3678,0.3685,522762.01
2023-05-20 12:00:00+00:00,0.3685,0.37,0.3685,0.3685,787618.77
2023-05-20 13:00:00+00:00,0.3685,0.369,0.3677,0.3677,657187.47
2023-05-20 14:00:00+00:00,0.3677,0.3696,0.3677,0.3696,725101.38
2023-05-20 15:00:00+00:00,0.3696,0.3714,0.3694,0.371,1156414.79
2023-05-20 16:00:00+00:00,0.371,0.371,0.3694,0.3697,715246.31
2023-05-20 17:00:00+00:00,0.3697,0.3725,0.3682,0.3725,1873995.85
2023-05-20 18:00:00+00:00,0.3725,0.3729,0.3703,0.3703,1625540.07
2023-05-20 19:00:00+00:00,0.3703,0.3738,0.3682,0.3736,2672367.5
2023-05-20 20:00:00+00:00,0.3736,0.3736,0.3715,0.3719,1089593.61
2023-05-20 21:00:00+00:00,0.3719,0.374,0.3712,0.3737,1250380.05
2023-05-20 22:00:00+00:00,0.3737,0.3739,0.373,0.373,857167.11
2023-05-20 23:00:00+00:00,0.373,0.3761,0.373,0.3751,1687620.77
2023-05-21 00:00:00+00:00,0.3751,0.3764,0.3732,0.3761,1360657.83
2023-05-21 01:00:00+00:00,0.3761,0.3765,0.372,0.3721,1451968.47
2023-05-21 02:00:00+00:00,0.3721,0.3724,0.3707,0.3716,1329555.23
2023-05-21 03:00:00+00:00,0.3716,0.3731,0.3714,0.3723,503942.57
2023-05-21 04:00:00+00:00,0.3723,0.3735,0.3719,0.373,586935.77
2023-05-21 05:00:00+00:00,0.373,0.3733,0.372,0.372,675306.45
2023-05-21 06:00:00+00:00,0.372,0.3725,0.3712,0.3713,663761.12
2023-05-21 07:00:00+00:00,0.3713,0.3715,0.3704,0.3713,773646.0
2023-05-21 08:00:00+00:00,0.3713,0.3724,0.3706,0.3723,768713.3
2023-05-21 09:00:00+00:00,0.3723,0.3727,0.3716,0.3719,724167.39
2023-05-21 10:00:00+00:00,0.3719,0.3725,0.3689,0.37,1604527.57
2023-05-21 11:00:00+00:00,0.37,0.3706,0.3675,0.3691,2262127.68
2023-05-21 12:00:00+00:00,0.3691,0.3712,0.3689,0.3712,1405834.32
2023-05-21 13:00:00+00:00,0.3712,0.3714,0.3703,0.3703,800907.61
2023-05-21 14:00:00+00:00,0.3703,0.3725,0.3695,0.3698,1345485.84
2023-05-21 15:00:00+00:00,0.3698,0.371,0.3596,0.364,7826330.71
2023-05-21 16:00:00+00:00,0.364,0.3649,0.362,0.3627,2273006.91
2023-05-21 17:00:00+00:00,0.3627,0.364,0.3616,0.3631,2514163.84
2023-05-21 18:00:00+00:00,0.3631,0.3649,0.3626,0.3638,1403469.67
2023-05-21 19:00:00+00:00,0.3638,0.3649,0.3634,0.3649,729803.09
2023-05-21 20:00:00+00:00,0.3649,0.366,0.362,0.3622,2000798.36
2023-05-21 21:00:00+00:00,0.3622,0.3624,0.3575,0.3609,5385142.85
2023-05-21 22:00:00+00:00,0.3609,0.3631,0.3607,0.3625,1154816.54
2023-05-21 23:00:00+00:00,0.3625,0.3631,0.3607,0.3613,661377.97
2023-05-22 00:00:00+00:00,0.3613,0.3617,0.3535,0.3573,4949658.73
2023-05-22 01:00:00+00:00,0.3573,0.3579,0.3547,0.3561,2757191.73
2023-05-22 02:00:00+00:00,0.3561,0.3588,0.3549,0.3588,1472914.35
2023-05-22 03:00:00+00:00,0.3588,0.3602,0.3584,0.3591,999113.4
2023-05-22 04:00:00+00:00,0.3591,0.3609,0.3591,0.3599,1016381.71
2023-05-22 05:00:00+00:00,0.3599,0.3607,0.3589,0.359,1212789.98
2023-05-22 06:00:00+00:00,0.359,0.3616,0.3589,0.3596,1343131.86
2023-05-22 07:00:00+00:00,0.3596,0.3601,0.3582,0.3591,1262946.85
2023-05-22 08:00:00+00:00,0.3591,0.3608,0.359,0.359,1188851.57
2023-05-22 09:00:00+00:00,0.359,0.3625,0.359,0.3621,2157692.08
2023-05-22 10:00:00+00:00,0.3621,0.3632,0.3619,0.3627,990405.84
2023-05-22 11:00:00+00:00,0.3627,0.3629,0.3604,0.3619,955860.04
2023-05-22 12:00:00+00:00,0.3619,0.3628,0.3594,0.3596,2402521.73
2023-05-22 13:00:00+00:00,0.3596,0.3645,0.359,0.3631,2647618.91
2023-05-22 14:00:00+00:00,0.3631,0.3638,0.36,0.3622,2187919.52
2023-05-22 15:00:00+00:00,0.3622,0.3624,0.3607,0.3615,943246.64
2023-05-22 16:00:00+00:00,0.3615,0.3628,0.3607,0.3616,1052574.55
2023-05-22 17:00:00+00:00,0.3616,0.3629,0.3604,0.3622,1869113.01
2023-05-22 18:00:00+00:00,0.3622,0.3641,0.3622,0.363,1146974.72
2023-05-22 19:00:00+00:00,0.363,0.3635,0.362,0.3628,1013350.51
2023-05-22 20:00:00+00:00,0.3628,0.3635,0.362,0.3631,906706.11
2023-05-22 21:00:00+00:00,0.3631,0.3641,0.3617,0.3618,1512073.64
2023-05-22 22:00:00+00:00,0.3618,0.3627,0.3606,0.3609,1203179.27
2023-05-22 23:00:00+00:00,0.3609,0.3616,0.3603,0.3605,982988.11
2023-05-23 00:00:00+00:00,0.3605,0.3614,0.3574,0.358,2243983.09
2023-05-23 01:00:00+00:00,0.358,0.3656,0.3577,0.3627,3290085.81
2023-05-23 02:00:00+00:00,0.3627,0.3654,0.3627,0.3652,1545787.8
2023-05-23 03:00:00+00:00,0.3652,0.3732,0.3652,0.3723,7543009.45
2023-05-23 04:00:00+00:00,0.3723,0.3735,0.3678,0.3691,2580677.28
2023-05-23 05:00:00+00:00,0.3691,0.3703,0.3683,0.3691,1644515.37
2023-05-23 06:00:00+00:00,0.3691,0.37,0.3658,0.368,2530178.92
2023-05-23 07:00:00+00:00,0.368,0.3684,0.3659,0.3682,1126814.64
2023-05-23 08:00:00+00:00,0.3682,0.3691,0.367,0.3688,1594111.82
2023-05-23 09:00:00+00:00,0.3688,0.3696,0.3676,0.3685,1071114.21
2023-05-23 10:00:00+00:00,0.3685,0.3699,0.3678,0.3699,1638266.23
2023-05-23 11:00:00+00:00,0.3699,0.3703,0.3685,0.3692,1409850.68
2023-05-23 12:00:00+00:00,0.3692,0.3696,0.3668,0.3681,1415269.56
2023-05-23 13:00:00+00:00,0.3681,0.3683,0.3654,0.3664,2816027.41
2023-05-23 14:00:00+00:00,0.3664,0.3688,0.3662,0.368,1962685.77
2023-05-23 15:00:00+00:00,0.368,0.3683,0.3668,0.3675,1602981.52
2023-05-23 16:00:00+00:00,0.3675,0.3676,0.366,0.366,1901518.26
2023-05-23 17:00:00+00:00,0.366,0.3673,0.3647,0.3651,1980810.68
2023-05-23 18:00:00+00:00,0.3651,0.3654,0.3631,0.3639,2551174.89
2023-05-23 19:00:00+00:00,0.3639,0.3648,0.3627,0.3647,2149280.2
2023-05-23 20:00:00+00:00,0.3647,0.3656,0.3641,0.3649,1005836.23
2023-05-23 21:00:00+00:00,0.3649,0.3661,0.3644,0.3644,1159813.0
2023-05-23 22:00:00+00:00,0.3644,0.365,0.3635,0.3644,668728.42
2023-05-23 23:00:00+00:00,0.3644,0.3647,0.3638,0.3644,616846.07
2023-05-24 00:00:00+00:00,0.3644,0.3646,0.3616,0.3632,1565760.2
2023-05-24 01:00:00+00:00,0.3632,0.3633,0.3606,0.3617,2137580.04
2023-05-24 02:00:00+00:00,0.3617,0.3642,0.3613,0.3638,1222764.22
2023-05-24 03:00:00+00:00,0.3638,0.3641,0.3536,0.3573,6163194.62
2023-05-24 04:00:00+00:00,0.3573,0.3595,0.3553,0.359,2430650.87
2023-05-24 05:00:00+00:00,0.359,0.3594,0.358,0.3588,915450.62
2023-05-24 06:00:00+00:00,0.3588,0.3588,0.3551,0.3568,2411966.03
2023-05-24 07:00:00+00:00,0.3568,0.3577,0.3554,0.3554,2018036.27
2023-05-24 08:00:00+00:00,0.3554,0.3575,0.355,0.3574,2266898.99
2023-05-24 09:00:00+00:00,0.3574,0.3578,0.3513,0.3528,5827726.97
2023-05-24 10:00:00+00:00,0.3528,0.3535,0.348,0.3482,4080736.27
2023-05-24 11:00:00+00:00,0.3482,0.3494,0.3353,0.3433,29035790.31
2023-05-24 12:00:00+00:00,0.3433,0.3433,0.3339,0.3341,15493407.6
2023-05-24 13:00:00+00:00,0.3341,0.3408,0.3248,0.3316,31160765.35
2023-05-24 14:00:00+00:00,0.3316,0.332,0.3246,0.3305,31396086.66
2023-05-24 15:00:00+00:00,0.3305,0.3356,0.3278,0.3319,12767884.59
2023-05-24 16:00:00+00:00,0.3319,0.3322,0.3282,0.3319,8576759.25
2023-05-24 17:00:00+00:00,0.3319,0.3356,0.3297,0.3342,6342380.54
2023-05-24 18:00:00+00:00,0.3342,0.3348,0.3282,0.3294,10084971.86
2023-05-24 19:00:00+00:00,0.3294,0.3379,0.326,0.3313,19048854.87
2023-05-24 20:00:00+00:00,0.3313,0.3357,0.3301,0.3326,8397276.25
2023-05-24 21:00:00+00:00,0.3326,0.3342,0.3305,0.3327,3172242.29
2023-05-24 22:00:00+00:00,0.3327,0.334,0.3304,0.3308,4622586.41
2023-05-24 23:00:00+00:00,0.3308,0.3315,0.3295,0.3296,5242008.91
2023-05-25 00:00:00+00:00,0.3296,0.331,0.3253,0.3259,8829777.09
2023-05-25 01:00:00+00:00,0.3259,0.3275,0.3179,0.3265,14899260.24
2023-05-25 02:00:00+00:00,0.3265,0.3286,0.3256,0.3281,4570630.93
2023-05-25 03:00:00+00:00,0.3281,0.3334,0.3278,0.333,4838350.32
2023-05-25 04:00:00+00:00,0.333,0.3352,0.3319,0.3332,6186506.11
2023-05-25 05:00:00+00:00,0.3332,0.3341,0.3321,0.3339,2872714.38
2023-05-25 06:00:00+00:00,0.3339,0.3353,0.332,0.3328,2882750.95
2023-05-25 07:00:00+00:00,0.3328,0.3332,0.3296,0.3297,2673565.76
2023-05-25 08:00:00+00:00,0.3297,0.3321,0.3292,0.3313,3083891.88
2023-05-25 09:00:00+00:00,0.3313,0.3316,0.3274,0.3292,8117336.94
2023-05-25 10:00:00+00:00,0.3292,0.3309,0.3283,0.3303,3192682.96
2023-05-25 11:00:00+00:00,0.3303,0.3306,0.328,0.3304,2653600.7
2023-05-25 12:00:00+00:00,0.3304,0.3347,0.3303,0.331,8238299.61
2023-05-25 13:00:00+00:00,0.331,0.3322,0.3283,0.3296,4106734.42
2023-05-25 14:00:00+00:00,0.3296,0.332,0.3282,0.3315,4707069.85
2023-05-25 15:00:00+00:00,0.3315,0.3325,0.3282,0.3302,5076909.83
2023-05-25 16:00:00+00:00,0.3302,0.3322,0.3299,0.3315,4521304.99
2023-05-25 17:00:00+00:00,0.3315,0.3337,0.3305,0.333,3623495.34
2023-05-25 18:00:00+00:00,0.333,0.3344,0.3313,0.3323,4329487.94
2023-05-25 19:00:00+00:00,0.3323,0.3364,0.3319,0.3326,5530945.86
2023-05-25 20:00:00+00:00,0.3326,0.3341,0.3322,0.333,2189252.48
2023-05-25 21:00:00+00:00,0.333,0.3334,0.3316,0.333,1810611.16
2023-05-25 22:00:00+00:00,0.333,0.3331,0.3319,0.3322,1642719.81
2023-05-25 23:00:00+00:00,0.3322,0.3338,0.3309,0.3311,2125099.41
2023-05-26 00:00:00+00:00,0.3311,0.3315,0.3284,0.3292,3097260.54
2023-05-26 01:00:00+00:00,0.3292,0.3324,0.3266,0.3287,4628001.02
2023-05-26 02:00:00+00:00,0.3287,0.3303,0.3287,0.3301,2300206.43
2023-05-26 03:00:00+00:00,0.3301,0.3336,0.3299,0.333,2906296.01
2023-05-26 04:00:00+00:00,0.333,0.3338,0.3303,0.3305,2314845.42
2023-05-26 05:00:00+00:00,0.3305,0.331,0.3282,0.3291,2493160.77
2023-05-26 06:00:00+00:00,0.3291,0.3329,0.3283,0.3327,2602184.12
2023-05-26 07:00:00+00:00,0.3327,0.3337,0.3316,0.3332,3080081.69
2023-05-26 08:00:00+00:00,0.3332,0.3343,0.3291,0.3316,13797367.25
2023-05-26 09:00:00+00:00,0.3316,0.3317,0.3297,0.3301,4255370.2
2023-05-26 10:00:00+00:00,0.3301,0.3303,0.3289,0.3297,2367563.78
2023-05-26 11:00:00+00:00,0.3297,0.3312,0.3284,0.3298,3470281.11
2023-05-26 12:00:00+00:00,0.3298,0.3312,0.3281,0.3292,4484981.24
2023-05-26 13:00:00+00:00,0.3292,0.332,0.3292,0.3307,3399432.5
2023-05-26 14:00:00+00:00,0.3307,0.3355,0.3307,0.3327,5611642.09
2023-05-26 15:00:00+00:00,0.3327,0.3337,0.3315,0.3327,2857894.98
2023-05-26 16:00:00+00:00,0.3327,0.333,0.3308,0.3311,1858227.86
2023-05-26 17:00:00+00:00,0.3311,0.3321,0.3291,0.3296,2217018.35
2023-05-26 18:00:00+00:00,0.3296,0.3327,0.3291,0.3315,2592375.58
2023-05-26 19:00:00+00:00,0.3315,0.332,0.3303,0.332,2339636.76
2023-05-26 20:00:00+00:00,0.332,0.3324,0.3297,0.3308,2051122.74
2023-05-26 21:00:00+00:00,0.3308,0.3314,0.3295,0.33,1487281.32
2023-05-26 22:00:00+00:00,0.33,0.331,0.3283,0.329,1625793.02
2023-05-26 23:00:00+00:00,0.329,0.3296,0.3282,0.3282,1702605.64
2023-05-27 00:00:00+00:00,0.3282,0.3287,0.3252,0.3268,2508335.5
2023-05-27 01:00:00+00:00,0.3268,0.3286,0.3267,0.3286,1298138.43
2023-05-27 02:00:00+00:00,0.3286,0.3292,0.3278,0.3291,2037626.3
2023-05-27 03:00:00+00:00,0.3291,0.3304,0.3286,0.3297,1333740.98
2023-05-27 04:00:00+00:00,0.3297,0.3318,0.3284,0.3313,2248427.03
2023-05-27 05:00:00+00:00,0.3313,0.3324,0.3291,0.3292,2024878.5
2023-05-27 06:00:00+00:00,0.3292,0.3307,0.3285,0.3301,2322431.24
2023-05-27 07:00:00+00:00,0.3301,0.3313,0.329,0.3303,1935641.79
2023-05-27 08:00:00+00:00,0.3303,0.3304,0.3285,0.3287,1809643.61
2023-05-27 09:00:00+00:00,0.3287,0.3308,0.3287,0.3297,1241128.47
2023-05-27 10:00:00+00:00,0.3297,0.3303,0.3292,0.3301,851105.3
2023-05-27 11:00:00+00:00,0.3301,0.3306,0.3292,0.3303,994514.95
2023-05-27 12:00:00+00:00,0.3303,0.3309,0.3296,0.3303,1173003.37
2023-05-27 13:00:00+00:00,0.3303,0.3316,0.3275,0.3289,3343444.17
2023-05-27 14:00:00+00:00,0.3289,0.331,0.3284,0.3296,2700365.31
2023-05-27 15:00:00+00:00,0.3296,0.3308,0.3294,0.3303,1174500.21
2023-05-27 16:00:00+00:00,0.3303,0.3305,0.3277,0.328,2996123.89
2023-05-27 17:00:00+00:00,0.328,0.3299,0.328,0.3291,1814911.45
2023-05-27 18:00:00+00:00,0.3291,0.3301,0.3282,0.3283,1627607.08
2023-05-27 19:00:00+00:00,0.3283,0.3295,0.3282,0.3293,954247.51
2023-05-27 20:00:00+00:00,0.3293,0.3297,0.3289,0.3297,725288.58
2023-05-27 21:00:00+00:00,0.3297,0.3302,0.3292,0.3294,931090.87
2023-05-27 22:00:00+00:00,0.3294,0.3316,0.3292,0.3308,1763656.03
2023-05-27 23:00:00+00:00,0.3308,0.3312,0.3298,0.3306,1291528.36
2023-05-28 00:00:00+00:00,0.3306,0.3342,0.329,0.3339,4307414.89
2023-05-28 01:00:00+00:00,0.3339,0.336,0.3325,0.3327,3198393.07
2023-05-28 02:00:00+00:00,0.3327,0.3334,0.331,0.3322,1553444.22
2023-05-28 03:00:00+00:00,0.3322,0.3343,0.332,0.3335,1609743.42
2023-05-28 04:00:00+00:00,0.3335,0.3346,0.3321,0.3321,2067143.02
2023-05-28 05:00:00+00:00,0.3321,0.3327,0.3313,0.3323,994214.28
2023-05-28 06:00:00+00:00,0.3323,0.3337,0.3322,0.3333,721230.53
2023-05-28 07:00:00+00:00,0.3333,0.3342,0.3328,0.3329,1178268.82
2023-05-28 08:00:00+00:00,0.3329,0.3335,0.3317,0.3325,2465021.72
2023-05-28 09:00:00+00:00,0.3325,0.3332,0.3324,0.333,866916.13
2023-05-28 10:00:00+00:00,0.333,0.3442,0.3326,0.341,9748292.18
2023-05-28 11:00:00+00:00,0.341,0.3429,0.3382,0.3426,6961841.35
2023-05-28 12:00:00+00:00,0.3426,0.3426,0.3373,0.3384,3823026.67
2023-05-28 13:00:00+00:00,0.3384,0.342,0.3374,0.3404,2645650.6
2023-05-28 14:00:00+00:00,0.3404,0.3404,0.3383,0.3393,1626653.67
2023-05-28 15:00:00+00:00,0.3393,0.3409,0.3374,0.3391,2189618.48
2023-05-28 16:00:00+00:00,0.3391,0.3421,0.3377,0.3409,2357074.3
2023-05-28 17:00:00+00:00,0.3409,0.343,0.339,0.3416,2372633.87
2023-05-28 18:00:00+00:00,0.3416,0.3468,0.341,0.3437,4969188.39
2023-05-28 19:00:00+00:00,0.3437,0.3439,0.3401,0.3406,3771455.86
2023-05-28 20:00:00+00:00,0.3406,0.3419,0.3406,0.3409,1901931.57
2023-05-28 21:00:00+00:00,0.3409,0.345,0.3391,0.344,3374929.03
2023-05-28 22:00:00+00:00,0.344,0.3522,0.344,0.3518,13428137.78
2023-05-28 23:00:00+00:00,0.3518,0.3527,0.3473,0.3483,6081373.83
2023-05-29 00:00:00+00:00,0.3483,0.3507,0.3469,0.3477,5231935.39
2023-05-29 01:00:00+00:00,0.3477,0.3511,0.3471,0.348,3315796.66
2023-05-29 02:00:00+00:00,0.348,0.3485,0.344,0.3459,3932291.39
2023-05-29 03:00:00+00:00,0.3459,0.3465,0.3417,0.3423,3173147.92
2023-05-29 04:00:00+00:00,0.3423,0.3432,0.3397,0.3418,3721475.38
2023-05-29 05:00:00+00:00,0.3418,0.3431,0.3413,0.342,2407555.15
2023-05-29 06:00:00+00:00,0.342,0.3436,0.3403,0.3436,2886676.68
2023-05-29 07:00:00+00:00,0.3436,0.3436,0.3404,0.3416,3049222.48
2023-05-29 08:00:00+00:00,0.3416,0.342,0.3398,0.3405,2489313.44
2023-05-29 09:00:00+00:00,0.3405,0.3408,0.338,0.3404,4081642.51
2023-05-29 10:00:00+00:00,0.3404,0.3412,0.3365,0.3383,5751721.86
2023-05-29 11:00:00+00:00,0.3383,0.3409,0.3377,0.3405,2637708.11
2023-05-29 12:00:00+00:00,0.3405,0.3408,0.3381,0.3389,3279920.07
2023-05-29 13:00:00+00:00,0.3389,0.3402,0.3371,0.3384,2971859.37
2023-05-29 14:00:00+00:00,0.3384,0.3394,0.3355,0.3364,4442178.34
2023-05-29 15:00:00+00:00,0.3364,0.3377,0.3332,0.3342,6027534.9
2023-05-29 16:00:00+00:00,0.3342,0.3352,0.3319,0.3323,6765067.77
2023-05-29 17:00:00+00:00,0.3323,0.3359,0.3316,0.3352,3915501.49
2023-05-29 18:00:00+00:00,0.3352,0.3372,0.3341,0.3346,4198006.9
2023-05-29 19:00:00+00:00,0.3346,0.3357,0.333,0.3339,2187750.36
2023-05-29 20:00:00+00:00,0.3339,0.3353,0.3333,0.3346,1925793.84
2023-05-29 21:00:00+00:00,0.3346,0.336,0.3342,0.3343,2271977.1
2023-05-29 22:00:00+00:00,0.3343,0.3345,0.3306,0.3338,4567721.14
2023-05-29 23:00:00+00:00,0.3338,0.336,0.3327,0.3329,3206097.72
2023-05-30 00:00:00+00:00,0.3329,0.3331,0.3285,0.3307,5514439.43
2023-05-30 01:00:00+00:00,0.3307,0.3316,0.3293,0.331,3075617.82
2023-05-30 02:00:00+00:00,0.331,0.3313,0.329,0.3298,2354544.15
2023-05-30 03:00:00+00:00,0.3298,0.3325,0.3293,0.3299,3842489.92
2023-05-30 04:00:00+00:00,0.3299,0.3306,0.3264,0.3276,4298660.71
2023-05-30 05:00:00+00:00,0.3276,0.3281,0.3225,0.3262,6323004.5
2023-05-30 06:00:00+00:00,0.3262,0.3285,0.3259,0.3275,3225485.67
2023-05-30 07:00:00+00:00,0.3275,0.3285,0.3253,0.3254,3609329.63
2023-05-30 08:00:00+00:00,0.3254,0.3293,0.3252,0.3282,3158844.11
2023-05-30 09:00:00+00:00,0.3282,0.3315,0.3276,0.3304,4009385.64
2023-05-30 10:00:00+00:00,0.3304,0.3345,0.3304,0.3328,4700505.03
2023-05-30 11:00:00+00:00,0.3328,0.3351,0.332,0.3344,2606927.84
2023-05-30 12:00:00+00:00,0.3344,0.3344,0.3302,0.3328,4327262.39
2023-05-30 13:00:00+00:00,0.3328,0.3331,0.3275,0.3276,5189074.34
2023-05-30 14:00:00+00:00,0.3276,0.3291,0.3262,0.3271,5633670.64
2023-05-30 15:00:00+00:00,0.3271,0.3289,0.3265,0.3276,3714277.61
2023-05-30 16:00:00+00:00,0.3276,0.3285,0.3249,0.3262,5415553.2
2023-05-30 17:00:00+00:00,0.3262,0.3281,0.3248,0.3271,3142005.24
2023-05-30 18:00:00+00:00,0.3271,0.3306,0.3263,0.3299,2917382.29
2023-05-30 19:00:00+00:00,0.3299,0.3303,0.3283,0.3291,1758816.97
2023-05-30 20:00:00+00:00,0.3291,0.33,0.328,0.328,2912452.75
2023-05-30 21:00:00+00:00,0.328,0.33,0.3269,0.3285,1768729.1
2023-05-30 22:00:00+00:00,0.3285,0.3294,0.3274,0.329,1138013.02
2023-05-30 23:00:00+00:00,0.329,0.3295,0.3279,0.3281,1934943.01
2023-05-31 00:00:00+00:00,0.3281,0.3308,0.3268,0.3308,1629695.16
2023-05-31 01:00:00+00:00,0.3308,0.331,0.3287,0.3289,1690514.1
2023-05-31 02:00:00+00:00,0.3289,0.3291,0.3252,0.3272,3453274.46
2023-05-31 03:00:00+00:00,0.3272,0.3288,0.3264,0.3284,2152034.47
2023-05-31 04:00:00+00:00,0.3284,0.3286,0.3189,0.3202,8612088.99
2023-05-31 05:00:00+00:00,0.3202,0.3226,0.3168,0.3194,8201730.7
2023-05-31 06:00:00+00:00,0.3194,0.3215,0.3182,0.3199,3947870.25
2023-05-31 07:00:00+00:00,0.3199,0.3215,0.319,0.3198,2599033.89
2023-05-31 08:00:00+00:00,0.3198,0.3209,0.3178,0.3183,4136607.04
2023-05-31 09:00:00+00:00,0.3183,0.3191,0.3162,0.3172,5930522.12
2023-05-31 10:00:00+00:00,0.3172,0.3177,0.3109,0.3133,11085832.86
2023-05-31 11:00:00+00:00,0.3133,0.3143,0.3122,0.3132,5363117.34
2023-05-31 12:00:00+00:00,0.3132,0.3144,0.3121,0.3128,5773874.49
2023-05-31 13:00:00+00:00,0.3128,0.315,0.3125,0.3127,3339475.85
2023-05-31 14:00:00+00:00,0.3127,0.3137,0.3084,0.3131,8271340.3
2023-05-31 15:00:00+00:00,0.3131,0.3136,0.3118,0.3118,2292388.65
2023-05-31 16:00:00+00:00,0.3118,0.3124,0.31,0.3103,5176907.48
2023-05-31 17:00:00+00:00,0.3103,0.3135,0.3095,0.3131,3088533.66
2023-05-31 18:00:00+00:00,0.3131,0.314,0.3107,0.3115,4193230.26
2023-05-31 19:00:00+00:00,0.3115,0.3123,0.3109,0.3112,2047150.09
2023-05-31 20:00:00+00:00,0.3112,0.3125,0.3102,0.3104,1706479.13
2023-05-31 21:00:00+00:00,0.3104,0.3104,0.3076,0.3093,2285677.95
2023-05-31 22:00:00+00:00,0.3093,0.3129,0.3093,0.3112,4530553.5
2023-05-31 23:00:00+00:00,0.3112,0.3137,0.3106,0.3124,1703622.55
2023-06-01 00:00:00+00:00,0.3124,0.3148,0.3106,0.3119,7511884.11
2023-06-01 01:00:00+00:00,0.3119,0.3132,0.3112,0.3119,2739093.11
2023-06-01 02:00:00+00:00,0.3119,0.3122,0.3068,0.3079,4800508.19
2023-06-01 03:00:00+00:00,0.3079,0.3141,0.3061,0.3132,5359463.41
2023-06-01 04:00:00+00:00,0.3132,0.314,0.3117,0.3122,3642720.25
2023-06-01 05:00:00+00:00,0.3122,0.3131,0.3115,0.3124,1907741.89
2023-06-01 06:00:00+00:00,0.3124,0.3129,0.3112,0.3112,2244381.57
2023-06-01 07:00:00+00:00,0.3112,0.312,0.3101,0.3108,2132884.88
2023-06-01 08:00:00+00:00,0.3108,0.3134,0.3103,0.3131,1792496.79
2023-06-01 09:00:00+00:00,0.3131,0.3161,0.3125,0.3141,4304775.63
2023-06-01 10:00:00+00:00,0.3141,0.3145,0.3126,0.3137,3532004.85
2023-06-01 11:00:00+00:00,0.3137,0.3155,0.313,0.3151,4025739.46
2023-06-01 12:00:00+00:00,0.3151,0.3159,0.3133,0.3155,3781354.94
2023-06-01 13:00:00+00:00,0.3155,0.3172,0.3148,0.3153,3566475.79
2023-06-01 14:00:00+00:00,0.3153,0.317,0.3141,0.3159,2264674.79
2023-06-01 15:00:00+00:00,0.3159,0.3164,0.3144,0.3149,3007091.91
2023-06-01 16:00:00+00:00,0.3149,0.3175,0.3128,0.3166,3766801.48
2023-06-01 17:00:00+00:00,0.3166,0.3173,0.3144,0.315,3014531.72
2023-06-01 18:00:00+00:00,0.315,0.3169,0.3147,0.316,2045761.62
2023-06-01 19:00:00+00:00,0.316,0.3165,0.3112,0.3146,4435898.9
2023-06-01 20:00:00+00:00,0.3146,0.3154,0.3125,0.313,2225765.08
2023-06-01 21:00:00+00:00,0.313,0.3139,0.3116,0.3122,2185114.98
2023-06-01 22:00:00+00:00,0.3122,0.3125,0.3112,0.3121,1746482.35
2023-06-01 23:00:00+00:00,0.3121,0.3123,0.3095,0.3115,1961468.04
2023-06-02 00:00:00+00:00,0.3115,0.3124,0.307,0.3123,4392827.46
2023-06-02 01:00:00+00:00,0.3123,0.3141,0.3108,0.3131,2256130.72
2023-06-02 02:00:00+00:00,0.3131,0.3165,0.313,0.3156,2531004.57
2023-06-02 03:00:00+00:00,0.3156,0.3164,0.3144,0.3162,2204255.04
2023-06-02 04:00:00+00:00,0.3162,0.319,0.3154,0.3188,2654064.66
2023-06-02 05:00:00+00:00,0.3188,0.3206,0.3182,0.3196,2963450.34
2023-06-02 06:00:00+00:00,0.3196,0.3204,0.3186,0.3196,1644500.58
2023-06-02 07:00:00+00:00,0.3196,0.3219,0.3192,0.3213,3680273.66
2023-06-02 08:00:00+00:00,0.3213,0.3244,0.321,0.3237,3569434.25
2023-06-02 09:00:00+00:00,0.3237,0.3256,0.3213,0.3215,6034509.84
2023-06-02 10:00:00+00:00,0.3215,0.322,0.3208,0.3219,2564531.84
2023-06-02 11:00:00+00:00,0.3219,0.3223,0.3209,0.3217,2386642.82
2023-06-02 12:00:00+00:00,0.3217,0.3232,0.3192,0.3206,6617951.01
2023-06-02 13:00:00+00:00,0.3206,0.3213,0.3168,0.3176,4844563.65
2023-06-02 14:00:00+00:00,0.3176,0.3197,0.3171,0.3197,2726617.71
2023-06-02 15:00:00+00:00,0.3197,0.3218,0.3194,0.3217,2164969.32
2023-06-02 16:00:00+00:00,0.3217,0.322,0.32,0.3206,1701194.36
2023-06-02 17:00:00+00:00,0.3206,0.3211,0.3201,0.3205,1410188.24
2023-06-02 18:00:00+00:00,0.3205,0.3228,0.3196,0.3224,3275461.35
2023-06-02 19:00:00+00:00,0.3224,0.3236,0.3217,0.3227,2710812.4
2023-06-02 20:00:00+00:00,0.3227,0.3238,0.3221,0.3223,1514391.1
2023-06-02 21:00:00+00:00,0.3223,0.3234,0.3207,0.3226,1476707.45
2023-06-02 22:00:00+00:00,0.3226,0.3245,0.3226,0.3231,1841131.0
2023-06-02 23:00:00+00:00,0.3231,0.3238,0.3223,0.3229,1456795.87
2023-06-03 00:00:00+00:00,0.3229,0.323,0.3202,0.3207,1657651.27
2023-06-03 01:00:00+00:00,0.3207,0.322,0.3196,0.3202,1206747.53
2023-06-03 02:00:00+00:00,0.3202,0.3215,0.32,0.3204,967110.36
2023-06-03 03:00:00+00:00,0.3204,0.3211,0.3201,0.3209,573679.38
2023-06-03 04:00:00+00:00,0.3209,0.3222,0.3202,0.3222,1042530.14
2023-06-03 05:00:00+00:00,0.3222,0.3224,0.3207,0.321,921408.31
2023-06-03 06:00:00+00:00,0.321,0.3227,0.321,0.3224,1028455.6
2023-06-03 07:00:00+00:00,0.3224,0.3246,0.3222,0.3243,2247854.09
2023-06-03 08:00:00+00:00,0.3243,0.3247,0.3217,0.3218,2102091.18
2023-06-03 09:00:00+00:00,0.3218,0.3237,0.3217,0.3229,1790036.99
2023-06-03 10:00:00+00:00,0.3229,0.325,0.3221,0.3241,2520499.82
2023-06-03 11:00:00+00:00,0.3241,0.327,0.324,0.3242,4624104.6
2023-06-03 12:00:00+00:00,0.3242,0.325,0.3234,0.324,2240370.43
2023-06-03 13:00:00+00:00,0.324,0.324,0.3222,0.3232,2682299.2
2023-06-03 14:00:00+00:00,0.3232,0.3239,0.3226,0.3232,1063310.4
2023-06-03 15:00:00+00:00,0.3232,0.3235,0.3213,0.3231,2605634.45
2023-06-03 16:00:00+00:00,0.3231,0.3234,0.3214,0.3217,1411892.17
2023-06-03 17:00:00+00:00,0.3217,0.3217,0.3187,0.3198,3185732.59
2023-06-03 18:00:00+00:00,0.3198,0.321,0.3183,0.3198,1460733.84
2023-06-03 19:00:00+00:00,0.3198,0.3201,0.3172,0.3188,2801029.71
2023-06-03 20:00:00+00:00,0.3188,0.3202,0.3184,0.3192,1321040.35
2023-06-03 21:00:00+00:00,0.3192,0.3197,0.3174,0.3187,1825114.3
2023-06-03 22:00:00+00:00,0.3187,0.3206,0.3184,0.3202,886916.8
2023-06-03 23:00:00+00:00,0.3202,0.3209,0.3198,0.3209,951650.46
2023-06-04 00:00:00+00:00,0.3209,0.3212,0.3182,0.3186,1544332.36
2023-06-04 01:00:00+00:00,0.3186,0.3198,0.3173,0.3193,1645936.25
2023-06-04 02:00:00+00:00,0.3193,0.3205,0.3192,0.3199,1018325.59
2023-06-04 03:00:00+00:00,0.3199,0.3208,0.3196,0.3197,1447566.74
2023-06-04 04:00:00+00:00,0.3197,0.3203,0.3183,0.319,1486307.03
2023-06-04 05:00:00+00:00,0.319,0.319,0.3178,0.3184,2205636.44
2023-06-04 06:00:00+00:00,0.3184,0.3208,0.3179,0.3203,1770620.13
2023-06-04 07:00:00+00:00,0.3203,0.3208,0.3198,0.3206,1262442.9
2023-06-04 08:00:00+00:00,0.3206,0.3208,0.3193,0.3202,1214959.94
2023-06-04 09:00:00+00:00,0.3202,0.3219,0.3202,0.3218,2338469.63
2023-06-04 10:00:00+00:00,0.3218,0.3221,0.321,0.321,1130073.76
2023-06-04 11:00:00+00:00,0.321,0.3214,0.32,0.3202,1531783.76
2023-06-04 12:00:00+00:00,0.3202,0.3211,0.3197,0.321,1201007.13
2023-06-04 13:00:00+00:00,0.321,0.3222,0.3204,0.3205,2161336.92
2023-06-04 14:00:00+00:00,0.3205,0.3207,0.3183,0.3198,2652678.91
2023-06-04 15:00:00+00:00,0.3198,0.3199,0.3185,0.3194,1257532.9
2023-06-04 16:00:00+00:00,0.3194,0.3202,0.3182,0.3198,1343232.59
2023-06-04 17:00:00+00:00,0.3198,0.3214,0.3197,0.3201,1341497.54
2023-06-04 18:00:00+00:00,0.3201,0.3236,0.3197,0.3235,2332252.2
2023-06-04 19:00:00+00:00,0.3235,0.3253,0.3223,0.3251,2667821.71
2023-06-04 20:00:00+00:00,0.3251,0.3296,0.325,0.3292,5581324.7
2023-06-04 21:00:00+00:00,0.3292,0.3312,0.327,0.3294,6691103.41
2023-06-04 22:00:00+00:00,0.3294,0.332,0.3282,0.3311,5419230.59
2023-06-04 23:00:00+00:00,0.3311,0.3336,0.326,0.3266,7046222.8
2023-06-05 00:00:00+00:00,0.3266,0.3312,0.3239,0.3262,9587914.35
2023-06-05 01:00:00+00:00,0.3262,0.3268,0.3217,0.3236,6193082.18
2023-06-05 02:00:00+00:00,0.3236,0.3246,0.3174,0.3187,4603068.74
2023-06-05 03:00:00+00:00,0.3187,0.3199,0.3168,0.3177,4119041.2
2023-06-05 04:00:00+00:00,0.3177,0.319,0.3166,0.3178,2079129.88
2023-06-05 05:00:00+00:00,0.3178,0.3178,0.3131,0.3145,5875968.3
2023-06-05 06:00:00+00:00,0.3145,0.3201,0.3142,0.32,6199560.97
2023-06-05 07:00:00+00:00,0.32,0.3267,0.3185,0.3218,11801068.0
2023-06-05 08:00:00+00:00,0.3218,0.3236,0.3205,0.3227,3501536.91
2023-06-05 09:00:00+00:00,0.3227,0.3231,0.3193,0.3195,3103509.58
2023-06-05 10:00:00+00:00,0.3195,0.3207,0.3182,0.3191,3793011.16
2023-06-05 11:00:00+00:00,0.3191,0.322,0.3188,0.3204,2825484.59
2023-06-05 12:00:00+00:00,0.3204,0.3205,0.317,0.3179,2453810.0
2023-06-05 13:00:00+00:00,0.3179,0.318,0.3145,0.3165,5151704.24
2023-06-05 14:00:00+00:00,0.3165,0.3181,0.3156,0.3174,2184805.26
2023-06-05 15:00:00+00:00,0.3174,0.3177,0.2926,0.2928,33294558.89
2023-06-05 16:00:00+00:00,0.2928,0.2948,0.2798,0.2915,37546676.58
2023-06-05 17:00:00+00:00,0.2915,0.2915,0.2847,0.2897,8010073.5
2023-06-05 18:00:00+00:00,0.2897,0.2897,0.2854,0.2862,5638835.86
2023-06-05 19:00:00+00:00,0.2862,0.2908,0.2838,0.2899,9322718.31
2023-06-05 20:00:00+00:00,0.2899,0.2927,0.2894,0.2909,3314314.53
2023-06-05 21:00:00+00:00,0.2909,0.2909,0.2869,0.29,3588058.09
2023-06-05 22:00:00+00:00,0.29,0.2902,0.2884,0.29,1365859.07
2023-06-05 23:00:00+00:00,0.29,0.2922,0.2894,0.2911,1602442.98
2023-06-06 00:00:00+00:00,0.2911,0.2926,0.2898,0.2912,1703154.84
2023-06-06 01:00:00+00:00,0.2912,0.2915,0.2874,0.2882,2348603.55
2023-06-06 02:00:00+00:00,0.2882,0.2902,0.2871,0.2898,2422133.04
2023-06-06 03:00:00+00:00,0.2898,0.2902,0.2889,0.2892,1157819.16
2023-06-06 04:00:00+00:00,0.2892,0.293,0.2884,0.2926,1718580.4
2023-06-06 05:00:00+00:00,0.2926,0.2927,0.2906,0.2913,1456770.78
2023-06-06 06:00:00+00:00,0.2913,0.2914,0.2901,0.2906,1150455.74
2023-06-06 07:00:00+00:00,0.2906,0.2922,0.29,0.291,1516201.27
2023-06-06 08:00:00+00:00,0.291,0.293,0.2909,0.2916,1633176.68
2023-06-06 09:00:00+00:00,0.2916,0.2942,0.291,0.2935,1976131.39
2023-06-06 10:00:00+00:00,0.2935,0.296,0.293,0.2947,2420923.73
2023-06-06 11:00:00+00:00,0.2947,0.2951,0.2914,0.2922,2359117.3
2023-06-06 12:00:00+00:00,0.2922,0.2931,0.286,0.289,11051892.73
2023-06-06 13:00:00+00:00,0.289,0.2939,0.2862,0.2937,8419823.04
2023-06-06 14:00:00+00:00,0.2937,0.2994,0.2937,0.2974,11503907.94
2023-06-06 15:00:00+00:00,0.2974,0.299,0.2947,0.2989,5212912.46
2023-06-06 16:00:00+00:00,0.2989,0.3024,0.2979,0.3022,5053017.65
2023-06-06 17:00:00+00:00,0.3022,0.3056,0.3015,0.3031,6840987.78
2023-06-06 18:00:00+00:00,0.3031,0.3049,0.3027,0.303,2600795.02
2023-06-06 19:00:00+00:00,0.303,0.3098,0.303,0.3068,6116137.0
2023-06-06 20:00:00+00:00,0.3068,0.3078,0.3012,0.3015,6395668.26
2023-06-06 21:00:00+00:00,0.3015,0.3055,0.3015,0.3047,2206899.48
2023-06-06 22:00:00+00:00,0.3047,0.3063,0.3023,0.3054,3709805.48
2023-06-06 23:00:00+00:00,0.3054,0.3067,0.3045,0.305,2150319.25
2023-06-07 00:00:00+00:00,0.305,0.3066,0.303,0.3038,2639477.42
2023-06-07 01:00:00+00:00,0.3038,0.3041,0.3007,0.301,2038734.15
2023-06-07 02:00:00+00:00,0.301,0.3016,0.3003,0.3006,2151353.95
2023-06-07 03:00:00+00:00,0.3006,0.3018,0.299,0.3008,3116258.7
2023-06-07 04:00:00+00:00,0.3008,0.3025,0.3006,0.3018,1992178.35
2023-06-07 05:00:00+00:00,0.3018,0.3026,0.3015,0.3018,936785.15
2023-06-07 06:00:00+00:00,0.3018,0.3034,0.3005,0.3009,1812733.72
2023-06-07 07:00:00+00:00,0.3009,0.3017,0.2994,0.3009,2249321.99
2023-06-07 08:00:00+00:00,0.3009,0.3027,0.3009,0.3026,1436547.18
2023-06-07 09:00:00+00:00,0.3026,0.303,0.2951,0.2957,4577859.95
2023-06-07 10:00:00+00:00,0.2957,0.2993,0.2924,0.2977,4687845.94
2023-06-07 11:00:00+00:00,0.2977,0.303,0.2976,0.3013,3211797.6
2023-06-07 12:00:00+00:00,0.3013,0.3016,0.2985,0.299,2463371.95
2023-06-07 13:00:00+00:00,0.299,0.2992,0.2957,0.2974,4223081.76
2023-06-07 14:00:00+00:00,0.2974,0.2974,0.288,0.2913,12518087.48
2023-06-07 15:00:00+00:00,0.2913,0.2936,0.2895,0.2908,6305985.02
2023-06-07 16:00:00+00:00,0.2908,0.2923,0.2895,0.2903,5503246.87
2023-06-07 17:00:00+00:00,0.2903,0.2925,0.2886,0.2911,3844940.56
2023-06-07 18:00:00+00:00,0.2911,0.2931,0.2903,0.2922,2031849.96
2023-06-07 19:00:00+00:00,0.2922,0.2948,0.2912,0.2938,2657521.12
2023-06-07 20:00:00+00:00,0.2938,0.2941,0.2914,0.2917,2558997.24
2023-06-07 21:00:00+00:00,0.2917,0.2929,0.2876,0.2882,4571066.55
2023-06-07 22:00:00+00:00,0.2882,0.2924,0.288,0.2906,3395863.22
2023-06-07 23:00:00+00:00,0.2906,0.2925,0.29,0.292,2092215.03
2023-06-08 00:00:00+00:00,0.292,0.2925,0.2897,0.2917,2478546.67
2023-06-08 01:00:00+00:00,0.2917,0.2931,0.2915,0.2922,1447803.55
2023-06-08 02:00:00+00:00,0.2922,0.2923,0.2891,0.2892,1798611.04
2023-06-08 03:00:00+00:00,0.2892,0.2893,0.2857,0.2884,3795027.28
2023-06-08 04:00:00+00:00,0.2884,0.2895,0.2876,0.2885,2119209.02
2023-06-08 05:00:00+00:00,0.2885,0.2899,0.2873,0.2875,1517733.59
2023-06-08 06:00:00+00:00,0.2875,0.2893,0.2861,0.2889,2751548.29
2023-06-08 07:00:00+00:00,0.2889,0.2914,0.2889,0.2899,2832553.19
2023-06-08 08:00:00+00:00,0.2899,0.2918,0.2894,0.2912,1958046.0
2023-06-08 09:00:00+00:00,0.2912,0.2915,0.2892,0.2896,1639881.98
2023-06-08 10:00:00+00:00,0.2896,0.2926,0.2889,0.2923,4221296.05
2023-06-08 11:00:00+00:00,0.2923,0.2937,0.2919,0.293,2124525.1
2023-06-08 12:00:00+00:00,0.293,0.2975,0.2924,0.2948,5973020.94
2023-06-08 13:00:00+00:00,0.2948,0.2958,0.2926,0.2944,5935924.09
2023-06-08 14:00:00+00:00,0.2944,0.3011,0.293,0.2999,7040533.43
2023-06-08 15:00:00+00:00,0.2999,0.3009,0.2967,0.2969,6657444.69
2023-06-08 16:00:00+00:00,0.2969,0.2977,0.293,0.2955,3063014.52
2023-06-08 17:00:00+00:00,0.2955,0.2955,0.2934,0.2945,2364375.45
2023-06-08 18:00:00+00:00,0.2945,0.2977,0.2932,0.2966,2611245.44
2023-06-08 19:00:00+00:00,0.2966,0.2979,0.2963,0.2966,2153080.28
2023-06-08 20:00:00+00:00,0.2966,0.2985,0.2964,0.2979,1523617.43
2023-06-08 21:00:00+00:00,0.2979,0.2979,0.2958,0.2965,1717527.32
2023-06-08 22:00:00+00:00,0.2965,0.298,0.2959,0.297,2100592.74
2023-06-08 23:00:00+00:00,0.297,0.2973,0.2954,0.2959,1497807.71
2023-06-09 00:00:00+00:00,0.2959,0.2964,0.2936,0.2939,3202044.38
2023-06-09 01:00:00+00:00,0.2939,0.2975,0.2932,0.2946,3229887.59
2023-06-09 02:00:00+00:00,0.2946,0.2949,0.2902,0.2915,4865004.33
2023-06-09 03:00:00+00:00,0.2915,0.2935,0.2906,0.2932,1997832.88
2023-06-09 04:00:00+00:00,0.2932,0.2944,0.2925,0.2932,1150847.2
2023-06-09 05:00:00+00:00,0.2932,0.2944,0.2929,0.2938,1580667.0
2023-06-09 06:00:00+00:00,0.2938,0.2945,0.2929,0.2935,1283509.49
2023-06-09 07:00:00+00:00,0.2935,0.2937,0.2906,0.2922,2723185.82
2023-06-09 08:00:00+00:00,0.2922,0.2947,0.2913,0.2944,2681689.67
2023-06-09 09:00:00+00:00,0.2944,0.295,0.2936,0.2941,2356288.84
2023-06-09 10:00:00+00:00,0.2941,0.2957,0.294,0.2947,2718768.5
2023-06-09 11:00:00+00:00,0.2947,0.2949,0.2928,0.2943,2103819.15
2023-06-09 12:00:00+00:00,0.2943,0.2963,0.2939,0.2961,2737862.59
2023-06-09 13:00:00+00:00,0.2961,0.2973,0.2943,0.2945,3503621.02
2023-06-09 14:00:00+00:00,0.2945,0.2964,0.2924,0.2929,2707012.95
2023-06-09 15:00:00+00:00,0.2929,0.2942,0.2897,0.2913,5048277.99
2023-06-09 16:00:00+00:00,0.2913,0.2925,0.2904,0.291,2523143.93
2023-06-09 17:00:00+00:00,0.291,0.2919,0.2894,0.2918,2226577.15
2023-06-09 18:00:00+00:00,0.2918,0.2919,0.2883,0.289,3600483.08
2023-06-09 19:00:00+00:00,0.289,0.2896,0.2838,0.2845,6936291.57
2023-06-09 20:00:00+00:00,0.2845,0.2877,0.2839,0.2874,3338902.99
2023-06-09 21:00:00+00:00,0.2874,0.2889,0.2874,0.2888,1120646.92
2023-06-09 22:00:00+00:00,0.2888,0.2891,0.2867,0.2873,2640175.69
2023-06-09 23:00:00+00:00,0.2873,0.2878,0.285,0.2864,3804037.36
2023-06-10 00:00:00+00:00,0.2864,0.2868,0.2806,0.2812,5881382.66
2023-06-10 01:00:00+00:00,0.2812,0.2833,0.2736,0.2772,8528894.78
2023-06-10 02:00:00+00:00,0.2772,0.2787,0.2688,0.2732,10016155.39
2023-06-10 03:00:00+00:00,0.2732,0.2747,0.269,0.2691,6705831.58
2023-06-10 04:00:00+00:00,0.2691,0.2717,0.2135,0.2351,61246435.36
2023-06-10 05:00:00+00:00,0.2351,0.2402,0.232,0.2336,18687173.85
2023-06-10 06:00:00+00:00,0.2336,0.2372,0.2283,0.2326,11758525.72
2023-06-10 07:00:00+00:00,0.2326,0.2386,0.2316,0.2359,14566517.13
2023-06-10 08:00:00+00:00,0.2359,0.2389,0.2342,0.2389,9060149.06
2023-06-10 09:00:00+00:00,0.2389,0.2389,0.236,0.2373,6070261.74
2023-06-10 10:00:00+00:00,0.2373,0.2395,0.2368,0.2392,5119497.41
2023-06-10 11:00:00+00:00,0.2392,0.24,0.2362,0.2397,7008144.14
2023-06-10 12:00:00+00:00,0.2397,0.2397,0.2352,0.2358,6311587.42
2023-06-10 13:00:00+00:00,0.2358,0.237,0.2335,0.2352,7930659.9
2023-06-10 14:00:00+00:00,0.2352,0.237,0.2341,0.2365,6130030.14
2023-06-10 15:00:00+00:00,0.2365,0.2371,0.2329,0.2339,5305976.88
2023-06-10 16:00:00+00:00,0.2339,0.2355,0.2327,0.2329,4639810.66
2023-06-10 17:00:00+00:00,0.2329,0.2442,0.2308,0.2417,14866283.89
2023-06-10 18:00:00+00:00,0.2417,0.2424,0.2344,0.2359,8079443.59
2023-06-10 19:00:00+00:00,0.2359,0.2393,0.2352,0.239,2513501.84
2023-06-10 20:00:00+00:00,0.239,0.2402,0.2371,0.2388,3265531.71
2023-06-10 21:00:00+00:00,0.2388,0.241,0.2378,0.2406,2375677.05
2023-06-10 22:00:00+00:00,0.2406,0.2427,0.2396,0.2417,3024924.83
2023-06-10 23:00:00+00:00,0.2417,0.2428,0.2395,0.2399,3535481.53
2023-06-11 00:00:00+00:00,0.2399,0.2423,0.238,0.2387,7772831.94
2023-06-11 01:00:00+00:00,0.2387,0.2405,0.238,0.2396,2871191.04
2023-06-11 02:00:00+00:00,0.2396,0.2402,0.2377,0.2398,2928716.48
2023-06-11 03:00:00+00:00,0.2398,0.2406,0.2386,0.239,2035302.56
2023-06-11 04:00:00+00:00,0.239,0.239,0.2347,0.238,4589962.3
2023-06-11 05:00:00+00:00,0.238,0.24,0.2379,0.2391,1590976.8
2023-06-11 06:00:00+00:00,0.2391,0.24,0.2386,0.2394,1209714.27
2023-06-11 07:00:00+00:00,0.2394,0.2395,0.2373,0.2377,1536403.45
2023-06-11 08:00:00+00:00,0.2377,0.24,0.2375,0.2382,2521043.12
2023-06-11 09:00:00+00:00,0.2382,0.2391,0.2375,0.2378,2566299.81
2023-06-11 10:00:00+00:00,0.2378,0.2415,0.2375,0.2408,3294277.01
2023-06-11 11:00:00+00:00,0.2408,0.2417,0.2399,0.2403,3531836.22
2023-06-11 12:00:00+00:00,0.2403,0.2419,0.2391,0.2391,2070245.72
2023-06-11 13:00:00+00:00,0.2391,0.2396,0.2366,0.2375,4326543.7
2023-06-11 14:00:00+00:00,0.2375,0.2399,0.237,0.2376,2770101.05
2023-06-11 15:00:00+00:00,0.2376,0.238,0.2354,0.2358,3374894.93
2023-06-11 16:00:00+00:00,0.2358,0.2408,0.2352,0.2397,7622121.67
2023-06-11 17:00:00+00:00,0.2397,0.2429,0.2397,0.2417,6738825.98
2023-06-11 18:00:00+00:00,0.2417,0.2435,0.2411,0.2414,3414718.03
2023-06-11 19:00:00+00:00,0.2414,0.2465,0.2406,0.2446,7672567.81
2023-06-11 20:00:00+00:00,0.2446,0.2478,0.2441,0.2442,4695590.84
2023-06-11 21:00:00+00:00,0.2442,0.2452,0.2415,0.2423,6018656.45
2023-06-11 22:00:00+00:00,0.2423,0.2428,0.2381,0.2407,6742896.74
2023-06-11 23:00:00+00:00,0.2407,0.2414,0.2393,0.2404,2169972.79
2023-06-12 00:00:00+00:00,0.2404,0.2406,0.2373,0.2395,5524474.21
2023-06-12 01:00:00+00:00,0.2395,0.2408,0.238,0.239,3796047.53
2023-06-12 02:00:00+00:00,0.239,0.2399,0.2315,0.2352,10686954.96
2023-06-12 03:00:00+00:00,0.2352,0.2384,0.2344,0.2375,2981429.72
2023-06-12 04:00:00+00:00,0.2375,0.2411,0.2374,0.2403,3326034.49
2023-06-12 05:00:00+00:00,0.2403,0.2412,0.2393,0.2402,3130430.94
2023-06-12 06:00:00+00:00,0.2402,0.2459,0.2402,0.2424,4715914.22
2023-06-12 07:00:00+00:00,0.2424,0.2428,0.2396,0.2406,3408686.01
2023-06-12 08:00:00+00:00,0.2406,0.2462,0.2397,0.2458,5159078.78
2023-06-12 09:00:00+00:00,0.2458,0.2476,0.2442,0.2454,6895517.73
2023-06-12 10:00:00+00:00,0.2454,0.2469,0.2445,0.2459,3424444.87
2023-06-12 11:00:00+00:00,0.2459,0.246,0.2443,0.2454,2035336.55
2023-06-12 12:00:00+00:00,0.2454,0.2457,0.2442,0.245,1943937.48
2023-06-12 13:00:00+00:00,0.245,0.2452,0.2425,0.2441,3201342.44
2023-06-12 14:00:00+00:00,0.2441,0.2459,0.2423,0.2444,4733007.5
2023-06-12 15:00:00+00:00,0.2444,0.2448,0.243,0.243,2315699.42
2023-06-12 16:00:00+00:00,0.243,0.2436,0.2414,0.2422,5307640.84
2023-06-12 17:00:00+00:00,0.2422,0.2451,0.239,0.2428,7213799.04
2023-06-12 18:00:00+00:00,0.2428,0.243,0.2409,0.2428,3357987.08
2023-06-12 19:00:00+00:00,0.2428,0.2437,0.241,0.2433,2909025.22
2023-06-12 20:00:00+00:00,0.2433,0.2452,0.2423,0.2426,3316924.64
2023-06-12 21:00:00+00:00,0.2426,0.2458,0.2423,0.2456,2814458.58
2023-06-12 22:00:00+00:00,0.2456,0.2464,0.2442,0.2458,2825508.27
2023-06-12 23:00:00+00:00,0.2458,0.246,0.2445,0.245,4033414.7
2023-06-13 00:00:00+00:00,0.245,0.2472,0.2439,0.2447,2388949.86
2023-06-13 01:00:00+00:00,0.2447,0.2493,0.2437,0.2458,4427655.98
2023-06-13 02:00:00+00:00,0.2458,0.2494,0.245,0.249,4109712.22
2023-06-13 03:00:00+00:00,0.249,0.2516,0.2481,0.2499,11396690.6
2023-06-13 04:00:00+00:00,0.2499,0.25,0.2457,0.2492,3101970.81
2023-06-13 05:00:00+00:00,0.2492,0.2522,0.249,0.252,3283411.25
2023-06-13 06:00:00+00:00,0.252,0.2537,0.2518,0.2529,3131441.35
2023-06-13 07:00:00+00:00,0.2529,0.2536,0.2511,0.2514,3873776.24
2023-06-13 08:00:00+00:00,0.2514,0.2656,0.2514,0.2643,28606338.37
2023-06-13 09:00:00+00:00,0.2643,0.265,0.2608,0.2616,6588543.62
2023-06-13 10:00:00+00:00,0.2616,0.2638,0.2607,0.2626,4739508.99
2023-06-13 11:00:00+00:00,0.2626,0.2666,0.2626,0.2662,8006265.62
2023-06-13 12:00:00+00:00,0.2662,0.2722,0.2593,0.2642,25822252.21
2023-06-13 13:00:00+00:00,0.2642,0.266,0.2609,0.2609,7568209.32
2023-06-13 14:00:00+00:00,0.2609,0.2614,0.2575,0.2586,7542690.38
2023-06-13 15:00:00+00:00,0.2586,0.259,0.2525,0.253,9141286.08
2023-06-13 16:00:00+00:00,0.253,0.2549,0.2528,0.2541,3736668.35
2023-06-13 17:00:00+00:00,0.2541,0.2565,0.2539,0.2564,3110716.91
2023-06-13 18:00:00+00:00,0.2564,0.2601,0.2557,0.2587,4365259.65
2023-06-13 19:00:00+00:00,0.2587,0.261,0.2583,0.2587,2410571.34
2023-06-13 20:00:00+00:00,0.2587,0.2626,0.2571,0.2618,5170242.62
2023-06-13 21:00:00+00:00,0.2618,0.2632,0.2597,0.2598,4359563.98
2023-06-13 22:00:00+00:00,0.2598,0.2605,0.2578,0.2583,2455616.22
2023-06-13 23:00:00+00:00,0.2583,0.2607,0.2583,0.2606,2146979.52
2023-06-14 00:00:00+00:00,0.2606,0.2626,0.2592,0.2621,5082374.59
2023-06-14 01:00:00+00:00,0.2621,0.2643,0.2608,0.2643,3837940.27
2023-06-14 02:00:00+00:00,0.2643,0.2646,0.2624,0.2635,4974629.18
2023-06-14 03:00:00+00:00,0.2635,0.2638,0.2618,0.2636,3105524.59
2023-06-14 04:00:00+00:00,0.2636,0.2642,0.2628,0.2631,2710301.99
2023-06-14 05:00:00+00:00,0.2631,0.2634,0.2598,0.2602,5060002.12
2023-06-14 06:00:00+00:00,0.2602,0.2625,0.26,0.2619,2270607.83
2023-06-14 07:00:00+00:00,0.2619,0.2629,0.2595,0.2605,3464638.85
2023-06-14 08:00:00+00:00,0.2605,0.263,0.2603,0.2615,3051204.78
2023-06-14 09:00:00+00:00,0.2615,0.263,0.2606,0.2626,3622801.55
2023-06-14 10:00:00+00:00,0.2626,0.2635,0.262,0.2631,3001661.82
2023-06-14 11:00:00+00:00,0.2631,0.264,0.2618,0.2631,2738395.16
2023-06-14 12:00:00+00:00,0.2631,0.2647,0.2627,0.2644,3396344.25
2023-06-14 13:00:00+00:00,0.2644,0.2648,0.2608,0.2619,4493106.51
2023-06-14 14:00:00+00:00,0.2619,0.2637,0.2614,0.2634,5197804.95
2023-06-14 15:00:00+00:00,0.2634,0.2641,0.2612,0.2619,2271465.76
2023-06-14 16:00:00+00:00,0.2619,0.2645,0.2614,0.2638,2949146.56
2023-06-14 17:00:00+00:00,0.2638,0.2671,0.2635,0.2669,5182407.7
2023-06-14 18:00:00+00:00,0.2669,0.2679,0.2605,0.266,10818504.85
2023-06-14 19:00:00+00:00,0.266,0.2675,0.2614,0.2618,5853019.82
2023-06-14 20:00:00+00:00,0.2618,0.2621,0.2451,0.2473,42404949.14
2023-06-14 21:00:00+00:00,0.2473,0.2531,0.2464,0.2529,7351598.93
2023-06-14 22:00:00+00:00,0.2529,0.253,0.2504,0.2519,3439012.71
2023-06-14 23:00:00+00:00,0.2519,0.2547,0.2517,0.2544,2783031.57
2023-06-15 00:00:00+00:00,0.2544,0.2583,0.2536,0.2583,3071904.84
2023-06-15 01:00:00+00:00,0.2583,0.2583,0.2535,0.2547,3396987.79
2023-06-15 02:00:00+00:00,0.2547,0.2558,0.2541,0.255,2868194.7
2023-06-15 03:00:00+00:00,0.255,0.2574,0.2548,0.2569,2590381.44
2023-06-15 04:00:00+00:00,0.2569,0.2573,0.2544,0.2552,2326831.94
2023-06-15 05:00:00+00:00,0.2552,0.256,0.2525,0.2547,3200833.04
2023-06-15 06:00:00+00:00,0.2547,0.2554,0.2513,0.2517,4315515.65
2023-06-15 07:00:00+00:00,0.2517,0.2522,0.2492,0.2506,5269508.08
2023-06-15 08:00:00+00:00,0.2506,0.2529,0.2503,0.2503,2951954.69
2023-06-15 09:00:00+00:00,0.2503,0.2508,0.2472,0.249,5619250.67
2023-06-15 10:00:00+00:00,0.249,0.25,0.247,0.2476,3098526.27
2023-06-15 11:00:00+00:00,0.2476,0.2515,0.2455,0.2515,6764867.29
2023-06-15 12:00:00+00:00,0.2515,0.2522,0.2485,0.2503,3790150.22
2023-06-15 13:00:00+00:00,0.2503,0.2543,0.2494,0.2538,4430384.85
2023-06-15 14:00:00+00:00,0.2538,0.2573,0.2534,0.2563,4977948.06
2023-06-15 15:00:00+00:00,0.2563,0.2566,0.2538,0.2547,2662818.12
2023-06-15 16:00:00+00:00,0.2547,0.2567,0.2537,0.2541,4478473.87
2023-06-15 17:00:00+00:00,0.2541,0.2552,0.2504,0.2549,6908004.65
2023-06-15 18:00:00+00:00,0.2549,0.2599,0.2535,0.2591,8466936.26
2023-06-15 19:00:00+00:00,0.2591,0.2605,0.2567,0.2603,5126979.43
2023-06-15 20:00:00+00:00,0.2603,0.2618,0.257,0.2615,3362910.62
2023-06-15 21:00:00+00:00,0.2615,0.263,0.26,0.2607,4650917.3
2023-06-15 22:00:00+00:00,0.2607,0.2615,0.2598,0.2605,1733501.73
2023-06-15 23:00:00+00:00,0.2605,0.2607,0.2587,0.2592,1635527.82
2023-06-16 00:00:00+00:00,0.2592,0.2595,0.2565,0.2574,3466218.14
2023-06-16 01:00:00+00:00,0.2574,0.2597,0.2571,0.2586,1664239.09
2023-06-16 02:00:00+00:00,0.2586,0.2596,0.258,0.2595,1050707.79
2023-06-16 03:00:00+00:00,0.2595,0.2597,0.2585,0.2586,1083925.42
2023-06-16 04:00:00+00:00,0.2586,0.259,0.2571,0.2572,2212320.07
2023-06-16 05:00:00+00:00,0.2572,0.2582,0.2564,0.2581,1904667.24
2023-06-16 06:00:00+00:00,0.2581,0.2581,0.2566,0.2566,1527513.59
2023-06-16 07:00:00+00:00,0.2566,0.2568,0.2555,0.2557,2157420.31
2023-06-16 08:00:00+00:00,0.2557,0.2575,0.2553,0.2554,2242054.42
2023-06-16 09:00:00+00:00,0.2554,0.2563,0.2547,0.2555,2484482.52
2023-06-16 10:00:00+00:00,0.2555,0.2561,0.2544,0.2549,2438978.87
2023-06-16 11:00:00+00:00,0.2549,0.2553,0.2514,0.2528,6492947.42
2023-06-16 12:00:00+00:00,0.2528,0.257,0.2526,0.2555,2698766.88
2023-06-16 13:00:00+00:00,0.2555,0.2563,0.2544,0.2552,2212046.8
2023-06-16 14:00:00+00:00,0.2552,0.2595,0.2531,0.2582,7226336.89
2023-06-16 15:00:00+00:00,0.2582,0.2598,0.256,0.2594,5028319.34
2023-06-16 16:00:00+00:00,0.2594,0.2631,0.2587,0.261,5892595.41
2023-06-16 17:00:00+00:00,0.261,0.2667,0.2601,0.2656,5557319.13
2023-06-16 18:00:00+00:00,0.2656,0.2715,0.2647,0.2671,8509797.08
2023-06-16 19:00:00+00:00,0.2671,0.2697,0.2655,0.2693,3395472.46
2023-06-16 20:00:00+00:00,0.2693,0.2704,0.2687,0.2699,3483048.72
2023-06-16 21:00:00+00:00,0.2699,0.2699,0.267,0.2677,2087659.49
2023-06-16 22:00:00+00:00,0.2677,0.269,0.2677,0.2688,1202027.69
2023-06-16 23:00:00+00:00,0.2688,0.2691,0.2676,0.268,1446834.11
2023-06-17 00:00:00+00:00,0.268,0.2684,0.2662,0.2677,2975856.66
2023-06-17 01:00:00+00:00,0.2677,0.2692,0.2669,0.2674,2456608.72
2023-06-17 02:00:00+00:00,0.2674,0.2702,0.2668,0.27,1398774.31
2023-06-17 03:00:00+00:00,0.27,0.271,0.2681,0.2686,2171692.73
2023-06-17 04:00:00+00:00,0.2686,0.2706,0.268,0.2701,2369187.86
2023-06-17 05:00:00+00:00,0.2701,0.2805,0.2696,0.2779,12744408.4
2023-06-17 06:00:00+00:00,0.2779,0.2802,0.2763,0.2766,5627572.23
2023-06-17 07:00:00+00:00,0.2766,0.2779,0.2747,0.2755,3993973.33
2023-06-17 08:00:00+00:00,0.2755,0.2762,0.2745,0.2754,2102518.09
2023-06-17 09:00:00+00:00,0.2754,0.2774,0.2751,0.2767,2133194.64
2023-06-17 10:00:00+00:00,0.2767,0.2784,0.2756,0.2759,4143631.3
2023-06-17 11:00:00+00:00,0.2759,0.2768,0.2748,0.2762,4922965.15
2023-06-17 12:00:00+00:00,0.2762,0.277,0.2751,0.2764,2572784.76
2023-06-17 13:00:00+00:00,0.2764,0.2776,0.276,0.2763,1389114.33
2023-06-17 14:00:00+00:00,0.2763,0.2763,0.2726,0.2738,4880320.8
2023-06-17 15:00:00+00:00,0.2738,0.2755,0.2721,0.275,5699996.92
2023-06-17 16:00:00+00:00,0.275,0.2773,0.2735,0.2772,2510621.33
2023-06-17 17:00:00+00:00,0.2772,0.2778,0.2749,0.2758,2511145.33
2023-06-17 18:00:00+00:00,0.2758,0.2782,0.2756,0.2773,2354498.68
2023-06-17 19:00:00+00:00,0.2773,0.2773,0.2759,0.2761,1390085.76
2023-06-17 20:00:00+00:00,0.2761,0.2765,0.2738,0.2751,2395486.1
2023-06-17 21:00:00+00:00,0.2751,0.2758,0.2746,0.2747,1410214.55
2023-06-17 22:00:00+00:00,0.2747,0.2764,0.2747,0.2751,981472.33
2023-06-17 23:00:00+00:00,0.2751,0.2755,0.2735,0.2739,1585173.44
2023-06-18 00:00:00+00:00,0.2739,0.2743,0.27,0.2718,5884670.79
2023-06-18 01:00:00+00:00,0.2718,0.2736,0.2716,0.2736,1666469.71
2023-06-18 02:00:00+00:00,0.2736,0.2741,0.2723,0.2731,925910.91
2023-06-18 03:00:00+00:00,0.2731,0.2751,0.273,0.2742,1472776.15
2023-06-18 04:00:00+00:00,0.2742,0.2743,0.2728,0.2739,1399465.68
2023-06-18 05:00:00+00:00,0.2739,0.2754,0.2731,0.2731,2405032.55
2023-06-18 06:00:00+00:00,0.2731,0.2734,0.2712,0.2723,2210624.56
2023-06-18 07:00:00+00:00,0.2723,0.2743,0.2718,0.2722,4079242.31
2023-06-18 08:00:00+00:00,0.2722,0.2729,0.271,0.2724,2678927.26
2023-06-18 09:00:00+00:00,0.2724,0.2741,0.2721,0.2739,2034786.1
2023-06-18 10:00:00+00:00,0.2739,0.274,0.2711,0.2715,3473599.73
2023-06-18 11:00:00+00:00,0.2715,0.2729,0.2708,0.2727,1773924.65
2023-06-18 12:00:00+00:00,0.2727,0.2736,0.2711,0.2733,1674751.46
2023-06-18 13:00:00+00:00,0.2733,0.2735,0.2708,0.2711,1623389.37
2023-06-18 14:00:00+00:00,0.2711,0.2729,0.2702,0.2721,2774280.02
2023-06-18 15:00:00+00:00,0.2721,0.2722,0.2708,0.2713,1743520.76
2023-06-18 16:00:00+00:00,0.2713,0.2731,0.2709,0.2729,2177985.3
2023-06-18 17:00:00+00:00,0.2729,0.2732,0.2707,0.2716,1910693.22
2023-06-18 18:00:00+00:00,0.2716,0.2717,0.2702,0.2703,2304480.08
2023-06-18 19:00:00+00:00,0.2703,0.2705,0.2686,0.2692,2035232.71
2023-06-18 20:00:00+00:00,0.2692,0.2695,0.2558,0.262,13890799.04
2023-06-18 21:00:00+00:00,0.262,0.2625,0.2604,0.2615,2874304.06
2023-06-18 22:00:00+00:00,0.2615,0.2636,0.2615,0.2629,2842028.52
2023-06-18 23:00:00+00:00,0.2629,0.2645,0.2613,0.2632,4307559.75
2023-06-19 00:00:00+00:00,0.2632,0.2633,0.259,0.2612,3557069.9
2023-06-19 01:00:00+00:00,0.2612,0.2635,0.2606,0.2632,2048105.75
2023-06-19 02:00:00+00:00,0.2632,0.2644,0.263,0.2642,1218919.53
2023-06-19 03:00:00+00:00,0.2642,0.2642,0.2622,0.2626,2061020.51
2023-06-19 04:00:00+00:00,0.2626,0.2641,0.2622,0.2634,1546378.81
2023-06-19 05:00:00+00:00,0.2634,0.265,0.2632,0.2645,2150760.73
2023-06-19 06:00:00+00:00,0.2645,0.2653,0.2641,0.2648,2091698.48
2023-06-19 07:00:00+00:00,0.2648,0.2673,0.2645,0.2666,4195006.63
2023-06-19 08:00:00+00:00,0.2666,0.2679,0.2657,0.2662,2863811.58
2023-06-19 09:00:00+00:00,0.2662,0.2676,0.2662,0.2672,1775601.36
2023-06-19 10:00:00+00:00,0.2672,0.2675,0.2654,0.2659,2306437.4
2023-06-19 11:00:00+00:00,0.2659,0.2665,0.2652,0.266,1400583.76
2023-06-19 12:00:00+00:00,0.266,0.2686,0.2652,0.2674,3908964.77
2023-06-19 13:00:00+00:00,0.2674,0.2683,0.2662,0.2665,2569229.14
2023-06-19 14:00:00+00:00,0.2665,0.2666,0.2628,0.2635,3206412.26
2023-06-19 15:00:00+00:00,0.2635,0.2642,0.2617,0.2639,2617285.15
2023-06-19 16:00:00+00:00,0.2639,0.2643,0.261,0.2637,4318809.71
2023-06-19 17:00:00+00:00,0.2637,0.2671,0.2632,0.2665,2911134.83
2023-06-19 18:00:00+00:00,0.2665,0.2707,0.265,0.2655,7518920.54
2023-06-19 19:00:00+00:00,0.2655,0.2669,0.2637,0.2653,4029991.3
2023-06-19 20:00:00+00:00,0.2653,0.2672,0.2653,0.2655,2781363.05
2023-06-19 21:00:00+00:00,0.2655,0.266,0.2633,0.2647,1827822.16
2023-06-19 22:00:00+00:00,0.2647,0.2651,0.2636,0.2638,990222.75
2023-06-19 23:00:00+00:00,0.2638,0.2646,0.2628,0.2644,1232034.12
2023-06-20 00:00:00+00:00,0.2644,0.2667,0.2629,0.2662,1721242.03
2023-06-20 01:00:00+00:00,0.2662,0.2693,0.264,0.2644,3228490.6
2023-06-20 02:00:00+00:00,0.2644,0.2651,0.2636,0.2646,811370.29
2023-06-20 03:00:00+00:00,0.2646,0.2651,0.2627,0.263,2017649.67
2023-06-20 04:00:00+00:00,0.263,0.2636,0.2623,0.2632,1125456.13
2023-06-20 05:00:00+00:00,0.2632,0.2645,0.2605,0.2612,2896166.98
2023-06-20 06:00:00+00:00,0.2612,0.2624,0.261,0.2622,1830288.04
2023-06-20 07:00:00+00:00,0.2622,0.2626,0.261,0.2621,1738770.26
2023-06-20 08:00:00+00:00,0.2621,0.2621,0.259,0.2593,3545693.43
2023-06-20 09:00:00+00:00,0.2593,0.2598,0.2572,0.2585,4220259.77
2023-06-20 10:00:00+00:00,0.2585,0.2598,0.2581,0.2586,2086634.29
2023-06-20 11:00:00+00:00,0.2586,0.2618,0.2583,0.2612,3428502.12
2023-06-20 12:00:00+00:00,0.2612,0.2613,0.2592,0.2597,2288551.43
2023-06-20 13:00:00+00:00,0.2597,0.2602,0.2563,0.2568,3092949.43
2023-06-20 14:00:00+00:00,0.2568,0.2574,0.2536,0.255,6153367.6
2023-06-20 15:00:00+00:00,0.255,0.2586,0.2539,0.258,3566157.63
2023-06-20 16:00:00+00:00,0.258,0.262,0.2569,0.2614,7690063.48
2023-06-20 17:00:00+00:00,0.2614,0.2679,0.2613,0.2675,7955916.84
2023-06-20 18:00:00+00:00,0.2675,0.2726,0.2675,0.2708,10905889.6
2023-06-20 19:00:00+00:00,0.2708,0.2724,0.268,0.2719,5063400.42
2023-06-20 20:00:00+00:00,0.2719,0.2762,0.2709,0.2756,5655699.67
2023-06-20 21:00:00+00:00,0.2756,0.2762,0.2712,0.2723,2759437.71
2023-06-20 22:00:00+00:00,0.2723,0.274,0.2723,0.2735,2125689.83
2023-06-20 23:00:00+00:00,0.2735,0.2766,0.2731,0.2765,4686603.72
2023-06-21 00:00:00+00:00,0.2765,0.287,0.2747,0.287,9557904.5
2023-06-21 01:00:00+00:00,0.287,0.292,0.2827,0.2831,12320953.54
2023-06-21 02:00:00+00:00,0.2831,0.2845,0.2827,0.2839,2995226.42
2023-06-21 03:00:00+00:00,0.2839,0.2854,0.2822,0.2848,3186182.63
2023-06-21 04:00:00+00:00,0.2848,0.2852,0.2826,0.285,4858129.9
2023-06-21 05:00:00+00:00,0.285,0.2891,0.2845,0.2887,6624922.55
2023-06-21 06:00:00+00:00,0.2887,0.2894,0.2847,0.2852,7751283.16
2023-06-21 07:00:00+00:00,0.2852,0.289,0.2852,0.2888,4358500.12
2023-06-21 08:00:00+00:00,0.2888,0.2897,0.2857,0.2865,4286098.22
2023-06-21 09:00:00+00:00,0.2865,0.2893,0.2865,0.289,2683028.13
2023-06-21 10:00:00+00:00,0.289,0.2915,0.2846,0.2854,7533904.38
2023-06-21 11:00:00+00:00,0.2854,0.2885,0.2848,0.2878,2782883.5
2023-06-21 12:00:00+00:00,0.2878,0.2895,0.2853,0.2857,4300478.46
2023-06-21 13:00:00+00:00,0.2857,0.2913,0.2852,0.2897,6138166.8
2023-06-21 14:00:00+00:00,0.2897,0.2975,0.2876,0.2964,11160277.02
2023-06-21 15:00:00+00:00,0.2964,0.2991,0.2944,0.2964,9093726.26
2023-06-21 16:00:00+00:00,0.2964,0.3064,0.2955,0.3009,21851176.29
2023-06-21 17:00:00+00:00,0.3009,0.3047,0.298,0.3031,13436379.63
2023-06-21 18:00:00+00:00,0.3031,0.3057,0.301,0.3013,5287725.55
2023-06-21 19:00:00+00:00,0.3013,0.3017,0.2977,0.2994,5369088.84
2023-06-21 20:00:00+00:00,0.2994,0.3035,0.2967,0.2997,7976908.23
2023-06-21 21:00:00+00:00,0.2997,0.2999,0.2964,0.2976,4051476.33
2023-06-21 22:00:00+00:00,0.2976,0.3019,0.2973,0.3018,3948586.6
2023-06-21 23:00:00+00:00,0.3018,0.3028,0.2997,0.2997,4779878.5
2023-06-22 00:00:00+00:00,0.2997,0.3069,0.2989,0.306,7378894.62
2023-06-22 01:00:00+00:00,0.306,0.3088,0.3047,0.308,4251508.04
2023-06-22 02:00:00+00:00,0.308,0.3085,0.3051,0.308,4568517.21
2023-06-22 03:00:00+00:00,0.308,0.3081,0.3042,0.305,3609134.66
2023-06-22 04:00:00+00:00,0.305,0.3065,0.3029,0.3063,3544247.07
2023-06-22 05:00:00+00:00,0.3063,0.3074,0.302,0.3031,3835984.6
2023-06-22 06:00:00+00:00,0.3031,0.3034,0.2989,0.3021,4167146.19
2023-06-22 07:00:00+00:00,0.3021,0.3076,0.3015,0.3076,4009366.0
2023-06-22 08:00:00+00:00,0.3076,0.3076,0.3025,0.3037,3303108.43
2023-06-22 09:00:00+00:00,0.3037,0.3054,0.3024,0.3036,3767903.49
2023-06-22 10:00:00+00:00,0.3036,0.3056,0.3027,0.3043,3058108.26
2023-06-22 11:00:00+00:00,0.3043,0.3044,0.2923,0.2939,15803946.33
2023-06-22 12:00:00+00:00,0.2939,0.2979,0.2937,0.2971,4179923.66
2023-06-22 13:00:00+00:00,0.2971,0.2997,0.2967,0.2973,6690326.12
2023-06-22 14:00:00+00:00,0.2973,0.2982,0.2897,0.2923,9367463.04
2023-06-22 15:00:00+00:00,0.2923,0.2949,0.2918,0.2939,4272877.5
2023-06-22 16:00:00+00:00,0.2939,0.2973,0.2926,0.2944,5151617.18
2023-06-22 17:00:00+00:00,0.2944,0.2971,0.2934,0.297,2457101.84
2023-06-22 18:00:00+00:00,0.297,0.2973,0.2932,0.2948,2107515.84
2023-06-22 19:00:00+00:00,0.2948,0.2964,0.2932,0.2963,2116712.93
2023-06-22 20:00:00+00:00,0.2963,0.2964,0.2926,0.2945,2790116.51
2023-06-22 21:00:00+00:00,0.2945,0.2945,0.2922,0.2939,1653552.35
2023-06-22 22:00:00+00:00,0.2939,0.2941,0.2899,0.2905,2848209.39
2023-06-22 23:00:00+00:00,0.2905,0.2922,0.2898,0.2911,1933309.27
2023-06-23 00:00:00+00:00,0.2911,0.295,0.2902,0.2944,4317022.24
2023-06-23 01:00:00+00:00,0.2944,0.2969,0.2934,0.2934,3156912.2
2023-06-23 02:00:00+00:00,0.2934,0.2967,0.2916,0.2956,4649266.18
2023-06-23 03:00:00+00:00,0.2956,0.2964,0.2947,0.2964,1578364.72
2023-06-23 04:00:00+00:00,0.2964,0.2972,0.2949,0.2956,2154722.48
2023-06-23 05:00:00+00:00,0.2956,0.2962,0.2946,0.2956,1575102.51
2023-06-23 06:00:00+00:00,0.2956,0.2968,0.2949,0.2954,2396210.37
2023-06-23 07:00:00+00:00,0.2954,0.3004,0.2941,0.299,4659514.03
2023-06-23 08:00:00+00:00,0.299,0.3001,0.2969,0.2969,4453062.72
2023-06-23 09:00:00+00:00,0.2969,0.2975,0.2934,0.296,4658848.02
2023-06-23 10:00:00+00:00,0.296,0.2963,0.293,0.2957,4919701.61
2023-06-23 11:00:00+00:00,0.2957,0.297,0.2954,0.2965,781622.44
2023-06-23 12:00:00+00:00,0.2965,0.2978,0.2924,0.2948,2285412.42
2023-06-23 13:00:00+00:00,0.2948,0.2958,0.2912,0.2935,2979183.82
2023-06-23 14:00:00+00:00,0.2935,0.2982,0.2918,0.2981,4164311.08
2023-06-23 15:00:00+00:00,0.2981,0.3078,0.2977,0.3066,14721491.01
2023-06-23 16:00:00+00:00,0.3066,0.3173,0.3045,0.3129,26475339.33
2023-06-23 17:00:00+00:00,0.3129,0.3155,0.3109,0.3145,8417673.63
2023-06-23 18:00:00+00:00,0.3145,0.3157,0.3078,0.3104,7834977.17
2023-06-23 19:00:00+00:00,0.3104,0.3114,0.3067,0.3101,4628456.75
2023-06-23 20:00:00+00:00,0.3101,0.3145,0.3094,0.3137,4673054.83
2023-06-23 21:00:00+00:00,0.3137,0.3151,0.3091,0.3099,3604811.57
2023-06-23 22:00:00+00:00,0.3099,0.3124,0.3082,0.3123,3145251.09
2023-06-23 23:00:00+00:00,0.3123,0.3132,0.31,0.3119,3191697.2
2023-06-24 00:00:00+00:00,0.3119,0.3148,0.3102,0.3116,6887029.81
2023-06-24 01:00:00+00:00,0.3116,0.3164,0.311,0.3143,5302410.98
2023-06-24 02:00:00+00:00,0.3143,0.3227,0.3141,0.3222,9158065.37
2023-06-24 03:00:00+00:00,0.3222,0.3224,0.3177,0.3188,5418092.18
2023-06-24 04:00:00+00:00,0.3188,0.3208,0.3168,0.3184,3042766.18
2023-06-24 05:00:00+00:00,0.3184,0.3213,0.3174,0.319,3712738.14
2023-06-24 06:00:00+00:00,0.319,0.3191,0.3154,0.3171,2981102.06
2023-06-24 07:00:00+00:00,0.3171,0.3174,0.3142,0.3169,5661566.38
2023-06-24 08:00:00+00:00,0.3169,0.32,0.316,0.3181,3803902.42
2023-06-24 09:00:00+00:00,0.3181,0.325,0.3176,0.3249,9277476.6
2023-06-24 10:00:00+00:00,0.3249,0.3249,0.3222,0.3231,3654336.09
2023-06-24 11:00:00+00:00,0.3231,0.3233,0.32,0.321,3437392.42
2023-06-24 12:00:00+00:00,0.321,0.3218,0.3168,0.3183,5337733.97
2023-06-24 13:00:00+00:00,0.3183,0.3186,0.3138,0.3151,5326426.49
2023-06-24 14:00:00+00:00,0.3151,0.3161,0.3133,0.3144,3903591.58
2023-06-24 15:00:00+00:00,0.3144,0.3147,0.3007,0.3044,16764324.27
2023-06-24 16:00:00+00:00,0.3044,0.3047,0.3005,0.3045,3791570.39
2023-06-24 17:00:00+00:00,0.3045,0.3079,0.3043,0.3065,2083432.13
2023-06-24 18:00:00+00:00,0.3065,0.3078,0.3058,0.3065,1711637.77
2023-06-24 19:00:00+00:00,0.3065,0.3124,0.306,0.3104,3505566.0
2023-06-24 20:00:00+00:00,0.3104,0.3107,0.3076,0.3083,4360322.17
2023-06-24 21:00:00+00:00,0.3083,0.3113,0.3055,0.3105,2922035.32
2023-06-24 22:00:00+00:00,0.3105,0.3138,0.3086,0.3086,4205546.81
2023-06-24 23:00:00+00:00,0.3086,0.3139,0.3086,0.3128,4121697.95
2023-06-25 00:00:00+00:00,0.3128,0.315,0.3106,0.3127,4046433.42
2023-06-25 01:00:00+00:00,0.3127,0.3261,0.312,0.3209,17212367.57
2023-06-25 02:00:00+00:00,0.3209,0.3229,0.318,0.3212,7967310.78
2023-06-25 03:00:00+00:00,0.3212,0.3235,0.3195,0.3233,4070792.86
2023-06-25 04:00:00+00:00,0.3233,0.3247,0.321,0.3225,6960423.53
2023-06-25 05:00:00+00:00,0.3225,0.3263,0.3205,0.3255,5183969.88
2023-06-25 06:00:00+00:00,0.3255,0.3308,0.323,0.3285,13142613.93
2023-06-25 07:00:00+00:00,0.3285,0.3286,0.3233,0.3279,5668394.9
2023-06-25 08:00:00+00:00,0.3279,0.3292,0.3261,0.3269,4266372.34
2023-06-25 09:00:00+00:00,0.3269,0.3273,0.3229,0.326,3280430.38
2023-06-25 10:00:00+00:00,0.326,0.327,0.3229,0.3233,2689503.85
2023-06-25 11:00:00+00:00,0.3233,0.3257,0.3221,0.3255,2720853.6
2023-06-25 12:00:00+00:00,0.3255,0.3289,0.323,0.3237,5105394.76
2023-06-25 13:00:00+00:00,0.3237,0.3244,0.3156,0.3197,7885237.42
2023-06-25 14:00:00+00:00,0.3197,0.3211,0.3172,0.3176,2445862.12
2023-06-25 15:00:00+00:00,0.3176,0.32,0.3158,0.3186,4016007.12
2023-06-25 16:00:00+00:00,0.3186,0.3204,0.3169,0.3191,2994931.04
2023-06-25 17:00:00+00:00,0.3191,0.3195,0.3154,0.3167,2605413.79
2023-06-25 18:00:00+00:00,0.3167,0.3167,0.3111,0.3151,7461373.57
2023-06-25 19:00:00+00:00,0.3151,0.3153,0.3121,0.3135,2298583.18
2023-06-25 20:00:00+00:00,0.3135,0.3161,0.3106,0.3122,3092142.02
2023-06-25 21:00:00+00:00,0.3122,0.3139,0.3113,0.3137,1593892.86
2023-06-25 22:00:00+00:00,0.3137,0.3167,0.3128,0.3153,1989003.67
2023-06-25 23:00:00+00:00,0.3153,0.3154,0.3117,0.3133,3352724.91
2023-06-26 00:00:00+00:00,0.3133,0.3141,0.3071,0.3081,5097623.53
2023-06-26 01:00:00+00:00,0.3081,0.3087,0.3038,0.3066,4798982.96
2023-06-26 02:00:00+00:00,0.3066,0.3083,0.3048,0.3081,2045225.09
2023-06-26 03:00:00+00:00,0.3081,0.3096,0.3071,0.3094,1295084.54
2023-06-26 04:00:00+00:00,0.3094,0.3099,0.307,0.3089,2054474.16
2023-06-26 05:00:00+00:00,0.3089,0.3089,0.3053,0.3069,2535353.88
2023-06-26 06:00:00+00:00,0.3069,0.3149,0.3064,0.3145,5528679.47
2023-06-26 07:00:00+00:00,0.3145,0.3186,0.3144,0.3174,6838666.52
2023-06-26 08:00:00+00:00,0.3174,0.3227,0.3167,0.3218,6566247.83
2023-06-26 09:00:00+00:00,0.3218,0.3228,0.3174,0.3179,5805675.49
2023-06-26 10:00:00+00:00,0.3179,0.319,0.3148,0.3168,5377232.04
2023-06-26 11:00:00+00:00,0.3168,0.3195,0.3165,0.318,2530875.88
2023-06-26 12:00:00+00:00,0.318,0.3219,0.3156,0.3217,4924399.74
2023-06-26 13:00:00+00:00,0.3217,0.3255,0.3196,0.3253,6362082.21
2023-06-26 14:00:00+00:00,0.3253,0.3261,0.3191,0.3222,4467254.37
2023-06-26 15:00:00+00:00,0.3222,0.3238,0.32,0.3222,2426718.59
2023-06-26 16:00:00+00:00,0.3222,0.3242,0.3117,0.3152,10811191.23
2023-06-26 17:00:00+00:00,0.3152,0.3185,0.3121,0.3128,5594372.23
2023-06-26 18:00:00+00:00,0.3128,0.3183,0.3122,0.3178,3834160.33
2023-06-26 19:00:00+00:00,0.3178,0.3189,0.3162,0.3183,3878130.17
2023-06-26 20:00:00+00:00,0.3183,0.3197,0.3111,0.3115,7232181.28
2023-06-26 21:00:00+00:00,0.3115,0.312,0.3057,0.3062,4103502.49
2023-06-26 22:00:00+00:00,0.3062,0.3078,0.3044,0.3068,3987047.0
2023-06-26 23:00:00+00:00,0.3068,0.3069,0.3041,0.3056,2393073.13
2023-06-27 00:00:00+00:00,0.3056,0.3063,0.3024,0.3058,4141604.9
2023-06-27 01:00:00+00:00,0.3058,0.307,0.3008,0.3067,5170967.48
2023-06-27 02:00:00+00:00,0.3067,0.3077,0.3043,0.3076,2511775.1
2023-06-27 03:00:00+00:00,0.3076,0.3095,0.306,0.3064,3304059.75
2023-06-27 04:00:00+00:00,0.3064,0.3098,0.3057,0.3093,2328104.14
2023-06-27 05:00:00+00:00,0.3093,0.3093,0.3036,0.3057,2053783.67
2023-06-27 06:00:00+00:00,0.3057,0.3079,0.3035,0.3077,2179333.99
2023-06-27 07:00:00+00:00,0.3077,0.3137,0.3071,0.3125,5117871.49
2023-06-27 08:00:00+00:00,0.3125,0.3126,0.3086,0.3086,2800290.78
2023-06-27 09:00:00+00:00,0.3086,0.3087,0.3058,0.3063,3151444.89
2023-06-27 10:00:00+00:00,0.3063,0.3136,0.3063,0.3115,6227954.53
2023-06-27 11:00:00+00:00,0.3115,0.3121,0.3092,0.3111,2309635.29
2023-06-27 12:00:00+00:00,0.3111,0.3132,0.3103,0.3122,1779137.97
2023-06-27 13:00:00+00:00,0.3122,0.3124,0.3084,0.3099,2983780.8
2023-06-27 14:00:00+00:00,0.3099,0.3145,0.3094,0.3115,4664475.11
2023-06-27 15:00:00+00:00,0.3115,0.3117,0.3042,0.3062,5770443.25
2023-06-27 16:00:00+00:00,0.3062,0.3105,0.3054,0.3104,3323867.91
2023-06-27 17:00:00+00:00,0.3104,0.3129,0.3092,0.3126,2579695.2
2023-06-27 18:00:00+00:00,0.3126,0.3137,0.3113,0.3124,1634202.5
2023-06-27 19:00:00+00:00,0.3124,0.3152,0.3116,0.3131,2130999.04
2023-06-27 20:00:00+00:00,0.3131,0.315,0.3116,0.3144,2774570.67
2023-06-27 21:00:00+00:00,0.3144,0.3146,0.3122,0.314,2752672.58
2023-06-27 22:00:00+00:00,0.314,0.3152,0.3119,0.312,1233384.42
2023-06-27 23:00:00+00:00,0.312,0.3132,0.3111,0.3131,1336474.12
2023-06-28 00:00:00+00:00,0.3131,0.3139,0.3063,0.3097,3633668.47
2023-06-28 01:00:00+00:00,0.3097,0.3108,0.3062,0.3071,1993592.58
2023-06-28 02:00:00+00:00,0.3071,0.3088,0.3038,0.3042,3103063.98
2023-06-28 03:00:00+00:00,0.3042,0.3084,0.3038,0.3084,1124856.31
2023-06-28 04:00:00+00:00,0.3084,0.3084,0.3041,0.3052,2587108.92
2023-06-28 05:00:00+00:00,0.3052,0.3076,0.3033,0.3076,1253341.89
2023-06-28 06:00:00+00:00,0.3076,0.308,0.3024,0.304,3788234.03
2023-06-28 07:00:00+00:00,0.304,0.3046,0.294,0.2966,8607946.48
2023-06-28 08:00:00+00:00,0.2966,0.2993,0.2956,0.298,1927453.12
2023-06-28 09:00:00+00:00,0.298,0.301,0.2976,0.3008,2050102.64
2023-06-28 10:00:00+00:00,0.3008,0.3014,0.2997,0.3013,1106498.81
2023-06-28 11:00:00+00:00,0.3013,0.3017,0.299,0.2996,1857089.28
2023-06-28 12:00:00+00:00,0.2996,0.3006,0.297,0.2979,3507999.32
2023-06-28 13:00:00+00:00,0.2979,0.303,0.2969,0.3024,3378682.68
2023-06-28 14:00:00+00:00,0.3024,0.3105,0.3016,0.3066,7028602.01
2023-06-28 15:00:00+00:00,0.3066,0.309,0.306,0.3074,2504029.07
2023-06-28 16:00:00+00:00,0.3074,0.3087,0.3052,0.3052,1839644.53
2023-06-28 17:00:00+00:00,0.3052,0.3056,0.2997,0.3008,5318840.53
2023-06-28 18:00:00+00:00,0.3008,0.3019,0.3,0.3,2275914.23
2023-06-28 19:00:00+00:00,0.3,0.301,0.2849,0.292,14647341.57
2023-06-28 20:00:00+00:00,0.292,0.2946,0.2889,0.2945,3319151.09
2023-06-28 21:00:00+00:00,0.2945,0.2951,0.293,0.2938,1429686.84
2023-06-28 22:00:00+00:00,0.2938,0.2973,0.2938,0.2963,2049863.35
2023-06-28 23:00:00+00:00,0.2963,0.2992,0.2959,0.296,1853622.48
2023-06-29 00:00:00+00:00,0.296,0.2987,0.2947,0.2952,2926297.12
2023-06-29 01:00:00+00:00,0.2952,0.2999,0.2946,0.2963,2729258.8
2023-06-29 02:00:00+00:00,0.2963,0.2971,0.292,0.2934,10826850.22
2023-06-29 03:00:00+00:00,0.2934,0.2942,0.2925,0.2932,1590455.63
2023-06-29 04:00:00+00:00,0.2932,0.2941,0.2916,0.2927,1965213.67
2023-06-29 05:00:00+00:00,0.2927,0.2942,0.2902,0.2906,3273653.2
2023-06-29 06:00:00+00:00,0.2906,0.2911,0.2885,0.2908,3619393.51
2023-06-29 07:00:00+00:00,0.2908,0.2953,0.2901,0.2937,3190140.98
2023-06-29 08:00:00+00:00,0.2937,0.2939,0.2914,0.2927,2891467.12
2023-06-29 09:00:00+00:00,0.2927,0.2968,0.2913,0.2966,6680194.4
2023-06-29 10:00:00+00:00,0.2966,0.3015,0.295,0.3002,6847569.94
2023-06-29 11:00:00+00:00,0.3002,0.3068,0.2992,0.3062,5556594.22
2023-06-29 12:00:00+00:00,0.3062,0.3079,0.3034,0.3036,5700994.32
2023-06-29 13:00:00+00:00,0.3036,0.308,0.3006,0.3032,7589428.23
2023-06-29 14:00:00+00:00,0.3032,0.3052,0.3005,0.3013,7856153.92
2023-06-29 15:00:00+00:00,0.3013,0.3021,0.2988,0.3009,5519946.78
2023-06-29 16:00:00+00:00,0.3009,0.3031,0.2986,0.3001,2907812.12
2023-06-29 17:00:00+00:00,0.3001,0.3016,0.2972,0.298,4270848.47
2023-06-29 18:00:00+00:00,0.298,0.3013,0.2974,0.3008,2825854.83
2023-06-29 19:00:00+00:00,0.3008,0.3018,0.2978,0.3014,2121641.7
2023-06-29 20:00:00+00:00,0.3014,0.3026,0.296,0.2981,3717367.94
2023-06-29 21:00:00+00:00,0.2981,0.2995,0.2974,0.2974,1283853.65
2023-06-29 22:00:00+00:00,0.2974,0.3015,0.2973,0.2999,1401957.79
2023-06-29 23:00:00+00:00,0.2999,0.3014,0.2984,0.2993,1079997.17
2023-06-30 00:00:00+00:00,0.2993,0.3021,0.2983,0.2987,2410699.04
2023-06-30 01:00:00+00:00,0.2987,0.2993,0.2955,0.2993,3747596.04
2023-06-30 02:00:00+00:00,0.2993,0.3104,0.2989,0.3082,7892006.79
2023-06-30 03:00:00+00:00,0.3082,0.3126,0.3082,0.3124,5408811.21
2023-06-30 04:00:00+00:00,0.3124,0.3164,0.3087,0.3113,7742652.16
2023-06-30 05:00:00+00:00,0.3113,0.3146,0.3068,0.3088,6052978.3
2023-06-30 06:00:00+00:00,0.3088,0.3105,0.3064,0.3072,2928878.22
2023-06-30 07:00:00+00:00,0.3072,0.314,0.3069,0.3131,4689309.74
2023-06-30 08:00:00+00:00,0.3131,0.3175,0.3122,0.314,8731578.73
2023-06-30 09:00:00+00:00,0.314,0.3143,0.3105,0.312,5867580.62
2023-06-30 10:00:00+00:00,0.312,0.3151,0.3108,0.3125,3935908.42
2023-06-30 11:00:00+00:00,0.3125,0.3132,0.3097,0.3112,3067856.18
2023-06-30 12:00:00+00:00,0.3112,0.3151,0.3102,0.3141,4867280.77
2023-06-30 13:00:00+00:00,0.3141,0.3143,0.2797,0.2938,30665729.51
2023-06-30 14:00:00+00:00,0.2938,0.298,0.2908,0.294,9496179.12
2023-06-30 15:00:00+00:00,0.294,0.2961,0.292,0.2939,5659918.67
2023-06-30 16:00:00+00:00,0.2939,0.3006,0.2909,0.2986,10212667.93
2023-06-30 17:00:00+00:00,0.2986,0.3064,0.2986,0.3042,8423929.16
2023-06-30 18:00:00+00:00,0.3042,0.3069,0.2972,0.3015,6592410.34
2023-06-30 19:00:00+00:00,0.3015,0.303,0.3,0.3027,3808045.12
2023-06-30 20:00:00+00:00,0.3027,0.3039,0.3009,0.3023,2390362.41
2023-06-30 21:00:00+00:00,0.3023,0.3053,0.3003,0.3047,2103204.48
2023-06-30 22:00:00+00:00,0.3047,0.306,0.3043,0.3046,948490.39
2023-06-30 23:00:00+00:00,0.3046,0.3056,0.3034,0.3044,1484584.97
2023-07-01 00:00:00+00:00,0.3044,0.3084,0.3032,0.3048,4565908.21
2023-07-01 01:00:00+00:00,0.3048,0.308,0.3026,0.3079,5067975.01
2023-07-01 02:00:00+00:00,0.3079,0.3088,0.3037,0.3041,3176365.97
2023-07-01 03:00:00+00:00,0.3041,0.305,0.3031,0.304,1537506.21
2023-07-01 04:00:00+00:00,0.304,0.3051,0.2977,0.3007,6986309.88
2023-07-01 05:00:00+00:00,0.3007,0.3019,0.2988,0.3017,1891635.25
2023-07-01 06:00:00+00:00,0.3017,0.3049,0.3017,0.3048,1640633.42
2023-07-01 07:00:00+00:00,0.3048,0.3063,0.3031,0.3046,3206494.49
2023-07-01 08:00:00+00:00,0.3046,0.3051,0.3023,0.303,2339443.93
2023-07-01 09:00:00+00:00,0.303,0.305,0.3028,0.304,1935871.1
2023-07-01 10:00:00+00:00,0.304,0.3055,0.3013,0.3029,2912294.74
2023-07-01 11:00:00+00:00,0.3029,0.3055,0.3028,0.3054,1778754.83
2023-07-01 12:00:00+00:00,0.3054,0.3068,0.3047,0.3054,2382328.8
2023-07-01 13:00:00+00:00,0.3054,0.309,0.3054,0.3071,3525796.27
2023-07-01 14:00:00+00:00,0.3071,0.3089,0.3065,0.3076,2966607.21
2023-07-01 15:00:00+00:00,0.3076,0.3077,0.3045,0.3068,2481094.17
2023-07-01 16:00:00+00:00,0.3068,0.3089,0.3066,0.3086,3670946.37
2023-07-01 17:00:00+00:00,0.3086,0.3086,0.305,0.3057,2718424.15
2023-07-01 18:00:00+00:00,0.3057,0.3086,0.3053,0.3077,1280452.1
2023-07-01 19:00:00+00:00,0.3077,0.3084,0.3065,0.3068,1223008.62
2023-07-01 20:00:00+00:00,0.3068,0.3073,0.3058,0.3071,772719.92
2023-07-01 21:00:00+00:00,0.3071,0.3079,0.3058,0.3079,703491.49
2023-07-01 22:00:00+00:00,0.3079,0.3085,0.3056,0.3075,1184970.82
2023-07-01 23:00:00+00:00,0.3075,0.3113,0.3067,0.3111,3204197.66
2023-07-02 00:00:00+00:00,0.3111,0.312,0.3068,0.3085,5542946.37
2023-07-02 01:00:00+00:00,0.3085,0.3108,0.307,0.3077,2203547.35
2023-07-02 02:00:00+00:00,0.3077,0.3082,0.304,0.3066,3706379.66
2023-07-02 03:00:00+00:00,0.3066,0.3068,0.3015,0.303,3563132.93
2023-07-02 04:00:00+00:00,0.303,0.3064,0.3017,0.306,3556646.45
2023-07-02 05:00:00+00:00,0.306,0.3073,0.3051,0.306,2085079.59
2023-07-02 06:00:00+00:00,0.306,0.3069,0.3054,0.3063,1142355.15
2023-07-02 07:00:00+00:00,0.3063,0.3073,0.3054,0.3067,1044036.73
2023-07-02 08:00:00+00:00,0.3067,0.3069,0.3034,0.3036,1531306.73
2023-07-02 09:00:00+00:00,0.3036,0.3069,0.3035,0.3057,1329015.2
2023-07-02 10:00:00+00:00,0.3057,0.3071,0.3046,0.3049,1628506.54
2023-07-02 11:00:00+00:00,0.3049,0.3061,0.3048,0.3053,2192997.94
2023-07-02 12:00:00+00:00,0.3053,0.3075,0.3049,0.3057,1819636.6
2023-07-02 13:00:00+00:00,0.3057,0.3058,0.3027,0.3044,2213402.53
2023-07-02 14:00:00+00:00,0.3044,0.3069,0.3031,0.3061,2698495.65
2023-07-02 15:00:00+00:00,0.3061,0.3066,0.2993,0.3041,7317190.07
2023-07-02 16:00:00+00:00,0.3041,0.3067,0.3038,0.3065,2967824.53
2023-07-02 17:00:00+00:00,0.3065,0.3072,0.3032,0.3035,3251776.0
2023-07-02 18:00:00+00:00,0.3035,0.305,0.3023,0.3048,2245673.32
2023-07-02 19:00:00+00:00,0.3048,0.3064,0.3045,0.306,820173.19
2023-07-02 20:00:00+00:00,0.306,0.3082,0.3057,0.3072,1885146.5
2023-07-02 21:00:00+00:00,0.3072,0.31,0.3072,0.3081,1888627.04
2023-07-02 22:00:00+00:00,0.3081,0.3144,0.3081,0.3133,6892568.28
2023-07-02 23:00:00+00:00,0.3133,0.3141,0.3111,0.3132,2583514.07
2023-07-03 00:00:00+00:00,0.3132,0.3152,0.3121,0.3124,3013651.54
2023-07-03 01:00:00+00:00,0.3124,0.317,0.3123,0.3164,2255332.92
2023-07-03 02:00:00+00:00,0.3164,0.322,0.3164,0.3211,4505304.45
2023-07-03 03:00:00+00:00,0.3211,0.3224,0.3185,0.3206,3436122.78
2023-07-03 04:00:00+00:00,0.3206,0.323,0.3181,0.319,4175750.56
2023-07-03 05:00:00+00:00,0.319,0.3191,0.3173,0.3177,1730031.3
2023-07-03 06:00:00+00:00,0.3177,0.3183,0.3147,0.3163,2213514.7
2023-07-03 07:00:00+00:00,0.3163,0.3197,0.3161,0.3184,2400580.77
2023-07-03 08:00:00+00:00,0.3184,0.3202,0.3175,0.3202,4251595.04
2023-07-03 09:00:00+00:00,0.3202,0.3215,0.3168,0.3171,2553714.06
2023-07-03 10:00:00+00:00,0.3171,0.3193,0.3162,0.3185,2661844.02
2023-07-03 11:00:00+00:00,0.3185,0.3193,0.317,0.3178,1724567.95
2023-07-03 12:00:00+00:00,0.3178,0.3186,0.315,0.3181,3335240.54
2023-07-03 13:00:00+00:00,0.3181,0.3197,0.3166,0.3181,2749685.49
2023-07-03 14:00:00+00:00,0.3181,0.32,0.3175,0.3189,3192572.13
2023-07-03 15:00:00+00:00,0.3189,0.3221,0.3189,0.322,5201919.74
2023-07-03 16:00:00+00:00,0.322,0.3225,0.3169,0.3197,5920424.84
2023-07-03 17:00:00+00:00,0.3197,0.3208,0.3176,0.3197,2211623.67
2023-07-03 18:00:00+00:00,0.3197,0.3215,0.3171,0.3211,4058809.15
2023-07-03 19:00:00+00:00,0.3211,0.324,0.3197,0.3221,4597230.42
2023-07-03 20:00:00+00:00,0.3221,0.3223,0.3181,0.3195,3430250.08
2023-07-03 21:00:00+00:00,0.3195,0.3199,0.3149,0.3182,3447709.68
2023-07-03 22:00:00+00:00,0.3182,0.3207,0.3178,0.3189,2103557.8
2023-07-03 23:00:00+00:00,0.3189,0.3205,0.3174,0.3204,1688534.15
2023-07-04 00:00:00+00:00,0.3204,0.3232,0.3191,0.3192,3409946.26
2023-07-04 01:00:00+00:00,0.3192,0.3204,0.3156,0.3182,3189641.69
2023-07-04 02:00:00+00:00,0.3182,0.3196,0.3175,0.3182,1160272.66
2023-07-04 03:00:00+00:00,0.3182,0.3223,0.3165,0.3213,3144572.91
2023-07-04 04:00:00+00:00,0.3213,0.3213,0.3171,0.3186,2004865.19
2023-07-04 05:00:00+00:00,0.3186,0.3203,0.3168,0.3189,2092491.02
2023-07-04 06:00:00+00:00,0.3189,0.3196,0.3168,0.3186,2275457.53
2023-07-04 07:00:00+00:00,0.3186,0.3196,0.3161,0.3165,1918873.65
2023-07-04 08:00:00+00:00,0.3165,0.3184,0.3152,0.3169,2445950.83
2023-07-04 09:00:00+00:00,0.3169,0.3202,0.3152,0.3194,2997946.86
2023-07-04 10:00:00+00:00,0.3194,0.3198,0.3178,0.3193,1819229.5
2023-07-04 11:00:00+00:00,0.3193,0.3207,0.3184,0.3201,2127203.66
2023-07-04 12:00:00+00:00,0.3201,0.3205,0.3181,0.3195,2025437.03
2023-07-04 13:00:00+00:00,0.3195,0.3202,0.3177,0.3183,2090731.74
2023-07-04 14:00:00+00:00,0.3183,0.3206,0.3181,0.3191,2563470.89
2023-07-04 15:00:00+00:00,0.3191,0.3215,0.3173,0.3197,4998839.36
2023-07-04 16:00:00+00:00,0.3197,0.3236,0.3185,0.3198,6270532.78
2023-07-04 17:00:00+00:00,0.3198,0.3211,0.317,0.3174,4907107.14
2023-07-04 18:00:00+00:00,0.3174,0.3187,0.316,0.3168,2473776.02
2023-07-04 19:00:00+00:00,0.3168,0.3171,0.3117,0.3149,6553276.9
2023-07-04 20:00:00+00:00,0.3149,0.3184,0.314,0.3172,2449761.32
2023-07-04 21:00:00+00:00,0.3172,0.318,0.3158,0.3177,1283866.95
2023-07-04 22:00:00+00:00,0.3177,0.3189,0.3165,0.3185,1554305.17
2023-07-04 23:00:00+00:00,0.3185,0.3194,0.3153,0.3159,1698553.77
2023-07-05 00:00:00+00:00,0.3159,0.317,0.3131,0.3132,2568289.84
2023-07-05 01:00:00+00:00,0.3132,0.3166,0.313,0.3138,1860059.71
2023-07-05 02:00:00+00:00,0.3138,0.3168,0.3138,0.3167,1109645.54
2023-07-05 03:00:00+00:00,0.3167,0.3182,0.3159,0.3176,1549706.7
2023-07-05 04:00:00+00:00,0.3176,0.3189,0.3158,0.3179,1324577.11
2023-07-05 05:00:00+00:00,0.3179,0.3189,0.3166,0.3178,1052838.9
2023-07-05 06:00:00+00:00,0.3178,0.3181,0.3166,0.3175,953234.42
2023-07-05 07:00:00+00:00,0.3175,0.3186,0.3168,0.3176,1344115.44
2023-07-05 08:00:00+00:00,0.3176,0.3178,0.3135,0.315,3636028.67
2023-07-05 09:00:00+00:00,0.315,0.3161,0.3133,0.3134,2846430.09
2023-07-05 10:00:00+00:00,0.3134,0.314,0.3011,0.3048,14168046.67
2023-07-05 11:00:00+00:00,0.3048,0.3063,0.302,0.3031,6598151.57
2023-07-05 12:00:00+00:00,0.3031,0.3047,0.301,0.3023,4271659.94
2023-07-05 13:00:00+00:00,0.3023,0.3044,0.3014,0.3038,2532410.5
2023-07-05 14:00:00+00:00,0.3038,0.3054,0.303,0.303,2004448.54
2023-07-05 15:00:00+00:00,0.303,0.3031,0.2947,0.2981,9133931.34
2023-07-05 16:00:00+00:00,0.2981,0.3012,0.297,0.299,2814194.59
2023-07-05 17:00:00+00:00,0.299,0.3013,0.299,0.3001,1743039.89
2023-07-05 18:00:00+00:00,0.3001,0.3012,0.2976,0.2989,2975183.96
2023-07-05 19:00:00+00:00,0.2989,0.3,0.2977,0.298,1074900.32
2023-07-05 20:00:00+00:00,0.298,0.2993,0.2954,0.2983,2541524.84
2023-07-05 21:00:00+00:00,0.2983,0.2989,0.2973,0.2981,1112267.74
2023-07-05 22:00:00+00:00,0.2981,0.3003,0.2977,0.2986,987278.62
2023-07-05 23:00:00+00:00,0.2986,0.3011,0.2982,0.2996,944915.68
2023-07-06 00:00:00+00:00,0.2996,0.2996,0.2962,0.2963,2367561.57
2023-07-06 01:00:00+00:00,0.2963,0.2976,0.2947,0.2975,2135214.54
2023-07-06 02:00:00+00:00,0.2975,0.2995,0.2958,0.296,2488790.17
2023-07-06 03:00:00+00:00,0.296,0.2968,0.2947,0.2949,2434065.6
2023-07-06 04:00:00+00:00,0.2949,0.2961,0.292,0.2929,2918263.7
2023-07-06 05:00:00+00:00,0.2929,0.2984,0.2925,0.298,2882965.78
2023-07-06 06:00:00+00:00,0.298,0.3006,0.297,0.3002,2330735.02
2023-07-06 07:00:00+00:00,0.3002,0.3029,0.2993,0.3006,4436231.2
2023-07-06 08:00:00+00:00,0.3006,0.3064,0.3003,0.306,5507501.79
2023-07-06 09:00:00+00:00,0.306,0.3077,0.3027,0.3031,4234602.16
2023-07-06 10:00:00+00:00,0.3031,0.3042,0.3014,0.3038,6268922.62
2023-07-06 11:00:00+00:00,0.3038,0.304,0.2964,0.2986,6085739.38
2023-07-06 12:00:00+00:00,0.2986,0.299,0.293,0.2961,6983674.97
2023-07-06 13:00:00+00:00,0.2961,0.2973,0.2922,0.2934,3920619.24
2023-07-06 14:00:00+00:00,0.2934,0.2946,0.2824,0.2877,13564306.51
2023-07-06 15:00:00+00:00,0.2877,0.2924,0.2861,0.2923,3240478.84
2023-07-06 16:00:00+00:00,0.2923,0.2936,0.2878,0.2898,4296689.96
2023-07-06 17:00:00+00:00,0.2898,0.2907,0.2888,0.2898,1598454.62
2023-07-06 18:00:00+00:00,0.2898,0.2925,0.2884,0.292,6907136.28
2023-07-06 19:00:00+00:00,0.292,0.292,0.2727,0.2773,24256963.94
2023-07-06 20:00:00+00:00,0.2773,0.282,0.2711,0.2741,27417547.6
2023-07-06 21:00:00+00:00,0.2741,0.2792,0.2701,0.2791,24411289.79
2023-07-06 22:00:00+00:00,0.2791,0.2793,0.272,0.2735,13895237.87
2023-07-06 23:00:00+00:00,0.2735,0.2738,0.2682,0.2685,15422635.77
2023-07-07 00:00:00+00:00,0.2685,0.2708,0.2614,0.2653,22756672.97
2023-07-07 01:00:00+00:00,0.2653,0.2681,0.2621,0.2675,19504173.38
2023-07-07 02:00:00+00:00,0.2675,0.2691,0.2661,0.268,7714580.98
2023-07-07 03:00:00+00:00,0.268,0.2682,0.2647,0.2655,5564073.67
2023-07-07 04:00:00+00:00,0.2655,0.2676,0.2606,0.2614,7710832.0
2023-07-07 05:00:00+00:00,0.2614,0.2706,0.2604,0.2691,15540558.2
2023-07-07 06:00:00+00:00,0.2691,0.2702,0.2671,0.269,12778038.97
2023-07-07 07:00:00+00:00,0.269,0.273,0.2682,0.2701,18534182.97
2023-07-07 08:00:00+00:00,0.2701,0.2713,0.2676,0.2682,7914375.97
2023-07-07 09:00:00+00:00,0.2682,0.2705,0.2677,0.2685,7761192.15
2023-07-07 10:00:00+00:00,0.2685,0.2685,0.2656,0.2681,9494994.78
2023-07-07 11:00:00+00:00,0.2681,0.2713,0.2673,0.2683,13403581.97
2023-07-07 12:00:00+00:00,0.2683,0.2733,0.2673,0.2681,13492512.94
2023-07-07 13:00:00+00:00,0.2681,0.2713,0.2673,0.2703,7434674.32
2023-07-07 14:00:00+00:00,0.2703,0.2709,0.2677,0.2683,7649666.35
2023-07-07 15:00:00+00:00,0.2683,0.2687,0.2668,0.2679,7699380.01
2023-07-07 16:00:00+00:00,0.2679,0.2691,0.2645,0.2663,9456632.41
2023-07-07 17:00:00+00:00,0.2663,0.2705,0.2655,0.2703,10783956.99
2023-07-07 18:00:00+00:00,0.2703,0.2724,0.265,0.2656,9738388.78
2023-07-07 19:00:00+00:00,0.2656,0.2671,0.2655,0.2669,3902531.62
2023-07-07 20:00:00+00:00,0.2669,0.2669,0.265,0.2664,3483801.58
2023-07-07 21:00:00+00:00,0.2664,0.2671,0.2655,0.2657,1480018.88
2023-07-07 22:00:00+00:00,0.2657,0.2679,0.2653,0.2654,2786403.37
2023-07-07 23:00:00+00:00,0.2654,0.2711,0.2654,0.2682,9334656.97
2023-07-08 00:00:00+00:00,0.2682,0.2702,0.2667,0.2702,3756399.48
2023-07-08 01:00:00+00:00,0.2702,0.272,0.2688,0.2713,3836684.38
2023-07-08 02:00:00+00:00,0.2713,0.2725,0.2701,0.2716,3127119.79
2023-07-08 03:00:00+00:00,0.2716,0.2721,0.27,0.2705,2371016.2
2023-07-08 04:00:00+00:00,0.2705,0.2706,0.2668,0.2671,4187026.45
2023-07-08 05:00:00+00:00,0.2671,0.2675,0.2655,0.2674,3529045.87
2023-07-08 06:00:00+00:00,0.2674,0.2682,0.2657,0.2671,2498609.09
2023-07-08 07:00:00+00:00,0.2671,0.2699,0.267,0.2689,2457704.64
2023-07-08 08:00:00+00:00,0.2689,0.2777,0.2685,0.2773,14829062.83
2023-07-08 09:00:00+00:00,0.2773,0.279,0.2753,0.2753,7069908.45
2023-07-08 10:00:00+00:00,0.2753,0.2755,0.2727,0.2739,8127037.55
2023-07-08 11:00:00+00:00,0.2739,0.2753,0.2697,0.2722,10127737.77
2023-07-08 12:00:00+00:00,0.2722,0.2725,0.2696,0.2701,3819017.62
2023-07-08 13:00:00+00:00,0.2701,0.2772,0.2701,0.2752,12057925.16
2023-07-08 14:00:00+00:00,0.2752,0.2755,0.2729,0.2731,3757134.69
2023-07-08 15:00:00+00:00,0.2731,0.2735,0.2707,0.2718,4893222.83
2023-07-08 16:00:00+00:00,0.2718,0.2744,0.2713,0.2725,4861109.65
2023-07-08 17:00:00+00:00,0.2725,0.2745,0.271,0.2745,4672141.74
2023-07-08 18:00:00+00:00,0.2745,0.2745,0.2718,0.2723,2224975.56
2023-07-08 19:00:00+00:00,0.2723,0.2729,0.2699,0.2715,5758357.42
2023-07-08 20:00:00+00:00,0.2715,0.2724,0.2688,0.2724,4022462.7
2023-07-08 21:00:00+00:00,0.2724,0.273,0.2713,0.272,1783511.13
2023-07-08 22:00:00+00:00,0.272,0.2762,0.2718,0.2754,3598384.49
2023-07-08 23:00:00+00:00,0.2754,0.2767,0.2743,0.276,3098414.26
2023-07-09 00:00:00+00:00,0.276,0.2783,0.2752,0.2773,4769419.29
2023-07-09 01:00:00+00:00,0.2773,0.2799,0.2773,0.2798,2953567.24
2023-07-09 02:00:00+00:00,0.2798,0.2803,0.2769,0.2779,3247173.11
2023-07-09 03:00:00+00:00,0.2779,0.2788,0.2764,0.2764,2445760.2
2023-07-09 04:00:00+00:00,0.2764,0.277,0.2757,0.2762,2004734.47
2023-07-09 05:00:00+00:00,0.2762,0.2774,0.2754,0.2756,2364836.45
2023-07-09 06:00:00+00:00,0.2756,0.2766,0.274,0.2752,2655873.94
2023-07-09 07:00:00+00:00,0.2752,0.2773,0.2742,0.2746,3422152.4
2023-07-09 08:00:00+00:00,0.2746,0.2749,0.2728,0.2742,4205725.09
2023-07-09 09:00:00+00:00,0.2742,0.275,0.2724,0.274,3278657.31
2023-07-09 10:00:00+00:00,0.274,0.2743,0.2728,0.2736,2037532.27
2023-07-09 11:00:00+00:00,0.2736,0.2738,0.2716,0.2728,2417989.12
2023-07-09 12:00:00+00:00,0.2728,0.2766,0.2719,0.2757,5054885.62
2023-07-09 13:00:00+00:00,0.2757,0.2771,0.2744,0.2745,4461817.41
2023-07-09 14:00:00+00:00,0.2745,0.2769,0.2722,0.2751,4262172.85
2023-07-09 15:00:00+00:00,0.2751,0.2759,0.2723,0.2727,4623989.07
2023-07-09 16:00:00+00:00,0.2727,0.2731,0.2708,0.2715,4162284.89
2023-07-09 17:00:00+00:00,0.2715,0.2721,0.27,0.2718,3871097.56
2023-07-09 18:00:00+00:00,0.2718,0.2723,0.2706,0.2709,1675644.33
2023-07-09 19:00:00+00:00,0.2709,0.2715,0.2702,0.2707,1828816.73
2023-07-09 20:00:00+00:00,0.2707,0.2714,0.2699,0.2714,3700846.43
2023-07-09 21:00:00+00:00,0.2714,0.2716,0.2683,0.2687,2406186.25
2023-07-09 22:00:00+00:00,0.2687,0.2703,0.2672,0.2696,2798809.88
2023-07-09 23:00:00+00:00,0.2696,0.2696,0.267,0.2679,2078979.12
2023-07-10 00:00:00+00:00,0.2679,0.2681,0.2574,0.26,15652591.75
2023-07-10 01:00:00+00:00,0.26,0.2619,0.2583,0.2592,5770333.56
2023-07-10 02:00:00+00:00,0.2592,0.2628,0.2592,0.2619,2593525.32
2023-07-10 03:00:00+00:00,0.2619,0.2627,0.2604,0.2617,2024982.52
2023-07-10 04:00:00+00:00,0.2617,0.2635,0.2605,0.263,1971745.99
2023-07-10 05:00:00+00:00,0.263,0.2634,0.2594,0.2597,4516377.62
2023-07-10 06:00:00+00:00,0.2597,0.2615,0.2595,0.2604,2162401.4
2023-07-10 07:00:00+00:00,0.2604,0.2616,0.2596,0.2606,1834914.08
2023-07-10 08:00:00+00:00,0.2606,0.2616,0.2586,0.2611,6540394.49
2023-07-10 09:00:00+00:00,0.2611,0.2657,0.2598,0.2657,6739492.12
2023-07-10 10:00:00+00:00,0.2657,0.266,0.2639,0.2645,4646777.05
2023-07-10 11:00:00+00:00,0.2645,0.2651,0.2626,0.2649,6952346.88
2023-07-10 12:00:00+00:00,0.2649,0.2662,0.2629,0.2632,6737259.37
2023-07-10 13:00:00+00:00,0.2632,0.2663,0.2631,0.2645,3574665.33
2023-07-10 14:00:00+00:00,0.2645,0.2679,0.2642,0.2669,4282294.86
2023-07-10 15:00:00+00:00,0.2669,0.2676,0.2653,0.2667,3101700.78
2023-07-10 16:00:00+00:00,0.2667,0.2678,0.2649,0.2667,2400524.36
2023-07-10 17:00:00+00:00,0.2667,0.2695,0.266,0.2665,3238694.34
2023-07-10 18:00:00+00:00,0.2665,0.2731,0.2665,0.2726,4743418.09
2023-07-10 19:00:00+00:00,0.2726,0.2745,0.2711,0.2738,5134163.2
2023-07-10 20:00:00+00:00,0.2738,0.2759,0.2724,0.2738,6920507.37
2023-07-10 21:00:00+00:00,0.2738,0.2759,0.2712,0.2722,5497596.65
2023-07-10 22:00:00+00:00,0.2722,0.2742,0.2706,0.2718,8451560.97
2023-07-10 23:00:00+00:00,0.2718,0.2736,0.2713,0.2724,4072466.89
2023-07-11 00:00:00+00:00,0.2724,0.2765,0.2724,0.2737,7623450.6
2023-07-11 01:00:00+00:00,0.2737,0.2798,0.2736,0.2773,8764448.22
2023-07-11 02:00:00+00:00,0.2773,0.2794,0.2768,0.2771,3132553.29
2023-07-11 03:00:00+00:00,0.2771,0.2788,0.2764,0.2774,4035796.26
2023-07-11 04:00:00+00:00,0.2774,0.2799,0.2765,0.277,3128525.25
2023-07-11 05:00:00+00:00,0.277,0.2777,0.2764,0.2776,2547716.46
2023-07-11 06:00:00+00:00,0.2776,0.2792,0.2773,0.2788,3770727.2
2023-07-11 07:00:00+00:00,0.2788,0.2788,0.2763,0.2763,6743883.71
2023-07-11 08:00:00+00:00,0.2763,0.2772,0.2748,0.2755,4374415.35
2023-07-11 09:00:00+00:00,0.2755,0.2763,0.2738,0.2751,2897470.17
2023-07-11 10:00:00+00:00,0.2751,0.2751,0.272,0.2729,3500248.36
2023-07-11 11:00:00+00:00,0.2729,0.2748,0.2728,0.2746,1467339.47
2023-07-11 12:00:00+00:00,0.2746,0.2753,0.2732,0.275,2600113.4
2023-07-11 13:00:00+00:00,0.275,0.2751,0.2717,0.2732,3778778.94
2023-07-11 14:00:00+00:00,0.2732,0.2754,0.2708,0.2738,5023171.9
2023-07-11 15:00:00+00:00,0.2738,0.2769,0.2718,0.2728,5924614.2
2023-07-11 16:00:00+00:00,0.2728,0.2729,0.2702,0.2717,4509353.83
2023-07-11 17:00:00+00:00,0.2717,0.2727,0.2707,0.2712,3067546.59
2023-07-11 18:00:00+00:00,0.2712,0.272,0.2693,0.2701,3368065.28
2023-07-11 19:00:00+00:00,0.2701,0.2709,0.2686,0.2699,2669191.55
2023-07-11 20:00:00+00:00,0.2699,0.2722,0.2699,0.2712,5172030.33
2023-07-11 21:00:00+00:00,0.2712,0.2715,0.2698,0.2713,704744.05
2023-07-11 22:00:00+00:00,0.2713,0.2715,0.2707,0.2713,1201820.48
2023-07-11 23:00:00+00:00,0.2713,0.2725,0.2713,0.2722,1771089.64
2023-07-12 00:00:00+00:00,0.2722,0.2737,0.2706,0.2725,3030741.78
2023-07-12 01:00:00+00:00,0.2725,0.2749,0.2719,0.2737,2765472.43
2023-07-12 02:00:00+00:00,0.2737,0.2739,0.2718,0.2727,1865335.83
2023-07-12 03:00:00+00:00,0.2727,0.2729,0.271,0.2715,1229172.42
2023-07-12 04:00:00+00:00,0.2715,0.2732,0.2705,0.2732,1832641.39
2023-07-12 05:00:00+00:00,0.2732,0.2738,0.2725,0.2728,2266062.94
2023-07-12 06:00:00+00:00,0.2728,0.2755,0.2725,0.2754,4149605.03
2023-07-12 07:00:00+00:00,0.2754,0.2776,0.2748,0.2764,5941959.81
2023-07-12 08:00:00+00:00,0.2764,0.2764,0.274,0.2753,2426270.99
2023-07-12 09:00:00+00:00,0.2753,0.2755,0.274,0.2751,1115797.15
2023-07-12 10:00:00+00:00,0.2751,0.2754,0.2739,0.275,3526211.54
2023-07-12 11:00:00+00:00,0.275,0.2761,0.2748,0.2757,1647162.63
2023-07-12 12:00:00+00:00,0.2757,0.2794,0.2733,0.2758,11801144.8
2023-07-12 13:00:00+00:00,0.2758,0.2774,0.2725,0.275,6415876.1
2023-07-12 14:00:00+00:00,0.275,0.2778,0.275,0.2762,4898609.83
2023-07-12 15:00:00+00:00,0.2762,0.2791,0.2733,0.2745,9739529.35
2023-07-12 16:00:00+00:00,0.2745,0.2747,0.2714,0.2731,3387960.43
2023-07-12 17:00:00+00:00,0.2731,0.2738,0.2715,0.2716,1941427.41
2023-07-12 18:00:00+00:00,0.2716,0.2725,0.2713,0.2716,2023156.1
2023-07-12 19:00:00+00:00,0.2716,0.2718,0.2677,0.2692,11015603.37
2023-07-12 20:00:00+00:00,0.2692,0.2713,0.2683,0.2708,1693557.01
2023-07-12 21:00:00+00:00,0.2708,0.2711,0.2697,0.2705,1386258.94
2023-07-12 22:00:00+00:00,0.2705,0.2705,0.2692,0.2702,808648.82
2023-07-12 23:00:00+00:00,0.2702,0.2734,0.27,0.2723,2002859.14
2023-07-13 00:00:00+00:00,0.2723,0.2745,0.2711,0.2721,2892232.43
2023-07-13 01:00:00+00:00,0.2721,0.2734,0.271,0.2734,2020069.76
2023-07-13 02:00:00+00:00,0.2734,0.2741,0.2716,0.2717,1983153.78
2023-07-13 03:00:00+00:00,0.2717,0.2725,0.2709,0.2717,2625427.29
2023-07-13 04:00:00+00:00,0.2717,0.2742,0.271,0.273,2580371.08
2023-07-13 05:00:00+00:00,0.273,0.2738,0.2718,0.2738,1584042.29
2023-07-13 06:00:00+00:00,0.2738,0.276,0.2736,0.2752,3458984.64
2023-07-13 07:00:00+00:00,0.2752,0.2769,0.2751,0.2753,2630640.22
2023-07-13 08:00:00+00:00,0.2753,0.2781,0.2753,0.2779,3494872.38
2023-07-13 09:00:00+00:00,0.2779,0.2828,0.2774,0.282,7430304.88
2023-07-13 10:00:00+00:00,0.282,0.2829,0.2799,0.2815,3787625.91
2023-07-13 11:00:00+00:00,0.2815,0.2848,0.2814,0.284,5686763.5
2023-07-13 12:00:00+00:00,0.284,0.286,0.282,0.2851,5950749.0
2023-07-13 13:00:00+00:00,0.2851,0.289,0.2847,0.2885,8241532.41
2023-07-13 14:00:00+00:00,0.2885,0.2887,0.2839,0.2845,6096768.86
2023-07-13 15:00:00+00:00,0.2845,0.2996,0.2841,0.2971,24763422.13
2023-07-13 16:00:00+00:00,0.2971,0.3015,0.2949,0.2976,16311713.95
2023-07-13 17:00:00+00:00,0.2976,0.3028,0.2957,0.3012,21500522.49
2023-07-13 18:00:00+00:00,0.3012,0.3099,0.2983,0.3045,23041682.57
2023-07-13 19:00:00+00:00,0.3045,0.3087,0.3023,0.3073,11911471.33
2023-07-13 20:00:00+00:00,0.3073,0.3086,0.3037,0.3049,8295445.34
2023-07-13 21:00:00+00:00,0.3049,0.3059,0.3011,0.3055,5806560.54
2023-07-13 22:00:00+00:00,0.3055,0.3081,0.2986,0.3051,9776781.28
2023-07-13 23:00:00+00:00,0.3051,0.3079,0.3049,0.3078,3749436.13
2023-07-14 00:00:00+00:00,0.3078,0.3172,0.307,0.3156,13142007.65
2023-07-14 01:00:00+00:00,0.3156,0.3171,0.3103,0.3145,7863546.52
2023-07-14 02:00:00+00:00,0.3145,0.3179,0.3111,0.3174,5329906.76
2023-07-14 03:00:00+00:00,0.3174,0.3186,0.3131,0.3147,4295455.2
2023-07-14 04:00:00+00:00,0.3147,0.3161,0.3128,0.3152,4224782.94
2023-07-14 05:00:00+00:00,0.3152,0.3152,0.3114,0.3141,4586752.2
2023-07-14 06:00:00+00:00,0.3141,0.3153,0.3121,0.3134,6578627.79
2023-07-14 07:00:00+00:00,0.3134,0.3155,0.3104,0.312,7267828.67
2023-07-14 08:00:00+00:00,0.312,0.3175,0.3116,0.3138,8696800.7
2023-07-14 09:00:00+00:00,0.3138,0.3139,0.3033,0.3051,12798165.49
2023-07-14 10:00:00+00:00,0.3051,0.3054,0.2973,0.2998,11835271.84
2023-07-14 11:00:00+00:00,0.2998,0.303,0.2984,0.3003,5988403.61
2023-07-14 12:00:00+00:00,0.3003,0.3011,0.2955,0.2976,7999502.81
2023-07-14 13:00:00+00:00,0.2976,0.3027,0.2968,0.3013,7855018.62
2023-07-14 14:00:00+00:00,0.3013,0.3015,0.2987,0.2988,13407743.75
2023-07-14 15:00:00+00:00,0.2988,0.3029,0.2975,0.3001,16673818.99
2023-07-14 16:00:00+00:00,0.3001,0.3011,0.2898,0.2946,27668995.71
2023-07-14 17:00:00+00:00,0.2946,0.2947,0.2859,0.2868,19402589.34
2023-07-14 18:00:00+00:00,0.2868,0.2893,0.2735,0.2759,29298438.08
2023-07-14 19:00:00+00:00,0.2759,0.2787,0.2727,0.2764,11692042.56
2023-07-14 20:00:00+00:00,0.2764,0.2794,0.275,0.2786,8528784.09
2023-07-14 21:00:00+00:00,0.2786,0.2813,0.2782,0.2813,7665414.18
2023-07-14 22:00:00+00:00,0.2813,0.2813,0.2794,0.2795,2856492.24
2023-07-14 23:00:00+00:00,0.2795,0.2833,0.2784,0.2831,5303989.28
2023-07-15 00:00:00+00:00,0.2831,0.2831,0.2766,0.281,8244156.33
2023-07-15 01:00:00+00:00,0.281,0.2821,0.2789,0.2805,3496888.26
2023-07-15 02:00:00+00:00,0.2805,0.2813,0.2789,0.2801,2876188.04
2023-07-15 03:00:00+00:00,0.2801,0.2806,0.2768,0.2785,4619319.43
2023-07-15 04:00:00+00:00,0.2785,0.2803,0.2781,0.2787,2982147.54
2023-07-15 05:00:00+00:00,0.2787,0.2789,0.2767,0.2789,3227282.13
2023-07-15 06:00:00+00:00,0.2789,0.2811,0.2778,0.2809,4740586.84
2023-07-15 07:00:00+00:00,0.2809,0.2869,0.2806,0.285,8678797.13
2023-07-15 08:00:00+00:00,0.285,0.2853,0.282,0.2835,6224408.23
2023-07-15 09:00:00+00:00,0.2835,0.286,0.2829,0.2855,3877591.93
2023-07-15 10:00:00+00:00,0.2855,0.2874,0.2842,0.2849,3778827.24
2023-07-15 11:00:00+00:00,0.2849,0.2853,0.2831,0.2844,2664568.23
2023-07-15 12:00:00+00:00,0.2844,0.2844,0.2821,0.2823,4598504.32
2023-07-15 13:00:00+00:00,0.2823,0.2827,0.2778,0.2808,12547355.72
2023-07-15 14:00:00+00:00,0.2808,0.2812,0.275,0.2762,10419029.17
2023-07-15 15:00:00+00:00,0.2762,0.278,0.2737,0.2747,8380641.84
2023-07-15 16:00:00+00:00,0.2747,0.275,0.2708,0.2725,9525473.34
2023-07-15 17:00:00+00:00,0.2725,0.2755,0.2725,0.2739,4120455.13
2023-07-15 18:00:00+00:00,0.2739,0.2771,0.2735,0.2766,4492258.05
2023-07-15 19:00:00+00:00,0.2766,0.2877,0.2762,0.2778,8299305.39
2023-07-15 20:00:00+00:00,0.2778,0.2778,0.2755,0.2758,5372755.64
2023-07-15 21:00:00+00:00,0.2758,0.2762,0.2735,0.2747,2145454.71
2023-07-15 22:00:00+00:00,0.2747,0.275,0.2728,0.274,2518053.06
2023-07-15 23:00:00+00:00,0.274,0.2757,0.274,0.2756,2961975.41
2023-07-16 00:00:00+00:00,0.2756,0.2764,0.274,0.2752,2124833.6
2023-07-16 01:00:00+00:00,0.2752,0.2765,0.2739,0.2744,2799999.33
2023-07-16 02:00:00+00:00,0.2744,0.2745,0.2664,0.2701,13009109.42
2023-07-16 03:00:00+00:00,0.2701,0.2702,0.2678,0.2685,5943684.95
2023-07-16 04:00:00+00:00,0.2685,0.2692,0.2668,0.2688,3197455.54
2023-07-16 05:00:00+00:00,0.2688,0.2701,0.2675,0.2691,4512165.75
2023-07-16 06:00:00+00:00,0.2691,0.2693,0.2665,0.2687,5047270.47
2023-07-16 07:00:00+00:00,0.2687,0.2697,0.2686,0.2689,2682469.88
2023-07-16 08:00:00+00:00,0.2689,0.2696,0.2679,0.2687,3297254.02
2023-07-16 09:00:00+00:00,0.2687,0.2705,0.2686,0.2699,3566706.72
2023-07-16 10:00:00+00:00,0.2699,0.2719,0.2684,0.2696,4291204.69
2023-07-16 11:00:00+00:00,0.2696,0.2713,0.2691,0.271,2224712.9
2023-07-16 12:00:00+00:00,0.271,0.2714,0.2698,0.2702,2611415.62
2023-07-16 13:00:00+00:00,0.2702,0.2705,0.269,0.2701,2493347.88
2023-07-16 14:00:00+00:00,0.2701,0.2734,0.2699,0.2722,7963627.6
2023-07-16 15:00:00+00:00,0.2722,0.2729,0.2699,0.2705,5810299.84
2023-07-16 16:00:00+00:00,0.2705,0.2705,0.2677,0.2683,6801848.88
2023-07-16 17:00:00+00:00,0.2683,0.2704,0.2676,0.2697,3674738.96
2023-07-16 18:00:00+00:00,0.2697,0.2697,0.266,0.2669,6224030.62
2023-07-16 19:00:00+00:00,0.2669,0.2677,0.2643,0.2659,5030249.85
2023-07-16 20:00:00+00:00,0.2659,0.2668,0.2646,0.2659,3135786.78
2023-07-16 21:00:00+00:00,0.2659,0.2678,0.2656,0.2657,2765786.28
2023-07-16 22:00:00+00:00,0.2657,0.2667,0.2646,0.265,2650114.8
2023-07-16 23:00:00+00:00,0.265,0.2655,0.2582,0.2596,13025703.13
2023-07-17 00:00:00+00:00,0.2596,0.2597,0.2553,0.2569,13351979.37
2023-07-17 01:00:00+00:00,0.2569,0.2625,0.2561,0.2611,5721914.37
2023-07-17 02:00:00+00:00,0.2611,0.2617,0.2599,0.2603,3369016.5
2023-07-17 03:00:00+00:00,0.2603,0.2642,0.2599,0.264,3792810.41
2023-07-17 04:00:00+00:00,0.264,0.2661,0.2626,0.2659,7236059.61
2023-07-17 05:00:00+00:00,0.2659,0.2697,0.265,0.2653,8641100.92
2023-07-17 06:00:00+00:00,0.2653,0.2669,0.2642,0.2662,3401021.6
2023-07-17 07:00:00+00:00,0.2662,0.2683,0.2656,0.2671,3605851.12
2023-07-17 08:00:00+00:00,0.2671,0.2692,0.2648,0.2659,5394446.94
2023-07-17 09:00:00+00:00,0.2659,0.2672,0.2606,0.2618,9599273.01
2023-07-17 10:00:00+00:00,0.2618,0.2637,0.2528,0.263,15262769.95
2023-07-17 11:00:00+00:00,0.263,0.2663,0.2625,0.2626,7772194.92
2023-07-17 12:00:00+00:00,0.2626,0.2638,0.2597,0.2637,7315293.61
2023-07-17 13:00:00+00:00,0.2637,0.2654,0.2617,0.2633,5126832.6
2023-07-17 14:00:00+00:00,0.2633,0.2639,0.2605,0.2625,5187847.5
2023-07-17 15:00:00+00:00,0.2625,0.2677,0.2604,0.2618,9071196.75
2023-07-17 16:00:00+00:00,0.2618,0.2641,0.2604,0.2623,6251860.58
2023-07-17 17:00:00+00:00,0.2623,0.2638,0.2569,0.2604,10516392.99
2023-07-17 18:00:00+00:00,0.2604,0.2619,0.2567,0.2608,6394181.29
2023-07-17 19:00:00+00:00,0.2608,0.2644,0.2594,0.2634,5102210.65
2023-07-17 20:00:00+00:00,0.2634,0.2645,0.2596,0.2607,4311972.44
2023-07-17 21:00:00+00:00,0.2607,0.2662,0.2602,0.2657,3685176.13
2023-07-17 22:00:00+00:00,0.2657,0.266,0.2635,0.2636,2393558.3
2023-07-17 23:00:00+00:00,0.2636,0.2647,0.2626,0.2641,3836554.13
2023-07-18 00:00:00+00:00,0.2641,0.2662,0.2628,0.265,3017226.93
2023-07-18 01:00:00+00:00,0.265,0.2679,0.2639,0.267,3801837.0
2023-07-18 02:00:00+00:00,0.267,0.2672,0.2638,0.2642,2683351.04
2023-07-18 03:00:00+00:00,0.2642,0.2655,0.2639,0.2642,1750714.69
2023-07-18 04:00:00+00:00,0.2642,0.2651,0.2621,0.2632,3960283.58
2023-07-18 05:00:00+00:00,0.2632,0.2634,0.2622,0.2624,2089574.65
2023-07-18 06:00:00+00:00,0.2624,0.2633,0.2573,0.2591,6204917.17
2023-07-18 07:00:00+00:00,0.2591,0.261,0.2583,0.2598,3481844.4
2023-07-18 08:00:00+00:00,0.2598,0.2616,0.2574,0.2601,4647383.69
2023-07-18 09:00:00+00:00,0.2601,0.2612,0.2592,0.2596,2409063.67
2023-07-18 10:00:00+00:00,0.2596,0.2617,0.2592,0.2613,2532118.74
2023-07-18 11:00:00+00:00,0.2613,0.2619,0.2565,0.2571,5013753.56
2023-07-18 12:00:00+00:00,0.2571,0.2595,0.2555,0.2579,4347351.54
2023-07-18 13:00:00+00:00,0.2579,0.2591,0.2566,0.2579,4862897.42
2023-07-18 14:00:00+00:00,0.2579,0.2618,0.2577,0.2596,6299274.71
2023-07-18 15:00:00+00:00,0.2596,0.2596,0.2566,0.2579,3776230.05
2023-07-18 16:00:00+00:00,0.2579,0.2586,0.2509,0.2537,8709730.2
2023-07-18 17:00:00+00:00,0.2537,0.2553,0.2528,0.2553,3635702.62
2023-07-18 18:00:00+00:00,0.2553,0.2577,0.2545,0.2571,2624881.78
2023-07-18 19:00:00+00:00,0.2571,0.2582,0.2547,0.2551,2883252.19
2023-07-18 20:00:00+00:00,0.2551,0.2563,0.2539,0.2545,3048720.05
2023-07-18 21:00:00+00:00,0.2545,0.2569,0.2545,0.2565,1057158.2
2023-07-18 22:00:00+00:00,0.2565,0.2577,0.2554,0.2573,1143367.46
2023-07-18 23:00:00+00:00,0.2573,0.2578,0.2559,0.2571,1747672.31
2023-07-19 00:00:00+00:00,0.2571,0.2607,0.2558,0.2607,2388966.35
2023-07-19 01:00:00+00:00,0.2607,0.263,0.26,0.2612,3528379.15
2023-07-19 02:00:00+00:00,0.2612,0.2621,0.2599,0.2619,1180615.85
2023-07-19 03:00:00+00:00,0.2619,0.2628,0.2604,0.2614,3400745.17
2023-07-19 04:00:00+00:00,0.2614,0.2627,0.2605,0.2608,2332654.97
2023-07-19 05:00:00+00:00,0.2608,0.2638,0.2602,0.2629,3984559.1
2023-07-19 06:00:00+00:00,0.2629,0.2632,0.2601,0.261,3000295.04
2023-07-19 07:00:00+00:00,0.261,0.2617,0.2591,0.2597,2190911.24
2023-07-19 08:00:00+00:00,0.2597,0.2597,0.2561,0.2564,3677424.9
2023-07-19 09:00:00+00:00,0.2564,0.2593,0.2556,0.2585,3723340.96
2023-07-19 10:00:00+00:00,0.2585,0.2593,0.258,0.2584,1958590.36
2023-07-19 11:00:00+00:00,0.2584,0.2593,0.2574,0.2589,2324573.21
2023-07-19 12:00:00+00:00,0.2589,0.2591,0.2564,0.2576,2450002.28
2023-07-19 13:00:00+00:00,0.2576,0.2599,0.2559,0.259,3921750.81
2023-07-19 14:00:00+00:00,0.259,0.2593,0.254,0.2549,6530842.76
2023-07-19 15:00:00+00:00,0.2549,0.2568,0.2538,0.2558,3756010.94
2023-07-19 16:00:00+00:00,0.2558,0.2561,0.2538,0.2541,2852271.85
2023-07-19 17:00:00+00:00,0.2541,0.2589,0.2536,0.2577,4153532.15
2023-07-19 18:00:00+00:00,0.2577,0.2587,0.2562,0.2587,3952747.67
2023-07-19 19:00:00+00:00,0.2587,0.2595,0.2577,0.2579,3040586.25
2023-07-19 20:00:00+00:00,0.2579,0.2581,0.2556,0.2558,2982494.53
2023-07-19 21:00:00+00:00,0.2558,0.2558,0.253,0.2556,2814575.48
2023-07-19 22:00:00+00:00,0.2556,0.2559,0.2539,0.2546,1757784.16
2023-07-19 23:00:00+00:00,0.2546,0.2553,0.2535,0.2541,1998321.99
2023-07-20 00:00:00+00:00,0.2541,0.2564,0.253,0.2557,2279846.21
2023-07-20 01:00:00+00:00,0.2557,0.2569,0.2555,0.2564,1226333.92
2023-07-20 02:00:00+00:00,0.2564,0.2582,0.2562,0.2567,1579896.18
2023-07-20 03:00:00+00:00,0.2567,0.2571,0.255,0.2555,1392445.07
2023-07-20 04:00:00+00:00,0.2555,0.2572,0.2553,0.2562,2297086.75
2023-07-20 05:00:00+00:00,0.2562,0.2598,0.2559,0.259,2626618.58
2023-07-20 06:00:00+00:00,0.259,0.2601,0.2579,0.2592,2144183.05
2023-07-20 07:00:00+00:00,0.2592,0.2622,0.2591,0.2616,5349114.22
2023-07-20 08:00:00+00:00,0.2616,0.2629,0.2611,0.2618,3176111.15
2023-07-20 09:00:00+00:00,0.2618,0.2627,0.2605,0.2618,4305735.91
2023-07-20 10:00:00+00:00,0.2618,0.263,0.2604,0.2607,4254096.02
2023-07-20 11:00:00+00:00,0.2607,0.2616,0.2596,0.2612,3194583.8
2023-07-20 12:00:00+00:00,0.2612,0.2622,0.2593,0.2598,3206818.22
2023-07-20 13:00:00+00:00,0.2598,0.261,0.259,0.2603,2894267.14
2023-07-20 14:00:00+00:00,0.2603,0.2607,0.251,0.2544,13521591.22
2023-07-20 15:00:00+00:00,0.2544,0.2559,0.2535,0.2543,4083333.88
2023-07-20 16:00:00+00:00,0.2543,0.2558,0.2535,0.2542,3671322.31
2023-07-20 17:00:00+00:00,0.2542,0.2564,0.2539,0.2556,2149703.88
2023-07-20 18:00:00+00:00,0.2556,0.2559,0.2528,0.2538,2542281.45
2023-07-20 19:00:00+00:00,0.2538,0.256,0.2536,0.2554,1561891.52
2023-07-20 20:00:00+00:00,0.2554,0.2559,0.2535,0.2557,1740499.03
2023-07-20 21:00:00+00:00,0.2557,0.2585,0.2556,0.2579,3200462.97
2023-07-20 22:00:00+00:00,0.2579,0.2584,0.2569,0.2577,2874709.95
2023-07-20 23:00:00+00:00,0.2577,0.2583,0.2572,0.2579,1562404.83
2023-07-21 00:00:00+00:00,0.2579,0.2585,0.2555,0.2573,2827856.57
2023-07-21 01:00:00+00:00,0.2573,0.2602,0.2566,0.2601,2747676.32
2023-07-21 02:00:00+00:00,0.2601,0.2611,0.2592,0.2605,2045713.03
2023-07-21 03:00:00+00:00,0.2605,0.2612,0.2597,0.2601,2478160.21
2023-07-21 04:00:00+00:00,0.2601,0.2604,0.258,0.2587,2145086.87
2023-07-21 05:00:00+00:00,0.2587,0.2591,0.2556,0.2571,4509903.27
2023-07-21 06:00:00+00:00,0.2571,0.258,0.2561,0.2572,2134659.85
2023-07-21 07:00:00+00:00,0.2572,0.2577,0.2556,0.2561,1558528.38
2023-07-21 08:00:00+00:00,0.2561,0.2578,0.256,0.2576,1346533.67
2023-07-21 09:00:00+00:00,0.2576,0.2586,0.2565,0.2566,1751307.11
2023-07-21 10:00:00+00:00,0.2566,0.2582,0.2565,0.257,1787407.98
2023-07-21 11:00:00+00:00,0.257,0.258,0.2567,0.2573,1148403.06
2023-07-21 12:00:00+00:00,0.2573,0.2601,0.2572,0.2594,2937163.68
2023-07-21 13:00:00+00:00,0.2594,0.2594,0.2572,0.2581,3561424.28
2023-07-21 14:00:00+00:00,0.2581,0.2593,0.2572,0.2593,1882505.95
2023-07-21 15:00:00+00:00,0.2593,0.2595,0.2578,0.2582,1709087.72
2023-07-21 16:00:00+00:00,0.2582,0.2584,0.2568,0.257,1678206.1
2023-07-21 17:00:00+00:00,0.257,0.2586,0.2568,0.2583,2448445.49
2023-07-21 18:00:00+00:00,0.2583,0.26,0.2583,0.2586,2749904.95
2023-07-21 19:00:00+00:00,0.2586,0.2586,0.2551,0.2578,2923485.28
2023-07-21 20:00:00+00:00,0.2578,0.258,0.2567,0.2578,955650.71
2023-07-21 21:00:00+00:00,0.2578,0.2581,0.2566,0.2574,1070705.52
2023-07-21 22:00:00+00:00,0.2574,0.2583,0.2572,0.2577,1031685.84
2023-07-21 23:00:00+00:00,0.2577,0.2582,0.2569,0.2571,779664.78
2023-07-22 00:00:00+00:00,0.2571,0.2591,0.257,0.259,1432641.07
2023-07-22 01:00:00+00:00,0.259,0.2593,0.2578,0.2579,1558718.41
2023-07-22 02:00:00+00:00,0.2579,0.2591,0.2574,0.2586,846045.42
2023-07-22 03:00:00+00:00,0.2586,0.2596,0.2578,0.2583,2103406.97
2023-07-22 04:00:00+00:00,0.2583,0.2594,0.2578,0.2583,1314664.97
2023-07-22 05:00:00+00:00,0.2583,0.2587,0.2577,0.258,657512.09
2023-07-22 06:00:00+00:00,0.258,0.2584,0.2571,0.2576,482987.76
2023-07-22 07:00:00+00:00,0.2576,0.2585,0.2571,0.2581,1070594.22
2023-07-22 08:00:00+00:00,0.2581,0.259,0.2578,0.2583,704324.62
2023-07-22 09:00:00+00:00,0.2583,0.2589,0.2575,0.258,1843286.56
2023-07-22 10:00:00+00:00,0.258,0.258,0.2555,0.2572,2540063.24
2023-07-22 11:00:00+00:00,0.2572,0.258,0.257,0.2571,1685715.73
2023-07-22 12:00:00+00:00,0.2571,0.258,0.2563,0.2565,1605250.43
2023-07-22 13:00:00+00:00,0.2565,0.2572,0.2562,0.2564,747177.27
2023-07-22 14:00:00+00:00,0.2564,0.2574,0.2564,0.2568,1087200.93
2023-07-22 15:00:00+00:00,0.2568,0.2575,0.2558,0.2569,1303335.06
2023-07-22 16:00:00+00:00,0.2569,0.2578,0.2563,0.2575,940547.56
2023-07-22 17:00:00+00:00,0.2575,0.2576,0.2566,0.2567,856343.96
2023-07-22 18:00:00+00:00,0.2567,0.2567,0.2555,0.2558,2183024.54
2023-07-22 19:00:00+00:00,0.2558,0.257,0.2554,0.2568,1538843.7
2023-07-22 20:00:00+00:00,0.2568,0.2577,0.2566,0.2572,926642.38
2023-07-22 21:00:00+00:00,0.2572,0.2576,0.2561,0.2564,888888.11
2023-07-22 22:00:00+00:00,0.2564,0.2567,0.2544,0.2551,3933801.32
2023-07-22 23:00:00+00:00,0.2551,0.2551,0.2486,0.2526,9595760.46
2023-07-23 00:00:00+00:00,0.2526,0.2526,0.2485,0.2502,2957480.44
2023-07-23 01:00:00+00:00,0.2502,0.2533,0.2502,0.2527,1683487.12
2023-07-23 02:00:00+00:00,0.2527,0.2542,0.2523,0.2541,1200761.32
2023-07-23 03:00:00+00:00,0.2541,0.2547,0.2534,0.2538,1186242.2
2023-07-23 04:00:00+00:00,0.2538,0.2555,0.2536,0.2552,1946587.69
2023-07-23 05:00:00+00:00,0.2552,0.257,0.2552,0.2558,2025959.81
2023-07-23 06:00:00+00:00,0.2558,0.2561,0.2547,0.255,844010.05
2023-07-23 07:00:00+00:00,0.255,0.2553,0.2539,0.2547,949469.93
2023-07-23 08:00:00+00:00,0.2547,0.2556,0.2543,0.2555,1003505.01
2023-07-23 09:00:00+00:00,0.2555,0.2557,0.2539,0.2543,1784692.51
2023-07-23 10:00:00+00:00,0.2543,0.2556,0.2543,0.2548,1232610.34
2023-07-23 11:00:00+00:00,0.2548,0.2556,0.2543,0.2544,878965.08
2023-07-23 12:00:00+00:00,0.2544,0.2549,0.2527,0.2541,3267404.46
2023-07-23 13:00:00+00:00,0.2541,0.2554,0.2536,0.2548,1661570.96
2023-07-23 14:00:00+00:00,0.2548,0.2552,0.2542,0.2549,2849694.51
2023-07-23 15:00:00+00:00,0.2549,0.2556,0.2547,0.2549,1201628.99
2023-07-23 16:00:00+00:00,0.2549,0.2583,0.2549,0.2578,2627791.39
2023-07-23 17:00:00+00:00,0.2578,0.2595,0.2575,0.2593,3970500.8
2023-07-23 18:00:00+00:00,0.2593,0.2599,0.2586,0.2594,3235876.82
2023-07-23 19:00:00+00:00,0.2594,0.2613,0.257,0.257,4071656.95
2023-07-23 20:00:00+00:00,0.257,0.2589,0.257,0.2586,1383032.58
2023-07-23 21:00:00+00:00,0.2586,0.2586,0.2552,0.2555,2398462.34
2023-07-23 22:00:00+00:00,0.2555,0.2566,0.255,0.2559,754992.41
2023-07-23 23:00:00+00:00,0.2559,0.257,0.2558,0.256,934246.5
2023-07-24 00:00:00+00:00,0.256,0.2574,0.255,0.2563,1512875.04
2023-07-24 01:00:00+00:00,0.2563,0.2564,0.2538,0.2543,2985505.13
2023-07-24 02:00:00+00:00,0.2543,0.2544,0.2521,0.253,2416794.39
2023-07-24 03:00:00+00:00,0.253,0.2536,0.2515,0.2519,1966610.59
2023-07-24 04:00:00+00:00,0.2519,0.2533,0.2501,0.2532,2301748.67
2023-07-24 05:00:00+00:00,0.2532,0.2542,0.2531,0.254,955615.13
2023-07-24 06:00:00+00:00,0.254,0.2543,0.2526,0.2529,2316239.44
2023-07-24 07:00:00+00:00,0.2529,0.256,0.2529,0.2549,2225002.9
2023-07-24 08:00:00+00:00,0.2549,0.2555,0.254,0.2542,2068768.96
2023-07-24 09:00:00+00:00,0.2542,0.2545,0.2392,0.2426,13454850.04
2023-07-24 10:00:00+00:00,0.2426,0.2459,0.2417,0.2452,6926579.03
2023-07-24 11:00:00+00:00,0.2452,0.246,0.2438,0.2444,3142712.24
2023-07-24 12:00:00+00:00,0.2444,0.2456,0.2432,0.2441,3484946.51
2023-07-24 13:00:00+00:00,0.2441,0.2451,0.2429,0.2441,2237105.05
2023-07-24 14:00:00+00:00,0.2441,0.2445,0.2417,0.242,3368939.17
2023-07-24 15:00:00+00:00,0.242,0.2428,0.2393,0.2421,6279088.34
2023-07-24 16:00:00+00:00,0.2421,0.2433,0.241,0.243,2554665.42
2023-07-24 17:00:00+00:00,0.243,0.2431,0.2406,0.2413,2338577.54
2023-07-24 18:00:00+00:00,0.2413,0.2441,0.2409,0.2439,1797716.87
2023-07-24 19:00:00+00:00,0.2439,0.244,0.2424,0.243,1642893.02
2023-07-24 20:00:00+00:00,0.243,0.2437,0.2417,0.2428,1298365.74
2023-07-24 21:00:00+00:00,0.2428,0.2437,0.2424,0.2436,1340929.74
2023-07-24 22:00:00+00:00,0.2436,0.2442,0.2426,0.2433,1154506.21
2023-07-24 23:00:00+00:00,0.2433,0.2441,0.243,0.2435,579724.87
2023-07-25 00:00:00+00:00,0.2435,0.2442,0.2412,0.2421,1853243.78
2023-07-25 01:00:00+00:00,0.2421,0.2421,0.241,0.2418,931069.17
2023-07-25 02:00:00+00:00,0.2418,0.2441,0.2418,0.2431,1133060.24
2023-07-25 03:00:00+00:00,0.2431,0.2433,0.2405,0.2408,3864322.27
2023-07-25 04:00:00+00:00,0.2408,0.2413,0.2388,0.2396,3451743.06
2023-07-25 05:00:00+00:00,0.2396,0.2408,0.2393,0.2401,4001984.93
2023-07-25 06:00:00+00:00,0.2401,0.2405,0.2382,0.2395,2476653.29
2023-07-25 07:00:00+00:00,0.2395,0.24,0.2376,0.2393,2033222.32
2023-07-25 08:00:00+00:00,0.2393,0.2405,0.2383,0.2404,1353802.56
2023-07-25 09:00:00+00:00,0.2404,0.2416,0.2398,0.2403,1823045.69
2023-07-25 10:00:00+00:00,0.2403,0.2403,0.2388,0.2393,2052209.1
2023-07-25 11:00:00+00:00,0.2393,0.2405,0.2388,0.2404,1317464.27
2023-07-25 12:00:00+00:00,0.2404,0.2406,0.239,0.2393,1211151.24
2023-07-25 13:00:00+00:00,0.2393,0.2399,0.2372,0.2391,4413599.11
2023-07-25 14:00:00+00:00,0.2391,0.2409,0.2365,0.2377,3676884.3
2023-07-25 15:00:00+00:00,0.2377,0.2385,0.2371,0.2379,1750697.28
2023-07-25 16:00:00+00:00,0.2379,0.2391,0.2368,0.2373,5215291.85
2023-07-25 17:00:00+00:00,0.2373,0.238,0.2356,0.2378,5519196.66
2023-07-25 18:00:00+00:00,0.2378,0.2392,0.2373,0.2378,2514861.37
2023-07-25 19:00:00+00:00,0.2378,0.2381,0.236,0.236,2256332.71
2023-07-25 20:00:00+00:00,0.236,0.236,0.2341,0.2352,3068692.06
2023-07-25 21:00:00+00:00,0.2352,0.2364,0.2351,0.2357,1641549.09
2023-07-25 22:00:00+00:00,0.2357,0.2362,0.2347,0.2347,1661444.7
2023-07-25 23:00:00+00:00,0.2347,0.2355,0.2344,0.2351,829646.15
2023-07-26 00:00:00+00:00,0.2351,0.2354,0.2324,0.2325,3786126.43
2023-07-26 01:00:00+00:00,0.2325,0.2326,0.2286,0.2318,7296656.42
2023-07-26 02:00:00+00:00,0.2318,0.2331,0.231,0.2331,3098592.69
2023-07-26 03:00:00+00:00,0.2331,0.2343,0.2324,0.2333,2261840.93
2023-07-26 04:00:00+00:00,0.2333,0.2344,0.2329,0.2333,1982516.19
2023-07-26 05:00:00+00:00,0.2333,0.2345,0.2327,0.2341,2591376.76
2023-07-26 06:00:00+00:00,0.2341,0.2346,0.2326,0.2329,2251062.61
2023-07-26 07:00:00+00:00,0.2329,0.2335,0.2323,0.2324,2171727.65
2023-07-26 08:00:00+00:00,0.2324,0.233,0.2322,0.2327,3492739.62
2023-07-26 09:00:00+00:00,0.2327,0.2333,0.232,0.2331,3693396.99
2023-07-26 10:00:00+00:00,0.2331,0.2344,0.2328,0.2334,1947371.36
2023-07-26 11:00:00+00:00,0.2334,0.2339,0.2329,0.2332,841589.56
2023-07-26 12:00:00+00:00,0.2332,0.2351,0.2329,0.2345,1726017.61
2023-07-26 13:00:00+00:00,0.2345,0.2357,0.2341,0.2347,2568802.76
2023-07-26 14:00:00+00:00,0.2347,0.2365,0.2342,0.2354,2272491.58
2023-07-26 15:00:00+00:00,0.2354,0.2381,0.2353,0.2371,4236709.77
2023-07-26 16:00:00+00:00,0.2371,0.2378,0.235,0.2352,2846827.76
2023-07-26 17:00:00+00:00,0.2352,0.2358,0.2337,0.2343,2395119.18
2023-07-26 18:00:00+00:00,0.2343,0.2413,0.234,0.239,9699654.83
2023-07-26 19:00:00+00:00,0.239,0.2405,0.2363,0.2404,3677045.72
2023-07-26 20:00:00+00:00,0.2404,0.2427,0.2401,0.2417,3509111.25
2023-07-26 21:00:00+00:00,0.2417,0.2511,0.2417,0.2465,15438177.06
2023-07-26 22:00:00+00:00,0.2465,0.2475,0.2435,0.2443,2902200.39
2023-07-26 23:00:00+00:00,0.2443,0.2465,0.2443,0.245,2987529.23
2023-07-27 00:00:00+00:00,0.245,0.2455,0.2432,0.2449,1687715.48
2023-07-27 01:00:00+00:00,0.2449,0.2471,0.2442,0.2457,1896756.74
2023-07-27 02:00:00+00:00,0.2457,0.2469,0.2446,0.2468,1203847.28
2023-07-27 03:00:00+00:00,0.2468,0.2486,0.2464,0.2468,2036320.14
2023-07-27 04:00:00+00:00,0.2468,0.2487,0.2468,0.2469,1324767.81
2023-07-27 05:00:00+00:00,0.2469,0.2481,0.246,0.2463,1361529.51
2023-07-27 06:00:00+00:00,0.2463,0.2471,0.2449,0.245,1051247.85
2023-07-27 07:00:00+00:00,0.245,0.2464,0.2449,0.2455,1849037.4
2023-07-27 08:00:00+00:00,0.2455,0.2469,0.2446,0.2469,1709373.51
2023-07-27 09:00:00+00:00,0.2469,0.2481,0.2462,0.2478,1274627.45
2023-07-27 10:00:00+00:00,0.2478,0.2479,0.2467,0.247,986771.23
2023-07-27 11:00:00+00:00,0.247,0.2489,0.247,0.2489,1921229.91
2023-07-27 12:00:00+00:00,0.2489,0.2492,0.2471,0.2475,2148720.99
2023-07-27 13:00:00+00:00,0.2475,0.2475,0.2451,0.2461,3340075.45
2023-07-27 14:00:00+00:00,0.2461,0.2465,0.2438,0.244,2109947.97
2023-07-27 15:00:00+00:00,0.244,0.2444,0.2422,0.2429,3059603.38
2023-07-27 16:00:00+00:00,0.2429,0.2438,0.2424,0.2434,1941128.4
2023-07-27 17:00:00+00:00,0.2434,0.244,0.2426,0.2431,973346.78
2023-07-27 18:00:00+00:00,0.2431,0.2434,0.2404,0.2417,2295018.14
2023-07-27 19:00:00+00:00,0.2417,0.2429,0.2414,0.2423,1059596.26
2023-07-27 20:00:00+00:00,0.2423,0.243,0.2413,0.2419,880199.34
2023-07-27 21:00:00+00:00,0.2419,0.2449,0.2419,0.2441,1087927.37
2023-07-27 22:00:00+00:00,0.2441,0.2455,0.2441,0.2446,942342.97
2023-07-27 23:00:00+00:00,0.2446,0.2459,0.2442,0.2458,634144.4
2023-07-28 00:00:00+00:00,0.2458,0.2464,0.2448,0.2458,929562.02
2023-07-28 01:00:00+00:00,0.2458,0.2462,0.2452,0.2457,603541.59
2023-07-28 02:00:00+00:00,0.2457,0.2463,0.2444,0.2456,969201.1
2023-07-28 03:00:00+00:00,0.2456,0.2468,0.2451,0.2459,1511397.67
2023-07-28 04:00:00+00:00,0.2459,0.246,0.2442,0.2451,1460085.29
2023-07-28 05:00:00+00:00,0.2451,0.2452,0.2423,0.2434,1983299.11
2023-07-28 06:00:00+00:00,0.2434,0.2451,0.2431,0.2446,1150877.72
2023-07-28 07:00:00+00:00,0.2446,0.2455,0.2437,0.2441,1130372.93
2023-07-28 08:00:00+00:00,0.2441,0.2446,0.243,0.2443,1274024.85
2023-07-28 09:00:00+00:00,0.2443,0.2459,0.2439,0.2457,1054668.51
2023-07-28 10:00:00+00:00,0.2457,0.2478,0.2455,0.2467,1768264.93
2023-07-28 11:00:00+00:00,0.2467,0.247,0.2449,0.2452,1609048.03
2023-07-28 12:00:00+00:00,0.2452,0.2469,0.245,0.2467,1576196.9
2023-07-28 13:00:00+00:00,0.2467,0.2469,0.2448,0.2467,2645487.28
2023-07-28 14:00:00+00:00,0.2467,0.2494,0.2463,0.2491,5655775.9
2023-07-28 15:00:00+00:00,0.2491,0.2491,0.2466,0.2467,3509961.55
2023-07-28 16:00:00+00:00,0.2467,0.247,0.2458,0.2464,1550140.49
2023-07-28 17:00:00+00:00,0.2464,0.2467,0.2447,0.2461,2124770.65
2023-07-28 18:00:00+00:00,0.2461,0.247,0.2461,0.2467,823157.55
2023-07-28 19:00:00+00:00,0.2467,0.2475,0.2466,0.2473,791356.43
2023-07-28 20:00:00+00:00,0.2473,0.2482,0.2465,0.2479,696443.02
2023-07-28 21:00:00+00:00,0.2479,0.2479,0.2472,0.2473,428413.86
2023-07-28 22:00:00+00:00,0.2473,0.2475,0.2467,0.2469,567813.13
2023-07-28 23:00:00+00:00,0.2469,0.2475,0.2467,0.2469,517969.73
2023-07-29 00:00:00+00:00,0.2469,0.2476,0.2462,0.2474,1518164.5
2023-07-29 01:00:00+00:00,0.2474,0.2477,0.247,0.2475,648211.33
2023-07-29 02:00:00+00:00,0.2475,0.2476,0.2468,0.2473,626819.4
2023-07-29 03:00:00+00:00,0.2473,0.2477,0.2469,0.2473,1069584.25
2023-07-29 04:00:00+00:00,0.2473,0.2477,0.2469,0.2472,1048904.53
2023-07-29 05:00:00+00:00,0.2472,0.2475,0.2463,0.2469,805795.54
2023-07-29 06:00:00+00:00,0.2469,0.2469,0.245,0.2455,1633929.48
2023-07-29 07:00:00+00:00,0.2455,0.2459,0.2442,0.2451,1567361.71
2023-07-29 08:00:00+00:00,0.2451,0.2454,0.2439,0.2447,1246294.3
2023-07-29 09:00:00+00:00,0.2447,0.2458,0.2442,0.2453,861075.09
2023-07-29 10:00:00+00:00,0.2453,0.2455,0.2442,0.2444,762521.1
2023-07-29 11:00:00+00:00,0.2444,0.2449,0.2439,0.2439,868960.55
2023-07-29 12:00:00+00:00,0.2439,0.2452,0.2438,0.2443,610850.14
2023-07-29 13:00:00+00:00,0.2443,0.2452,0.244,0.2443,662259.47
2023-07-29 14:00:00+00:00,0.2443,0.2448,0.2436,0.244,533810.78
2023-07-29 15:00:00+00:00,0.244,0.2447,0.2438,0.2444,844899.54
2023-07-29 16:00:00+00:00,0.2444,0.2449,0.2442,0.2448,492326.67
2023-07-29 17:00:00+00:00,0.2448,0.2457,0.2445,0.2453,850640.17
2023-07-29 18:00:00+00:00,0.2453,0.2455,0.2447,0.2451,674615.49
2023-07-29 19:00:00+00:00,0.2451,0.2457,0.245,0.2454,847643.35
2023-07-29 20:00:00+00:00,0.2454,0.2465,0.2454,0.2462,1003537.84
2023-07-29 21:00:00+00:00,0.2462,0.2465,0.2457,0.2459,696865.12
2023-07-29 22:00:00+00:00,0.2459,0.2468,0.2459,0.2462,613821.89
2023-07-29 23:00:00+00:00,0.2462,0.2467,0.246,0.2462,473576.13
2023-07-30 00:00:00+00:00,0.2462,0.2465,0.2454,0.2465,981600.16
2023-07-30 01:00:00+00:00,0.2465,0.247,0.2456,0.2461,545121.02
2023-07-30 02:00:00+00:00,0.2461,0.2469,0.2459,0.2464,484209.21
2023-07-30 03:00:00+00:00,0.2464,0.2468,0.2462,0.2462,699480.22
2023-07-30 04:00:00+00:00,0.2462,0.247,0.2461,0.2465,567891.06
2023-07-30 05:00:00+00:00,0.2465,0.247,0.2462,0.2463,656844.9
2023-07-30 06:00:00+00:00,0.2463,0.2463,0.2447,0.2451,809832.81
2023-07-30 07:00:00+00:00,0.2451,0.2453,0.2443,0.2446,903814.89
2023-07-30 08:00:00+00:00,0.2446,0.2457,0.2446,0.2449,655607.98
2023-07-30 09:00:00+00:00,0.2449,0.2455,0.2447,0.2454,770701.61
2023-07-30 10:00:00+00:00,0.2454,0.2461,0.2443,0.2447,1663152.57
2023-07-30 11:00:00+00:00,0.2447,0.2457,0.2443,0.2449,642927.0
2023-07-30 12:00:00+00:00,0.2449,0.2455,0.2447,0.2447,711443.46
2023-07-30 13:00:00+00:00,0.2447,0.2448,0.2428,0.2434,1387106.04
2023-07-30 14:00:00+00:00,0.2434,0.2455,0.2432,0.2453,1268873.76
2023-07-30 15:00:00+00:00,0.2453,0.2462,0.2439,0.2446,1415678.09
2023-07-30 16:00:00+00:00,0.2446,0.2453,0.2438,0.2445,1139094.83
2023-07-30 17:00:00+00:00,0.2445,0.245,0.2444,0.2447,741721.59
2023-07-30 18:00:00+00:00,0.2447,0.2448,0.244,0.2442,821937.11
2023-07-30 19:00:00+00:00,0.2442,0.2442,0.2384,0.24,8709716.72
2023-07-30 20:00:00+00:00,0.24,0.24,0.2343,0.2393,8841975.58
2023-07-30 21:00:00+00:00,0.2393,0.2393,0.2378,0.2386,871568.51
2023-07-30 22:00:00+00:00,0.2386,0.2386,0.2371,0.2378,1063714.11
2023-07-30 23:00:00+00:00,0.2378,0.24,0.2377,0.2397,1035594.01
2023-07-31 00:00:00+00:00,0.2397,0.2429,0.2385,0.2428,2589969.0
2023-07-31 01:00:00+00:00,0.2428,0.2433,0.2411,0.2419,1442314.9
2023-07-31 02:00:00+00:00,0.2419,0.2435,0.2417,0.2426,1451213.32
2023-07-31 03:00:00+00:00,0.2426,0.2428,0.2412,0.2415,2624883.85
2023-07-31 04:00:00+00:00,0.2415,0.2415,0.2395,0.2404,2229140.66
2023-07-31 05:00:00+00:00,0.2404,0.2413,0.2403,0.2405,1446410.9
2023-07-31 06:00:00+00:00,0.2405,0.2414,0.2402,0.2411,975872.93
2023-07-31 07:00:00+00:00,0.2411,0.2414,0.2404,0.2405,911048.24
2023-07-31 08:00:00+00:00,0.2405,0.242,0.2402,0.242,1586774.91
2023-07-31 09:00:00+00:00,0.242,0.2422,0.2405,0.2407,1129928.63
2023-07-31 10:00:00+00:00,0.2407,0.2411,0.2403,0.2406,1191161.23
2023-07-31 11:00:00+00:00,0.2406,0.2407,0.2399,0.2402,902695.94
2023-07-31 12:00:00+00:00,0.2402,0.2408,0.2393,0.2407,1577157.12
2023-07-31 13:00:00+00:00,0.2407,0.2408,0.237,0.2384,2765237.81
2023-07-31 14:00:00+00:00,0.2384,0.2395,0.2377,0.2388,1686439.55
2023-07-31 15:00:00+00:00,0.2388,0.2392,0.2372,0.2378,2948267.6
2023-07-31 16:00:00+00:00,0.2378,0.2391,0.2372,0.2387,1519161.7
2023-07-31 17:00:00+00:00,0.2387,0.2397,0.2378,0.2388,1377916.35
2023-07-31 18:00:00+00:00,0.2388,0.239,0.2369,0.2371,1188338.36
2023-07-31 19:00:00+00:00,0.2371,0.2371,0.2329,0.2347,3869922.54
2023-07-31 20:00:00+00:00,0.2347,0.2355,0.2323,0.234,3450375.22
2023-07-31 21:00:00+00:00,0.234,0.2356,0.233,0.2343,1665115.84
2023-07-31 22:00:00+00:00,0.2343,0.2351,0.2339,0.235,722254.33
2023-07-31 23:00:00+00:00,0.235,0.2352,0.2344,0.2349,930108.39
2023-08-01 00:00:00+00:00,0.2349,0.2366,0.2336,0.2364,1933231.65
2023-08-01 01:00:00+00:00,0.2364,0.2367,0.2335,0.2343,1500776.03
2023-08-01 02:00:00+00:00,0.2343,0.2346,0.226,0.232,12745555.24
2023-08-01 03:00:00+00:00,0.232,0.232,0.2305,0.2309,2327260.13
2023-08-01 04:00:00+00:00,0.2309,0.2316,0.2302,0.2308,3755077.43
2023-08-01 05:00:00+00:00,0.2308,0.2331,0.2307,0.233,1218693.68
2023-08-01 06:00:00+00:00,0.233,0.2347,0.2325,0.2341,3946200.94
2023-08-01 07:00:00+00:00,0.2341,0.2351,0.2337,0.2342,2294138.69
2023-08-01 08:00:00+00:00,0.2342,0.2369,0.2342,0.2369,1914425.72
2023-08-01 09:00:00+00:00,0.2369,0.237,0.2352,0.2355,1612474.2
2023-08-01 10:00:00+00:00,0.2355,0.2363,0.2351,0.236,1317510.54
2023-08-01 11:00:00+00:00,0.236,0.2369,0.2354,0.236,2515357.6
2023-08-01 12:00:00+00:00,0.236,0.2375,0.2349,0.236,1944822.48
2023-08-01 13:00:00+00:00,0.236,0.2376,0.2359,0.2369,1569741.97
2023-08-01 14:00:00+00:00,0.2369,0.2376,0.2353,0.236,1889477.31
2023-08-01 15:00:00+00:00,0.236,0.2381,0.2328,0.2375,5877653.32
2023-08-01 16:00:00+00:00,0.2375,0.2402,0.2374,0.2402,5022916.39
2023-08-01 17:00:00+00:00,0.2402,0.2427,0.2398,0.2411,4501956.3
2023-08-01 18:00:00+00:00,0.2411,0.2444,0.2411,0.2441,3519950.1
2023-08-01 19:00:00+00:00,0.2441,0.2449,0.2434,0.2447,2747345.01
2023-08-01 20:00:00+00:00,0.2447,0.2484,0.2443,0.2482,6840226.54
2023-08-01 21:00:00+00:00,0.2482,0.2498,0.2455,0.2459,5960680.16
2023-08-01 22:00:00+00:00,0.2459,0.2467,0.2452,0.2454,2022246.02
2023-08-01 23:00:00+00:00,0.2454,0.2487,0.2454,0.2484,5542310.82
2023-08-02 00:00:00+00:00,0.2484,0.2499,0.2476,0.2489,3503485.63
2023-08-02 01:00:00+00:00,0.2489,0.2507,0.2483,0.2483,4995541.13
2023-08-02 02:00:00+00:00,0.2483,0.2492,0.2475,0.2485,1550351.7
2023-08-02 03:00:00+00:00,0.2485,0.2485,0.2463,0.2464,3047852.98
2023-08-02 04:00:00+00:00,0.2464,0.247,0.2451,0.2452,5394757.22
2023-08-02 05:00:00+00:00,0.2452,0.2452,0.2435,0.2439,2953855.33
2023-08-02 06:00:00+00:00,0.2439,0.2443,0.2426,0.2429,2515546.32
2023-08-02 07:00:00+00:00,0.2429,0.2439,0.2418,0.2424,2887978.46
2023-08-02 08:00:00+00:00,0.2424,0.244,0.2418,0.2439,2696634.52
2023-08-02 09:00:00+00:00,0.2439,0.244,0.2426,0.2431,1295542.69
2023-08-02 10:00:00+00:00,0.2431,0.245,0.243,0.2449,2239123.04
2023-08-02 11:00:00+00:00,0.2449,0.2464,0.2446,0.2462,2380264.68
2023-08-02 12:00:00+00:00,0.2462,0.2474,0.2433,0.2445,4695790.64
2023-08-02 13:00:00+00:00,0.2445,0.2447,0.2428,0.2433,2824324.17
2023-08-02 14:00:00+00:00,0.2433,0.2433,0.2403,0.2407,7078927.02
2023-08-02 15:00:00+00:00,0.2407,0.2419,0.239,0.2413,7971794.11
2023-08-02 16:00:00+00:00,0.2413,0.2423,0.236,0.2379,15851642.92
2023-08-02 17:00:00+00:00,0.2379,0.2401,0.2373,0.2396,8333226.67
2023-08-02 18:00:00+00:00,0.2396,0.2408,0.2386,0.239,1885437.93
2023-08-02 19:00:00+00:00,0.239,0.24,0.2387,0.2391,1881723.35
2023-08-02 20:00:00+00:00,0.2391,0.24,0.2386,0.2395,1823230.75
2023-08-02 21:00:00+00:00,0.2395,0.2397,0.2377,0.2396,1552010.64
2023-08-02 22:00:00+00:00,0.2396,0.24,0.2383,0.2389,1824820.89
2023-08-02 23:00:00+00:00,0.2389,0.2389,0.238,0.2389,1216615.02
2023-08-03 00:00:00+00:00,0.2389,0.2394,0.2377,0.2382,1646803.05
2023-08-03 01:00:00+00:00,0.2382,0.2405,0.2381,0.24,1219457.63
2023-08-03 02:00:00+00:00,0.24,0.2402,0.2378,0.2387,1243535.3
2023-08-03 03:00:00+00:00,0.2387,0.2387,0.2378,0.2383,957956.35
2023-08-03 04:00:00+00:00,0.2383,0.2383,0.2368,0.2375,1099885.17
2023-08-03 05:00:00+00:00,0.2375,0.2379,0.2368,0.2378,1077003.32
2023-08-03 06:00:00+00:00,0.2378,0.2379,0.2339,0.2349,12838619.88
2023-08-03 07:00:00+00:00,0.2349,0.2356,0.2337,0.2347,2351476.68
2023-08-03 08:00:00+00:00,0.2347,0.2361,0.2332,0.2357,5350963.52
2023-08-03 09:00:00+00:00,0.2357,0.2359,0.235,0.2354,1176113.76
2023-08-03 10:00:00+00:00,0.2354,0.2354,0.2345,0.2352,1185802.53
2023-08-03 11:00:00+00:00,0.2352,0.2356,0.2347,0.2353,1191732.87
2023-08-03 12:00:00+00:00,0.2353,0.2355,0.2342,0.2348,914095.79
2023-08-03 13:00:00+00:00,0.2348,0.2355,0.2342,0.2354,2013228.0
2023-08-03 14:00:00+00:00,0.2354,0.238,0.2353,0.2377,3188451.15
2023-08-03 15:00:00+00:00,0.2377,0.238,0.2361,0.237,3895796.09
2023-08-03 16:00:00+00:00,0.237,0.2373,0.236,0.2369,1652895.73
2023-08-03 17:00:00+00:00,0.2369,0.2378,0.2347,0.2348,2915642.22
2023-08-03 18:00:00+00:00,0.2348,0.2349,0.2337,0.2348,1928746.44
2023-08-03 19:00:00+00:00,0.2348,0.2348,0.2339,0.2343,866538.53
2023-08-03 20:00:00+00:00,0.2343,0.2359,0.2342,0.2348,1118052.61
2023-08-03 21:00:00+00:00,0.2348,0.2358,0.2342,0.2346,1168723.51
2023-08-03 22:00:00+00:00,0.2346,0.2348,0.231,0.2342,5949722.27
2023-08-03 23:00:00+00:00,0.2342,0.2351,0.2338,0.234,1081328.42
2023-08-04 00:00:00+00:00,0.234,0.2349,0.2331,0.2347,2668136.61
2023-08-04 01:00:00+00:00,0.2347,0.2347,0.2328,0.2334,1515073.45
2023-08-04 02:00:00+00:00,0.2334,0.2345,0.2327,0.2343,1074553.71
2023-08-04 03:00:00+00:00,0.2343,0.2348,0.2334,0.2338,812551.18
2023-08-04 04:00:00+00:00,0.2338,0.2338,0.2323,0.2337,1245097.06
2023-08-04 05:00:00+00:00,0.2337,0.2338,0.2328,0.2334,870314.69
2023-08-04 06:00:00+00:00,0.2334,0.2339,0.2324,0.2324,862935.73
2023-08-04 07:00:00+00:00,0.2324,0.2333,0.232,0.2332,975083.4
2023-08-04 08:00:00+00:00,0.2332,0.2344,0.233,0.2334,1917380.92
2023-08-04 09:00:00+00:00,0.2334,0.2341,0.233,0.2339,667086.92
2023-08-04 10:00:00+00:00,0.2339,0.234,0.2332,0.2333,680121.98
2023-08-04 11:00:00+00:00,0.2333,0.2336,0.233,0.2333,677267.29
2023-08-04 12:00:00+00:00,0.2333,0.2359,0.2329,0.235,4094202.47
2023-08-04 13:00:00+00:00,0.235,0.2379,0.2349,0.2364,5111917.89
2023-08-04 14:00:00+00:00,0.2364,0.2371,0.2351,0.2361,3452003.86
2023-08-04 15:00:00+00:00,0.2361,0.2362,0.2352,0.2354,1991240.23
2023-08-04 16:00:00+00:00,0.2354,0.2363,0.2351,0.2361,1315717.88
2023-08-04 17:00:00+00:00,0.2361,0.2361,0.2343,0.2347,1492578.1
2023-08-04 18:00:00+00:00,0.2347,0.2347,0.2308,0.2328,3867188.16
2023-08-04 19:00:00+00:00,0.2328,0.2337,0.2319,0.2325,1948126.36
2023-08-04 20:00:00+00:00,0.2325,0.2334,0.2288,0.2313,6846846.02
2023-08-04 21:00:00+00:00,0.2313,0.2331,0.231,0.2323,1376081.92
2023-08-04 22:00:00+00:00,0.2323,0.2331,0.2321,0.2324,805345.79
2023-08-04 23:00:00+00:00,0.2324,0.2335,0.2324,0.233,996299.47
2023-08-05 00:00:00+00:00,0.233,0.2337,0.2325,0.2329,1730219.63
2023-08-05 01:00:00+00:00,0.2329,0.2336,0.2309,0.2315,2299341.17
2023-08-05 02:00:00+00:00,0.2315,0.2328,0.2314,0.2324,2312100.56
2023-08-05 03:00:00+00:00,0.2324,0.2332,0.2323,0.2331,932960.36
2023-08-05 04:00:00+00:00,0.2331,0.2333,0.2322,0.2328,1073615.63
2023-08-05 05:00:00+00:00,0.2328,0.2335,0.2322,0.2335,1234253.73
2023-08-05 06:00:00+00:00,0.2335,0.2337,0.233,0.2334,1227969.77
2023-08-05 07:00:00+00:00,0.2334,0.2346,0.2334,0.2343,1037315.74
2023-08-05 08:00:00+00:00,0.2343,0.2349,0.2339,0.2346,891577.31
2023-08-05 09:00:00+00:00,0.2346,0.2353,0.2342,0.2346,671186.73
2023-08-05 10:00:00+00:00,0.2346,0.2352,0.2345,0.2352,825926.7
2023-08-05 11:00:00+00:00,0.2352,0.2368,0.2351,0.2359,2667352.76
2023-08-05 12:00:00+00:00,0.2359,0.2361,0.2345,0.2352,1957900.37
2023-08-05 13:00:00+00:00,0.2352,0.2361,0.2346,0.2356,1813168.01
2023-08-05 14:00:00+00:00,0.2356,0.2372,0.2356,0.2366,3445784.11
2023-08-05 15:00:00+00:00,0.2366,0.2367,0.2348,0.2356,2106185.61
2023-08-05 16:00:00+00:00,0.2356,0.2363,0.2343,0.2345,4031932.35
2023-08-05 17:00:00+00:00,0.2345,0.2351,0.2343,0.2348,1284230.44
2023-08-05 18:00:00+00:00,0.2348,0.2355,0.2346,0.235,962031.68
2023-08-05 19:00:00+00:00,0.235,0.2355,0.2348,0.2351,909533.76
2023-08-05 20:00:00+00:00,0.2351,0.2355,0.2348,0.2348,569683.75
2023-08-05 21:00:00+00:00,0.2348,0.2362,0.2348,0.2355,631348.02
2023-08-05 22:00:00+00:00,0.2355,0.2367,0.2355,0.2366,416831.57
2023-08-05 23:00:00+00:00,0.2366,0.2368,0.2359,0.2362,807865.7
2023-08-06 00:00:00+00:00,0.2362,0.2371,0.2358,0.2363,1627136.04
2023-08-06 01:00:00+00:00,0.2363,0.2366,0.2357,0.236,973783.25
2023-08-06 02:00:00+00:00,0.236,0.2413,0.2359,0.241,6027225.7
2023-08-06 03:00:00+00:00,0.241,0.2412,0.2393,0.2394,1617375.11
2023-08-06 04:00:00+00:00,0.2394,0.2401,0.2388,0.24,1148376.17
2023-08-06 05:00:00+00:00,0.24,0.2407,0.2391,0.2399,1259971.16
2023-08-06 06:00:00+00:00,0.2399,0.2403,0.2386,0.2393,1615077.19
2023-08-06 07:00:00+00:00,0.2393,0.2396,0.2388,0.2393,1168598.45
2023-08-06 08:00:00+00:00,0.2393,0.2408,0.2391,0.2407,1696821.98
2023-08-06 09:00:00+00:00,0.2407,0.2408,0.2384,0.2391,1840348.34
2023-08-06 10:00:00+00:00,0.2391,0.2393,0.2377,0.2383,1372807.83
2023-08-06 11:00:00+00:00,0.2383,0.2385,0.2374,0.2381,1239711.85
2023-08-06 12:00:00+00:00,0.2381,0.2387,0.2373,0.2373,1266453.26
2023-08-06 13:00:00+00:00,0.2373,0.2379,0.2367,0.2374,1637289.76
2023-08-06 14:00:00+00:00,0.2374,0.2381,0.236,0.2372,1711858.59
2023-08-06 15:00:00+00:00,0.2372,0.238,0.237,0.2379,1022229.93
2023-08-06 16:00:00+00:00,0.2379,0.2393,0.237,0.2391,1614856.21
2023-08-06 17:00:00+00:00,0.2391,0.2392,0.2378,0.2378,1257514.52
2023-08-06 18:00:00+00:00,0.2378,0.2389,0.2378,0.2383,849615.2
2023-08-06 19:00:00+00:00,0.2383,0.2386,0.2373,0.2374,618406.67
2023-08-06 20:00:00+00:00,0.2374,0.2383,0.237,0.2381,859384.95
2023-08-06 21:00:00+00:00,0.2381,0.2392,0.2364,0.2369,1887882.8
2023-08-06 22:00:00+00:00,0.2369,0.2384,0.2368,0.2373,1175313.41
2023-08-06 23:00:00+00:00,0.2373,0.2375,0.2368,0.2374,991597.67
2023-08-07 00:00:00+00:00,0.2374,0.2387,0.2364,0.2378,2134316.79
2023-08-07 01:00:00+00:00,0.2378,0.242,0.2378,0.2405,3001226.78
2023-08-07 02:00:00+00:00,0.2405,0.241,0.2395,0.2408,1554886.9
2023-08-07 03:00:00+00:00,0.2408,0.2411,0.2396,0.2397,755373.17
2023-08-07 04:00:00+00:00,0.2397,0.2402,0.2393,0.24,1033944.18
2023-08-07 05:00:00+00:00,0.24,0.2401,0.2389,0.2395,811542.09
2023-08-07 06:00:00+00:00,0.2395,0.2395,0.2368,0.2372,2510763.06
2023-08-07 07:00:00+00:00,0.2372,0.2385,0.2371,0.2382,1896306.97
2023-08-07 08:00:00+00:00,0.2382,0.2382,0.2368,0.2369,1405757.78
2023-08-07 09:00:00+00:00,0.2369,0.2379,0.2366,0.2376,1368592.25
2023-08-07 10:00:00+00:00,0.2376,0.2379,0.2369,0.2377,1092130.25
2023-08-07 11:00:00+00:00,0.2377,0.2378,0.2368,0.2369,454841.12
2023-08-07 12:00:00+00:00,0.2369,0.2372,0.2354,0.2361,2481198.12
2023-08-07 13:00:00+00:00,0.2361,0.2364,0.2348,0.2355,2282974.51
2023-08-07 14:00:00+00:00,0.2355,0.2361,0.2334,0.2346,3597595.09
2023-08-07 15:00:00+00:00,0.2346,0.2347,0.2312,0.2325,4083733.82
2023-08-07 16:00:00+00:00,0.2325,0.2328,0.2261,0.2304,14150391.01
2023-08-07 17:00:00+00:00,0.2304,0.2338,0.2299,0.2318,6375428.65
2023-08-07 18:00:00+00:00,0.2318,0.2348,0.2315,0.2329,3321029.86
2023-08-07 19:00:00+00:00,0.2329,0.2337,0.2321,0.2337,940005.68
2023-08-07 20:00:00+00:00,0.2337,0.234,0.2331,0.2338,925075.76
2023-08-07 21:00:00+00:00,0.2338,0.2349,0.2331,0.2337,1692131.62
2023-08-07 22:00:00+00:00,0.2337,0.2344,0.2334,0.2342,736970.95
2023-08-07 23:00:00+00:00,0.2342,0.2346,0.2327,0.233,1696946.97
2023-08-08 00:00:00+00:00,0.233,0.2335,0.2313,0.2334,2924255.82
2023-08-08 01:00:00+00:00,0.2334,0.2335,0.2313,0.2313,1057721.9
2023-08-08 02:00:00+00:00,0.2313,0.233,0.2309,0.2322,2141322.85
2023-08-08 03:00:00+00:00,0.2322,0.2325,0.2316,0.232,725464.63
2023-08-08 04:00:00+00:00,0.232,0.2332,0.2313,0.2329,1338245.27
2023-08-08 05:00:00+00:00,0.2329,0.2334,0.232,0.2329,1816452.15
2023-08-08 06:00:00+00:00,0.2329,0.2332,0.2324,0.2325,1154888.51
2023-08-08 07:00:00+00:00,0.2325,0.2325,0.2315,0.2318,1621899.74
2023-08-08 08:00:00+00:00,0.2318,0.2322,0.2313,0.2317,1642981.17
2023-08-08 09:00:00+00:00,0.2317,0.232,0.2315,0.2317,814187.71
2023-08-08 10:00:00+00:00,0.2317,0.2334,0.2316,0.2333,1683973.33
2023-08-08 11:00:00+00:00,0.2333,0.2347,0.2331,0.2347,1344908.12
2023-08-08 12:00:00+00:00,0.2347,0.2361,0.2337,0.2361,2503703.79
2023-08-08 13:00:00+00:00,0.2361,0.2368,0.2336,0.2337,2986917.2
2023-08-08 14:00:00+00:00,0.2337,0.2351,0.2336,0.234,1580822.19
2023-08-08 15:00:00+00:00,0.234,0.2359,0.2339,0.2353,1277519.09
2023-08-08 16:00:00+00:00,0.2353,0.2383,0.2349,0.2375,3199454.79
2023-08-08 17:00:00+00:00,0.2375,0.2383,0.2369,0.2378,2908599.21
2023-08-08 18:00:00+00:00,0.2378,0.2399,0.237,0.2377,4621956.13
2023-08-08 19:00:00+00:00,0.2377,0.2389,0.2368,0.2373,4577875.0
2023-08-08 20:00:00+00:00,0.2373,0.2393,0.237,0.2391,1794744.57
2023-08-08 21:00:00+00:00,0.2391,0.2408,0.2377,0.2384,4435916.37
2023-08-08 22:00:00+00:00,0.2384,0.2388,0.2369,0.2372,1447520.77
2023-08-08 23:00:00+00:00,0.2372,0.2379,0.2369,0.2369,1044514.86
2023-08-09 00:00:00+00:00,0.2369,0.2387,0.2368,0.2375,1558179.4
2023-08-09 01:00:00+00:00,0.2375,0.2388,0.2371,0.238,1324583.71
2023-08-09 02:00:00+00:00,0.238,0.2384,0.236,0.2362,1510670.4
2023-08-09 03:00:00+00:00,0.2362,0.2371,0.2361,0.2369,601757.27
2023-08-09 04:00:00+00:00,0.2369,0.2377,0.2366,0.2374,836284.61
2023-08-09 05:00:00+00:00,0.2374,0.2379,0.2372,0.2376,1015525.99
2023-08-09 06:00:00+00:00,0.2376,0.2378,0.2365,0.2375,1499274.01
2023-08-09 07:00:00+00:00,0.2375,0.2394,0.2374,0.2393,1630603.02
2023-08-09 08:00:00+00:00,0.2393,0.24,0.2389,0.2399,1544889.76
2023-08-09 09:00:00+00:00,0.2399,0.24,0.2387,0.2388,1950884.44
2023-08-09 10:00:00+00:00,0.2388,0.2395,0.2385,0.2392,1340542.72
2023-08-09 11:00:00+00:00,0.2392,0.2397,0.2383,0.2392,1206588.0
2023-08-09 12:00:00+00:00,0.2392,0.2416,0.2387,0.2411,5278581.41
2023-08-09 13:00:00+00:00,0.2411,0.2415,0.2385,0.2387,3622668.81
2023-08-09 14:00:00+00:00,0.2387,0.2392,0.2356,0.2358,7069876.03
2023-08-09 15:00:00+00:00,0.2358,0.2368,0.2352,0.2365,3168367.22
2023-08-09 16:00:00+00:00,0.2365,0.2367,0.2351,0.2357,3534175.21
2023-08-09 17:00:00+00:00,0.2357,0.2369,0.2354,0.2356,1654911.12
2023-08-09 18:00:00+00:00,0.2356,0.2367,0.2352,0.236,2494324.23
2023-08-09 19:00:00+00:00,0.236,0.2367,0.2347,0.2351,1480107.49
2023-08-09 20:00:00+00:00,0.2351,0.2363,0.2348,0.2361,952640.35
2023-08-09 21:00:00+00:00,0.2361,0.2361,0.2332,0.235,3177678.31
2023-08-09 22:00:00+00:00,0.235,0.2355,0.2348,0.2354,889442.21
2023-08-09 23:00:00+00:00,0.2354,0.2368,0.2354,0.2365,1251009.54
2023-08-10 00:00:00+00:00,0.2365,0.2373,0.2362,0.2373,1498727.53
2023-08-10 01:00:00+00:00,0.2373,0.2384,0.2368,0.2377,1465766.16
2023-08-10 02:00:00+00:00,0.2377,0.2381,0.2374,0.2375,771153.63
2023-08-10 03:00:00+00:00,0.2375,0.2381,0.2374,0.2378,738264.39
2023-08-10 04:00:00+00:00,0.2378,0.238,0.2367,0.2371,871951.09
2023-08-10 05:00:00+00:00,0.2371,0.2373,0.2363,0.2369,953891.84
2023-08-10 06:00:00+00:00,0.2369,0.2373,0.2352,0.2354,1175373.58
2023-08-10 07:00:00+00:00,0.2354,0.2363,0.2352,0.2358,1230536.36
2023-08-10 08:00:00+00:00,0.2358,0.2365,0.2349,0.2365,9585120.58
2023-08-10 09:00:00+00:00,0.2365,0.2368,0.2354,0.2366,1750249.57
2023-08-10 10:00:00+00:00,0.2366,0.2369,0.2362,0.2366,1129656.64
2023-08-10 11:00:00+00:00,0.2366,0.2368,0.2356,0.236,1421529.01
2023-08-10 12:00:00+00:00,0.236,0.2396,0.2358,0.2382,4984688.49
2023-08-10 13:00:00+00:00,0.2382,0.2411,0.2374,0.2405,7842938.76
2023-08-10 14:00:00+00:00,0.2405,0.241,0.2367,0.2378,4626536.56
2023-08-10 15:00:00+00:00,0.2378,0.2386,0.2375,0.2381,4479249.37
2023-08-10 16:00:00+00:00,0.2381,0.2386,0.2373,0.2382,1339794.81
2023-08-10 17:00:00+00:00,0.2382,0.2387,0.2372,0.2385,2432936.35
2023-08-10 18:00:00+00:00,0.2385,0.2403,0.2384,0.2393,1599096.25
2023-08-10 19:00:00+00:00,0.2393,0.2396,0.2382,0.2394,1227207.07
2023-08-10 20:00:00+00:00,0.2394,0.2407,0.2389,0.2391,7267315.3
2023-08-10 21:00:00+00:00,0.2391,0.2394,0.2389,0.2391,1668858.7
2023-08-10 22:00:00+00:00,0.2391,0.2397,0.2385,0.2389,951286.57
2023-08-10 23:00:00+00:00,0.2389,0.2396,0.2386,0.2395,869566.57
2023-08-11 00:00:00+00:00,0.2395,0.2404,0.2393,0.2403,1651374.35
2023-08-11 01:00:00+00:00,0.2403,0.2408,0.2396,0.2404,2373668.29
2023-08-11 02:00:00+00:00,0.2404,0.241,0.2384,0.239,9088476.18
2023-08-11 03:00:00+00:00,0.239,0.2397,0.2378,0.2393,28155990.75
2023-08-11 04:00:00+00:00,0.2393,0.2407,0.2393,0.2404,1494673.14
2023-08-11 05:00:00+00:00,0.2404,0.2428,0.2399,0.2426,3204554.28
2023-08-11 06:00:00+00:00,0.2426,0.2459,0.2426,0.2455,5992498.04
2023-08-11 07:00:00+00:00,0.2455,0.2462,0.2433,0.2434,3492186.54
2023-08-11 08:00:00+00:00,0.2434,0.2437,0.242,0.2432,2943985.99
2023-08-11 09:00:00+00:00,0.2432,0.2442,0.242,0.2421,1914338.73
2023-08-11 10:00:00+00:00,0.2421,0.2426,0.2414,0.242,2233417.41
2023-08-11 11:00:00+00:00,0.242,0.2425,0.2416,0.2423,2001978.19
2023-08-11 12:00:00+00:00,0.2423,0.2427,0.2402,0.2406,4083912.66
2023-08-11 13:00:00+00:00,0.2406,0.2416,0.2404,0.2411,2218854.28
2023-08-11 14:00:00+00:00,0.2411,0.2435,0.2411,0.2423,2901720.53
2023-08-11 15:00:00+00:00,0.2423,0.2429,0.2391,0.2397,5033939.85
2023-08-11 16:00:00+00:00,0.2397,0.2403,0.2383,0.2397,2297071.98
2023-08-11 17:00:00+00:00,0.2397,0.2413,0.2395,0.2406,898637.84
2023-08-11 18:00:00+00:00,0.2406,0.2415,0.2405,0.2412,982916.06
2023-08-11 19:00:00+00:00,0.2412,0.2417,0.2404,0.2415,889913.28
2023-08-11 20:00:00+00:00,0.2415,0.2418,0.2408,0.2416,1446257.13
2023-08-11 21:00:00+00:00,0.2416,0.2419,0.2407,0.2412,511064.14
2023-08-11 22:00:00+00:00,0.2412,0.2416,0.2411,0.2412,708399.35
2023-08-11 23:00:00+00:00,0.2412,0.2421,0.241,0.2419,1297060.37
2023-08-12 00:00:00+00:00,0.2419,0.2428,0.241,0.2424,1684814.85
2023-08-12 01:00:00+00:00,0.2424,0.2425,0.2411,0.2421,5571746.28
2023-08-12 02:00:00+00:00,0.2421,0.2428,0.2415,0.2423,855923.63
2023-08-12 03:00:00+00:00,0.2423,0.2423,0.2412,0.2415,636573.86
2023-08-12 04:00:00+00:00,0.2415,0.2417,0.2406,0.2407,822220.5
2023-08-12 05:00:00+00:00,0.2407,0.2411,0.2404,0.2406,497605.63
2023-08-12 06:00:00+00:00,0.2406,0.241,0.2401,0.2408,1017721.13
2023-08-12 07:00:00+00:00,0.2408,0.2408,0.2404,0.2408,672132.74
2023-08-12 08:00:00+00:00,0.2408,0.241,0.2395,0.2396,1036685.48
2023-08-12 09:00:00+00:00,0.2396,0.2402,0.2396,0.24,1033448.01
2023-08-12 10:00:00+00:00,0.24,0.2402,0.2394,0.2397,2027252.94
2023-08-12 11:00:00+00:00,0.2397,0.2399,0.239,0.2398,1106058.23
2023-08-12 12:00:00+00:00,0.2398,0.2404,0.2397,0.2404,918802.39
2023-08-12 13:00:00+00:00,0.2404,0.2404,0.2394,0.2394,999365.49
2023-08-12 14:00:00+00:00,0.2394,0.2402,0.2393,0.2402,812499.64
2023-08-12 15:00:00+00:00,0.2402,0.2402,0.2396,0.24,768061.51
2023-08-12 16:00:00+00:00,0.24,0.2407,0.2397,0.2404,1265977.1
2023-08-12 17:00:00+00:00,0.2404,0.2406,0.2399,0.2401,972445.33
2023-08-12 18:00:00+00:00,0.2401,0.2403,0.2398,0.24,896589.48
2023-08-12 19:00:00+00:00,0.24,0.2401,0.2396,0.2397,414816.88
2023-08-12 20:00:00+00:00,0.2397,0.2401,0.2395,0.2398,486306.43
2023-08-12 21:00:00+00:00,0.2398,0.2401,0.2394,0.2399,905547.91
2023-08-12 22:00:00+00:00,0.2399,0.2406,0.2399,0.2402,964340.05
2023-08-12 23:00:00+00:00,0.2402,0.2405,0.2399,0.2403,553153.1
2023-08-13 00:00:00+00:00,0.2403,0.2409,0.2398,0.2409,1119192.4
2023-08-13 01:00:00+00:00,0.2409,0.2414,0.2404,0.2411,800257.51
2023-08-13 02:00:00+00:00,0.2411,0.2415,0.2407,0.2409,718153.85
2023-08-13 03:00:00+00:00,0.2409,0.2412,0.2404,0.2408,514530.75
2023-08-13 04:00:00+00:00,0.2408,0.2408,0.2402,0.2404,282864.08
2023-08-13 05:00:00+00:00,0.2404,0.2404,0.2396,0.24,665921.66
2023-08-13 06:00:00+00:00,0.24,0.2404,0.2395,0.2403,777871.35
2023-08-13 07:00:00+00:00,0.2403,0.2405,0.24,0.2401,672257.66
2023-08-13 08:00:00+00:00,0.2401,0.2409,0.24,0.2409,581782.63
2023-08-13 09:00:00+00:00,0.2409,0.2412,0.2405,0.241,628469.71
2023-08-13 10:00:00+00:00,0.241,0.2421,0.241,0.2418,1059308.02
2023-08-13 11:00:00+00:00,0.2418,0.2418,0.2408,0.2411,1164006.62
2023-08-13 12:00:00+00:00,0.2411,0.2421,0.2408,0.2421,1328837.71
2023-08-13 13:00:00+00:00,0.2421,0.2422,0.2414,0.2421,756225.22
2023-08-13 14:00:00+00:00,0.2421,0.2429,0.2419,0.2421,1034746.28
2023-08-13 15:00:00+00:00,0.2421,0.2424,0.2405,0.2415,2717078.39
2023-08-13 16:00:00+00:00,0.2415,0.2419,0.2409,0.2414,977203.85
2023-08-13 17:00:00+00:00,0.2414,0.242,0.2412,0.242,711496.11
2023-08-13 18:00:00+00:00,0.242,0.2432,0.2419,0.2432,1172681.31
2023-08-13 19:00:00+00:00,0.2432,0.2442,0.2431,0.2436,1455327.71
2023-08-13 20:00:00+00:00,0.2436,0.244,0.2425,0.2427,1324077.07
2023-08-13 21:00:00+00:00,0.2427,0.2427,0.2412,0.2417,1655042.73
2023-08-13 22:00:00+00:00,0.2417,0.2418,0.237,0.2384,5277357.83
2023-08-13 23:00:00+00:00,0.2384,0.2395,0.2381,0.2392,1096641.09
2023-08-14 00:00:00+00:00,0.2392,0.2396,0.2378,0.2396,1818811.81
2023-08-14 01:00:00+00:00,0.2396,0.2407,0.2391,0.24,1149209.94
2023-08-14 02:00:00+00:00,0.24,0.2412,0.2375,0.2402,2817126.98
2023-08-14 03:00:00+00:00,0.2402,0.2407,0.2399,0.2402,949814.17
2023-08-14 04:00:00+00:00,0.2402,0.2411,0.2396,0.2406,831902.09
2023-08-14 05:00:00+00:00,0.2406,0.2412,0.2404,0.2412,936906.42
2023-08-14 06:00:00+00:00,0.2412,0.2414,0.2404,0.2407,1022752.3
2023-08-14 07:00:00+00:00,0.2407,0.2409,0.2399,0.2406,802848.44
2023-08-14 08:00:00+00:00,0.2406,0.2418,0.2405,0.2416,1960132.91
2023-08-14 09:00:00+00:00,0.2416,0.242,0.2408,0.2409,1688276.01
2023-08-14 10:00:00+00:00,0.2409,0.2413,0.2408,0.241,717035.31
2023-08-14 11:00:00+00:00,0.241,0.2411,0.24,0.2405,1046760.23
2023-08-14 12:00:00+00:00,0.2405,0.2406,0.2395,0.2403,1904771.66
2023-08-14 13:00:00+00:00,0.2403,0.241,0.2396,0.2408,1533449.63
2023-08-14 14:00:00+00:00,0.2408,0.2434,0.2407,0.2429,4062209.21
2023-08-14 15:00:00+00:00,0.2429,0.245,0.2425,0.2442,3313710.62
2023-08-14 16:00:00+00:00,0.2442,0.2461,0.2437,0.2447,4619324.27
2023-08-14 17:00:00+00:00,0.2447,0.245,0.2418,0.2422,4033863.45
2023-08-14 18:00:00+00:00,0.2422,0.2423,0.2396,0.2406,3866734.72
2023-08-14 19:00:00+00:00,0.2406,0.2412,0.2401,0.241,1404740.48
2023-08-14 20:00:00+00:00,0.241,0.2413,0.2405,0.2413,1137664.96
2023-08-14 21:00:00+00:00,0.2413,0.2419,0.2407,0.2418,673975.33
2023-08-14 22:00:00+00:00,0.2418,0.2426,0.2416,0.2417,629104.82
2023-08-14 23:00:00+00:00,0.2417,0.2422,0.2413,0.2416,601590.55
2023-08-15 00:00:00+00:00,0.2416,0.2427,0.2413,0.2427,1268778.1
2023-08-15 01:00:00+00:00,0.2427,0.2432,0.2417,0.2426,1281658.44
2023-08-15 02:00:00+00:00,0.2426,0.2431,0.242,0.2423,1471225.72
2023-08-15 03:00:00+00:00,0.2423,0.2424,0.2406,0.2412,1028146.97
2023-08-15 04:00:00+00:00,0.2412,0.2415,0.2403,0.2404,1522025.52
2023-08-15 05:00:00+00:00,0.2404,0.2404,0.2395,0.2398,1209001.7
2023-08-15 06:00:00+00:00,0.2398,0.2403,0.2393,0.2403,1170569.92
2023-08-15 07:00:00+00:00,0.2403,0.2405,0.2394,0.2402,1004143.38
2023-08-15 08:00:00+00:00,0.2402,0.2413,0.24,0.2404,5312904.4
2023-08-15 09:00:00+00:00,0.2404,0.2405,0.2397,0.24,743179.99
2023-08-15 10:00:00+00:00,0.24,0.24,0.2391,0.2393,1189713.32
2023-08-15 11:00:00+00:00,0.2393,0.2394,0.2382,0.2385,2193926.59
2023-08-15 12:00:00+00:00,0.2385,0.2395,0.2383,0.2392,1458254.49
2023-08-15 13:00:00+00:00,0.2392,0.24,0.2389,0.239,1016076.3
2023-08-15 14:00:00+00:00,0.239,0.2408,0.2379,0.2399,2352156.66
2023-08-15 15:00:00+00:00,0.2399,0.2405,0.2383,0.2384,2077680.89
2023-08-15 16:00:00+00:00,0.2384,0.2391,0.2381,0.2387,1595281.88
2023-08-15 17:00:00+00:00,0.2387,0.2391,0.2385,0.2388,878334.32
2023-08-15 18:00:00+00:00,0.2388,0.2388,0.2364,0.2372,3240378.76
2023-08-15 19:00:00+00:00,0.2372,0.2372,0.2197,0.2279,37829337.79
2023-08-15 20:00:00+00:00,0.2279,0.2283,0.2262,0.2271,4353234.43
2023-08-15 21:00:00+00:00,0.2271,0.2292,0.2266,0.2289,2223072.31
2023-08-15 22:00:00+00:00,0.2289,0.229,0.2278,0.2282,2260898.16
2023-08-15 23:00:00+00:00,0.2282,0.229,0.2278,0.2288,1819237.2
2023-08-16 00:00:00+00:00,0.2288,0.2289,0.2271,0.2275,2189481.45
2023-08-16 01:00:00+00:00,0.2275,0.2276,0.2264,0.2272,2226718.76
2023-08-16 02:00:00+00:00,0.2272,0.2278,0.2268,0.2272,5312185.33
2023-08-16 03:00:00+00:00,0.2272,0.2273,0.2257,0.226,1723257.11
2023-08-16 04:00:00+00:00,0.226,0.2271,0.2259,0.2265,2071626.41
2023-08-16 05:00:00+00:00,0.2265,0.2267,0.2243,0.2252,3366376.51
2023-08-16 06:00:00+00:00,0.2252,0.2252,0.2229,0.2238,7299495.22
2023-08-16 07:00:00+00:00,0.2238,0.225,0.2236,0.2243,4359907.23
2023-08-16 08:00:00+00:00,0.2243,0.2244,0.2222,0.2229,2851983.36
2023-08-16 09:00:00+00:00,0.2229,0.2231,0.2213,0.2228,4920216.46
2023-08-16 10:00:00+00:00,0.2228,0.2253,0.2228,0.2252,2366050.03
2023-08-16 11:00:00+00:00,0.2252,0.2254,0.2242,0.2249,1243864.86
2023-08-16 12:00:00+00:00,0.2249,0.2249,0.2204,0.2223,6225902.19
2023-08-16 13:00:00+00:00,0.2223,0.2227,0.2185,0.2199,5161899.6
2023-08-16 14:00:00+00:00,0.2199,0.2228,0.2193,0.2222,3277681.59
2023-08-16 15:00:00+00:00,0.2222,0.2227,0.221,0.2212,1533529.71
2023-08-16 16:00:00+00:00,0.2212,0.2233,0.2199,0.2227,4215155.28
2023-08-16 17:00:00+00:00,0.2227,0.2236,0.2216,0.2234,1370995.84
2023-08-16 18:00:00+00:00,0.2234,0.2247,0.2226,0.2234,1965676.04
2023-08-16 19:00:00+00:00,0.2234,0.2234,0.2215,0.2216,1306168.99
2023-08-16 20:00:00+00:00,0.2216,0.2219,0.2105,0.2146,22660917.44
2023-08-16 21:00:00+00:00,0.2146,0.2146,0.2088,0.2126,10967814.95
2023-08-16 22:00:00+00:00,0.2126,0.2146,0.2126,0.2141,3930160.29
2023-08-16 23:00:00+00:00,0.2141,0.216,0.213,0.2159,2819407.67
2023-08-17 00:00:00+00:00,0.2159,0.216,0.2104,0.2156,7147912.63
2023-08-17 01:00:00+00:00,0.2156,0.2167,0.2151,0.2161,3135454.3
2023-08-17 02:00:00+00:00,0.2161,0.2168,0.2154,0.2167,1321808.75
2023-08-17 03:00:00+00:00,0.2167,0.2177,0.2166,0.2171,915838.23
2023-08-17 04:00:00+00:00,0.2171,0.2177,0.2168,0.2172,1041207.51
2023-08-17 05:00:00+00:00,0.2172,0.2184,0.2169,0.2183,2011137.23
2023-08-17 06:00:00+00:00,0.2183,0.2186,0.2174,0.2177,1259806.53
2023-08-17 07:00:00+00:00,0.2177,0.2178,0.2169,0.2175,849155.28
2023-08-17 08:00:00+00:00,0.2175,0.2178,0.2162,0.2163,1556216.54
2023-08-17 09:00:00+00:00,0.2163,0.2175,0.2156,0.2169,2286526.53
2023-08-17 10:00:00+00:00,0.2169,0.2172,0.2155,0.2164,1687217.32
2023-08-17 11:00:00+00:00,0.2164,0.2168,0.2153,0.2166,2044606.53
2023-08-17 12:00:00+00:00,0.2166,0.2182,0.2163,0.2173,1148722.17
2023-08-17 13:00:00+00:00,0.2173,0.2178,0.2159,0.2162,1949884.37
2023-08-17 14:00:00+00:00,0.2162,0.2167,0.2139,0.215,4712821.37
2023-08-17 15:00:00+00:00,0.215,0.2163,0.2098,0.2113,17959840.12
2023-08-17 16:00:00+00:00,0.2113,0.2147,0.2089,0.2127,9449412.42
2023-08-17 17:00:00+00:00,0.2127,0.2146,0.2126,0.2146,1222612.97
2023-08-17 18:00:00+00:00,0.2146,0.2155,0.214,0.2148,1531250.69
2023-08-17 19:00:00+00:00,0.2148,0.2159,0.2145,0.2146,1476622.54
2023-08-17 20:00:00+00:00,0.2146,0.2147,0.2105,0.2125,5646727.73
2023-08-17 21:00:00+00:00,0.2125,0.213,0.1768,0.1912,45264612.3
2023-08-17 22:00:00+00:00,0.1912,0.1986,0.1897,0.1973,25114914.98
2023-08-17 23:00:00+00:00,0.1973,0.1986,0.1935,0.194,12697073.6
2023-08-18 00:00:00+00:00,0.194,0.1968,0.193,0.1958,9582173.77
2023-08-18 01:00:00+00:00,0.1958,0.1967,0.1933,0.1936,5993319.44
2023-08-18 02:00:00+00:00,0.1936,0.1954,0.191,0.1917,6360001.01
2023-08-18 03:00:00+00:00,0.1917,0.1934,0.1911,0.1931,3099505.08
2023-08-18 04:00:00+00:00,0.1931,0.1935,0.1909,0.1924,3783284.51
2023-08-18 05:00:00+00:00,0.1924,0.1954,0.1924,0.1947,2840788.73
2023-08-18 06:00:00+00:00,0.1947,0.1968,0.1947,0.1964,5976894.53
2023-08-18 07:00:00+00:00,0.1964,0.1973,0.1959,0.1968,4908580.32
2023-08-18 08:00:00+00:00,0.1968,0.198,0.1958,0.1972,3083695.3
2023-08-18 09:00:00+00:00,0.1972,0.1972,0.1951,0.1954,3555654.19
2023-08-18 10:00:00+00:00,0.1954,0.1964,0.1952,0.196,2088092.2
2023-08-18 11:00:00+00:00,0.196,0.1986,0.1959,0.1977,4175959.19
2023-08-18 12:00:00+00:00,0.1977,0.1981,0.1964,0.1971,4138952.66
2023-08-18 13:00:00+00:00,0.1971,0.1989,0.1965,0.1978,3346044.3
2023-08-18 14:00:00+00:00,0.1978,0.1987,0.1959,0.1967,4154467.97
2023-08-18 15:00:00+00:00,0.1967,0.1994,0.1966,0.1981,4674377.46
2023-08-18 16:00:00+00:00,0.1981,0.1989,0.1955,0.1974,4343979.69
2023-08-18 17:00:00+00:00,0.1974,0.2009,0.1945,0.1998,10623008.3
2023-08-18 18:00:00+00:00,0.1998,0.2031,0.1989,0.2012,3708502.75
2023-08-18 19:00:00+00:00,0.2012,0.2017,0.1996,0.2003,4109850.64
2023-08-18 20:00:00+00:00,0.2003,0.201,0.1992,0.1993,2435297.9
2023-08-18 21:00:00+00:00,0.1993,0.2006,0.1986,0.1991,15194210.92
2023-08-18 22:00:00+00:00,0.1991,0.2006,0.1989,0.2001,1076130.74
2023-08-18 23:00:00+00:00,0.2001,0.2007,0.1995,0.2,1117027.05
2023-08-19 00:00:00+00:00,0.2,0.2017,0.1993,0.2013,2522562.03
2023-08-19 01:00:00+00:00,0.2013,0.2014,0.2001,0.2001,1260917.87
2023-08-19 02:00:00+00:00,0.2001,0.2011,0.2,0.2008,950734.82
2023-08-19 03:00:00+00:00,0.2008,0.2015,0.2001,0.2015,565194.77
2023-08-19 04:00:00+00:00,0.2015,0.2025,0.201,0.2022,857341.58
2023-08-19 05:00:00+00:00,0.2022,0.2025,0.2012,0.2012,1134000.88
2023-08-19 06:00:00+00:00,0.2012,0.2014,0.2004,0.2007,961070.37
2023-08-19 07:00:00+00:00,0.2007,0.202,0.2004,0.2019,1388730.3
2023-08-19 08:00:00+00:00,0.2019,0.2052,0.2014,0.2044,4710463.5
2023-08-19 09:00:00+00:00,0.2044,0.2046,0.2035,0.2043,1431145.25
2023-08-19 10:00:00+00:00,0.2043,0.205,0.2038,0.2048,2104515.88
2023-08-19 11:00:00+00:00,0.2048,0.2056,0.204,0.2041,1871768.64
2023-08-19 12:00:00+00:00,0.2041,0.2046,0.2038,0.204,850646.74
2023-08-19 13:00:00+00:00,0.204,0.2045,0.2035,0.2038,1120978.82
2023-08-19 14:00:00+00:00,0.2038,0.2052,0.2037,0.2047,1235475.09
2023-08-19 15:00:00+00:00,0.2047,0.208,0.2045,0.2078,4119068.43
2023-08-19 16:00:00+00:00,0.2078,0.2103,0.2071,0.2097,3535067.41
2023-08-19 17:00:00+00:00,0.2097,0.2097,0.2069,0.2072,2697966.98
2023-08-19 18:00:00+00:00,0.2072,0.2077,0.2066,0.2077,1493128.93
2023-08-19 19:00:00+00:00,0.2077,0.2086,0.2074,0.2078,1295228.51
2023-08-19 20:00:00+00:00,0.2078,0.2079,0.2059,0.2066,2803128.84
2023-08-19 21:00:00+00:00,0.2066,0.207,0.2063,0.2069,950313.36
2023-08-19 22:00:00+00:00,0.2069,0.2069,0.2055,0.206,790783.07
2023-08-19 23:00:00+00:00,0.206,0.2082,0.2057,0.208,724857.35
2023-08-20 00:00:00+00:00,0.208,0.2109,0.2076,0.2103,3407453.35
2023-08-20 01:00:00+00:00,0.2103,0.2104,0.2084,0.209,1266004.7
2023-08-20 02:00:00+00:00,0.209,0.21,0.2085,0.2099,1308215.99
2023-08-20 03:00:00+00:00,0.2099,0.2117,0.2096,0.2117,1906853.41
2023-08-20 04:00:00+00:00,0.2117,0.2124,0.2106,0.2108,1601843.98
2023-08-20 05:00:00+00:00,0.2108,0.2112,0.2086,0.2087,2500516.29
2023-08-20 06:00:00+00:00,0.2087,0.2096,0.2081,0.2091,1501612.7
2023-08-20 07:00:00+00:00,0.2091,0.2104,0.209,0.2104,910062.52
2023-08-20 08:00:00+00:00,0.2104,0.2113,0.2101,0.2108,1760963.08
2023-08-20 09:00:00+00:00,0.2108,0.2115,0.2103,0.2115,2129465.29
2023-08-20 10:00:00+00:00,0.2115,0.212,0.2098,0.21,3623413.26
2023-08-20 11:00:00+00:00,0.21,0.2105,0.209,0.2096,1791843.69
2023-08-20 12:00:00+00:00,0.2096,0.2097,0.2073,0.2086,5749358.25
2023-08-20 13:00:00+00:00,0.2086,0.2091,0.2071,0.2073,2272697.27
2023-08-20 14:00:00+00:00,0.2073,0.2075,0.2057,0.2062,3687304.03
2023-08-20 15:00:00+00:00,0.2062,0.2075,0.2054,0.2071,1844958.75
2023-08-20 16:00:00+00:00,0.2071,0.2072,0.2054,0.206,2474681.72
2023-08-20 17:00:00+00:00,0.206,0.2094,0.2056,0.2086,3060478.63
2023-08-20 18:00:00+00:00,0.2086,0.2094,0.2079,0.2082,996771.74
2023-08-20 19:00:00+00:00,0.2082,0.2089,0.208,0.2085,905086.72
2023-08-20 20:00:00+00:00,0.2085,0.2102,0.2084,0.2096,1850278.87
2023-08-20 21:00:00+00:00,0.2096,0.2097,0.2085,0.2087,1025824.55
2023-08-20 22:00:00+00:00,0.2087,0.2091,0.2081,0.2088,896717.09
2023-08-20 23:00:00+00:00,0.2088,0.209,0.2079,0.2079,2369610.59
2023-08-21 00:00:00+00:00,0.2079,0.208,0.2063,0.2076,2988792.34
2023-08-21 01:00:00+00:00,0.2076,0.2094,0.2072,0.2093,1357431.84
2023-08-21 02:00:00+00:00,0.2093,0.2093,0.2079,0.2081,1053326.07
2023-08-21 03:00:00+00:00,0.2081,0.2084,0.2076,0.2077,752459.51
2023-08-21 04:00:00+00:00,0.2077,0.2079,0.207,0.2074,691020.19
2023-08-21 05:00:00+00:00,0.2074,0.2107,0.2074,0.2099,3393870.3
2023-08-21 06:00:00+00:00,0.2099,0.2105,0.2084,0.2086,1510241.72
2023-08-21 07:00:00+00:00,0.2086,0.2088,0.2074,0.208,1514300.89
2023-08-21 08:00:00+00:00,0.208,0.2082,0.2067,0.2071,1546190.91
2023-08-21 09:00:00+00:00,0.2071,0.2081,0.2068,0.2072,1171885.72
2023-08-21 10:00:00+00:00,0.2072,0.2072,0.2032,0.2038,8491824.11
2023-08-21 11:00:00+00:00,0.2038,0.2066,0.2036,0.2066,3111286.41
2023-08-21 12:00:00+00:00,0.2066,0.2099,0.2052,0.2054,2920024.31
2023-08-21 13:00:00+00:00,0.2054,0.2087,0.2042,0.2087,3428099.08
2023-08-21 14:00:00+00:00,0.2087,0.2097,0.2066,0.207,2730225.54
2023-08-21 15:00:00+00:00,0.207,0.2073,0.1985,0.2015,16129972.43
2023-08-21 16:00:00+00:00,0.2015,0.2039,0.2012,0.2023,7441749.86
2023-08-21 17:00:00+00:00,0.2023,0.2038,0.2021,0.203,1395866.84
2023-08-21 18:00:00+00:00,0.203,0.205,0.2029,0.204,809063.92
2023-08-21 19:00:00+00:00,0.204,0.2072,0.2039,0.2061,1954230.23
2023-08-21 20:00:00+00:00,0.2061,0.2067,0.2052,0.2054,913413.34
2023-08-21 21:00:00+00:00,0.2054,0.2068,0.2045,0.2062,1436860.9
2023-08-21 22:00:00+00:00,0.2062,0.2063,0.2047,0.2047,893546.11
2023-08-21 23:00:00+00:00,0.2047,0.2052,0.204,0.2041,646837.47
2023-08-22 00:00:00+00:00,0.2041,0.2042,0.2035,0.2035,1566238.35
2023-08-22 01:00:00+00:00,0.2035,0.2038,0.2031,0.2034,941457.65
2023-08-22 02:00:00+00:00,0.2034,0.2044,0.2033,0.2041,783472.06
2023-08-22 03:00:00+00:00,0.2041,0.2043,0.203,0.2036,1032739.8
2023-08-22 04:00:00+00:00,0.2036,0.2037,0.2023,0.2025,887219.25
2023-08-22 05:00:00+00:00,0.2025,0.2032,0.2024,0.203,969638.51
2023-08-22 06:00:00+00:00,0.203,0.2039,0.2015,0.2032,13134443.78
2023-08-22 07:00:00+00:00,0.2032,0.2043,0.2031,0.2042,1085028.83
2023-08-22 08:00:00+00:00,0.2042,0.2045,0.2032,0.2036,1632443.53
2023-08-22 09:00:00+00:00,0.2036,0.2036,0.2025,0.2025,958909.73
2023-08-22 10:00:00+00:00,0.2025,0.2025,0.2013,0.2016,1935678.56
2023-08-22 11:00:00+00:00,0.2016,0.2019,0.2003,0.2008,2254728.34
2023-08-22 12:00:00+00:00,0.2008,0.202,0.2006,0.2009,4086608.28
2023-08-22 13:00:00+00:00,0.2009,0.2009,0.1972,0.1978,5417870.34
2023-08-22 14:00:00+00:00,0.1978,0.1997,0.1971,0.1993,5000576.37
2023-08-22 15:00:00+00:00,0.1993,0.2002,0.1982,0.1989,4487093.51
2023-08-22 16:00:00+00:00,0.1989,0.2007,0.1967,0.2005,7975677.45
2023-08-22 17:00:00+00:00,0.2005,0.2006,0.1963,0.1975,5761320.25
2023-08-22 18:00:00+00:00,0.1975,0.1999,0.196,0.1989,3057998.24
2023-08-22 19:00:00+00:00,0.1989,0.1999,0.1972,0.1975,1084262.54
2023-08-22 20:00:00+00:00,0.1975,0.1988,0.1975,0.1987,873204.68
2023-08-22 21:00:00+00:00,0.1987,0.1989,0.1924,0.1963,8793742.66
2023-08-22 22:00:00+00:00,0.1963,0.1997,0.1957,0.1993,2533818.47
2023-08-22 23:00:00+00:00,0.1993,0.2026,0.1993,0.202,3863212.46
2023-08-23 00:00:00+00:00,0.202,0.2033,0.2016,0.2023,1916207.75
2023-08-23 01:00:00+00:00,0.2023,0.2027,0.2011,0.2019,849243.23
2023-08-23 02:00:00+00:00,0.2019,0.2027,0.2017,0.2019,779954.01
2023-08-23 03:00:00+00:00,0.2019,0.2029,0.2004,0.2006,17368425.11
2023-08-23 04:00:00+00:00,0.2006,0.201,0.2003,0.2007,1296497.06
2023-08-23 05:00:00+00:00,0.2007,0.2007,0.1995,0.2004,688525.15
2023-08-23 06:00:00+00:00,0.2004,0.2029,0.2003,0.2016,6864165.65
2023-08-23 07:00:00+00:00,0.2016,0.2024,0.201,0.2016,1158891.69
2023-08-23 08:00:00+00:00,0.2016,0.2023,0.2015,0.202,1026802.64
2023-08-23 09:00:00+00:00,0.202,0.2032,0.2016,0.2026,1371373.32
2023-08-23 10:00:00+00:00,0.2026,0.2026,0.2008,0.2009,1114788.97
2023-08-23 11:00:00+00:00,0.2009,0.2011,0.2003,0.2008,1564578.56
2023-08-23 12:00:00+00:00,0.2008,0.2013,0.1995,0.1997,2071366.7
2023-08-23 13:00:00+00:00,0.1997,0.2023,0.1993,0.2023,2007594.67
2023-08-23 14:00:00+00:00,0.2023,0.2032,0.2012,0.2026,1628711.17
2023-08-23 15:00:00+00:00,0.2026,0.205,0.2024,0.2045,5550863.92
2023-08-23 16:00:00+00:00,0.2045,0.2089,0.2045,0.2081,5194810.15
2023-08-23 17:00:00+00:00,0.2081,0.2096,0.2074,0.2082,3285483.13
2023-08-23 18:00:00+00:00,0.2082,0.2086,0.2074,0.2078,1334940.0
2023-08-23 19:00:00+00:00,0.2078,0.211,0.2078,0.2097,7179611.5
2023-08-23 20:00:00+00:00,0.2097,0.21,0.2085,0.2088,2132756.88
2023-08-23 21:00:00+00:00,0.2088,0.2095,0.2058,0.2068,2909576.24
2023-08-23 22:00:00+00:00,0.2068,0.2094,0.2066,0.209,1730417.54
2023-08-23 23:00:00+00:00,0.209,0.2104,0.2089,0.2104,1318427.66
2023-08-24 00:00:00+00:00,0.2104,0.2126,0.2102,0.2112,3186595.85
2023-08-24 01:00:00+00:00,0.2112,0.2117,0.21,0.2101,1280701.94
2023-08-24 02:00:00+00:00,0.2101,0.2117,0.2099,0.2107,1003384.46
2023-08-24 03:00:00+00:00,0.2107,0.2111,0.2105,0.211,720635.92
2023-08-24 04:00:00+00:00,0.211,0.2118,0.2103,0.2115,848378.59
2023-08-24 05:00:00+00:00,0.2115,0.2122,0.2106,0.2108,1166432.86
2023-08-24 06:00:00+00:00,0.2108,0.2114,0.2101,0.2106,1089995.9
2023-08-24 07:00:00+00:00,0.2106,0.211,0.2098,0.2101,1387082.32
2023-08-24 08:00:00+00:00,0.2101,0.2103,0.2088,0.2098,1200490.31
2023-08-24 09:00:00+00:00,0.2098,0.2103,0.2084,0.2086,1463757.85
2023-08-24 10:00:00+00:00,0.2086,0.2091,0.2081,0.2091,549053.45
2023-08-24 11:00:00+00:00,0.2091,0.2102,0.2089,0.2095,1463755.6
2023-08-24 12:00:00+00:00,0.2095,0.2102,0.2084,0.2094,2621846.57
2023-08-24 13:00:00+00:00,0.2094,0.2098,0.2079,0.2087,1368775.49
2023-08-24 14:00:00+00:00,0.2087,0.2088,0.2061,0.2063,3711687.05
2023-08-24 15:00:00+00:00,0.2063,0.2069,0.2049,0.2062,3910141.24
2023-08-24 16:00:00+00:00,0.2062,0.2091,0.2061,0.2083,2494486.82
2023-08-24 17:00:00+00:00,0.2083,0.2086,0.2055,0.2074,3219572.92
2023-08-24 18:00:00+00:00,0.2074,0.2075,0.2059,0.2063,2045108.12
2023-08-24 19:00:00+00:00,0.2063,0.2085,0.2063,0.2071,1340926.65
2023-08-24 20:00:00+00:00,0.2071,0.2079,0.2037,0.2048,5298799.76
2023-08-24 21:00:00+00:00,0.2048,0.2067,0.2048,0.2063,1898482.9
2023-08-24 22:00:00+00:00,0.2063,0.2071,0.2062,0.2071,743668.25
2023-08-24 23:00:00+00:00,0.2071,0.2102,0.2066,0.2093,2522145.77
2023-08-25 00:00:00+00:00,0.2093,0.2098,0.2087,0.2089,990335.53
2023-08-25 01:00:00+00:00,0.2089,0.2091,0.2078,0.2087,825006.26
2023-08-25 02:00:00+00:00,0.2087,0.21,0.2081,0.2083,1068220.51
2023-08-25 03:00:00+00:00,0.2083,0.2083,0.2042,0.2067,3410377.85
2023-08-25 04:00:00+00:00,0.2067,0.2069,0.2038,0.2044,3354707.75
2023-08-25 05:00:00+00:00,0.2044,0.2069,0.2039,0.2066,1408387.49
2023-08-25 06:00:00+00:00,0.2066,0.207,0.2058,0.2066,1071070.88
2023-08-25 07:00:00+00:00,0.2066,0.207,0.2057,0.2058,768585.81
2023-08-25 08:00:00+00:00,0.2058,0.2078,0.2058,0.2071,807589.78
2023-08-25 09:00:00+00:00,0.2071,0.2075,0.2059,0.2061,1281095.21
2023-08-25 10:00:00+00:00,0.2061,0.2069,0.2061,0.2064,727283.46
2023-08-25 11:00:00+00:00,0.2064,0.2073,0.2063,0.2071,801084.19
2023-08-25 12:00:00+00:00,0.2071,0.2076,0.2067,0.207,854621.67
2023-08-25 13:00:00+00:00,0.207,0.2095,0.207,0.2073,2698225.2
2023-08-25 14:00:00+00:00,0.2073,0.2097,0.204,0.2047,6013290.1
2023-08-25 15:00:00+00:00,0.2047,0.2072,0.2035,0.2059,2673613.63
2023-08-25 16:00:00+00:00,0.2059,0.206,0.2037,0.2043,1546976.68
2023-08-25 17:00:00+00:00,0.2043,0.2056,0.2041,0.2055,961869.16
2023-08-25 18:00:00+00:00,0.2055,0.2086,0.2051,0.2083,1434862.49
2023-08-25 19:00:00+00:00,0.2083,0.2087,0.2065,0.207,959247.08
2023-08-25 20:00:00+00:00,0.207,0.2075,0.2066,0.2073,772980.17
2023-08-25 21:00:00+00:00,0.2073,0.2079,0.2068,0.2078,660909.06
2023-08-25 22:00:00+00:00,0.2078,0.2081,0.2071,0.208,768019.82
2023-08-25 23:00:00+00:00,0.208,0.208,0.2069,0.2078,710792.83
2023-08-26 00:00:00+00:00,0.2078,0.2081,0.2062,0.2065,956104.02
2023-08-26 01:00:00+00:00,0.2065,0.2074,0.2061,0.2062,533266.35
2023-08-26 02:00:00+00:00,0.2062,0.2066,0.2056,0.2064,562860.18
2023-08-26 03:00:00+00:00,0.2064,0.2069,0.2059,0.2067,742188.8
2023-08-26 04:00:00+00:00,0.2067,0.2068,0.206,0.2065,295451.77
2023-08-26 05:00:00+00:00,0.2065,0.2065,0.2056,0.2058,846853.89
2023-08-26 06:00:00+00:00,0.2058,0.2059,0.2049,0.2056,1010395.52
2023-08-26 07:00:00+00:00,0.2056,0.2059,0.2046,0.2047,715594.8
2023-08-26 08:00:00+00:00,0.2047,0.2052,0.2038,0.2043,1286446.36
2023-08-26 09:00:00+00:00,0.2043,0.2047,0.204,0.2043,534976.75
2023-08-26 10:00:00+00:00,0.2043,0.2049,0.2041,0.2048,828101.13
2023-08-26 11:00:00+00:00,0.2048,0.2053,0.2045,0.2049,1489196.43
2023-08-26 12:00:00+00:00,0.2049,0.205,0.2039,0.2042,1062014.43
2023-08-26 13:00:00+00:00,0.2042,0.2044,0.2035,0.2037,1090044.36
2023-08-26 14:00:00+00:00,0.2037,0.2037,0.2027,0.2031,2367956.09
2023-08-26 15:00:00+00:00,0.2031,0.2033,0.2025,0.2026,996203.31
2023-08-26 16:00:00+00:00,0.2026,0.2028,0.2015,0.2018,1221387.33
2023-08-26 17:00:00+00:00,0.2018,0.2018,0.2011,0.2013,1392205.57
2023-08-26 18:00:00+00:00,0.2013,0.2014,0.2002,0.2006,1165993.52
2023-08-26 19:00:00+00:00,0.2006,0.2012,0.2,0.2011,953894.76
2023-08-26 20:00:00+00:00,0.2011,0.2018,0.2009,0.2012,1379776.37
2023-08-26 21:00:00+00:00,0.2012,0.2023,0.2011,0.2021,775577.61
2023-08-26 22:00:00+00:00,0.2021,0.2024,0.2009,0.2011,763618.44
2023-08-26 23:00:00+00:00,0.2011,0.2011,0.2001,0.2003,741006.22
2023-08-27 00:00:00+00:00,0.2003,0.201,0.1995,0.1997,1829007.78
2023-08-27 01:00:00+00:00,0.1997,0.2004,0.1994,0.2002,1608733.91
2023-08-27 02:00:00+00:00,0.2002,0.2004,0.1994,0.1996,1453118.83
2023-08-27 03:00:00+00:00,0.1996,0.2007,0.1996,0.2003,535276.53
2023-08-27 04:00:00+00:00,0.2003,0.2008,0.2003,0.2007,356188.4
2023-08-27 05:00:00+00:00,0.2007,0.2016,0.2006,0.2015,2308742.7
2023-08-27 06:00:00+00:00,0.2015,0.2027,0.2012,0.2027,1464773.86
2023-08-27 07:00:00+00:00,0.2027,0.2029,0.2016,0.2021,1288215.54
2023-08-27 08:00:00+00:00,0.2021,0.2025,0.2011,0.202,991645.78
2023-08-27 09:00:00+00:00,0.202,0.2025,0.2016,0.2018,1430835.31
2023-08-27 10:00:00+00:00,0.2018,0.2028,0.2017,0.202,796693.08
2023-08-27 11:00:00+00:00,0.202,0.2021,0.2013,0.2016,822266.17
2023-08-27 12:00:00+00:00,0.2016,0.2021,0.2008,0.2019,996703.09
2023-08-27 13:00:00+00:00,0.2019,0.2026,0.2019,0.2024,1416854.0
2023-08-27 14:00:00+00:00,0.2024,0.2043,0.2021,0.2037,3587095.59
2023-08-27 15:00:00+00:00,0.2037,0.2041,0.2027,0.2029,1411837.02
2023-08-27 16:00:00+00:00,0.2029,0.203,0.202,0.2028,1502262.25
2023-08-27 17:00:00+00:00,0.2028,0.2028,0.2011,0.2012,1335757.04
2023-08-27 18:00:00+00:00,0.2012,0.2018,0.2007,0.2017,1497570.49
2023-08-27 19:00:00+00:00,0.2017,0.2026,0.2015,0.2018,930208.43
2023-08-27 20:00:00+00:00,0.2018,0.2018,0.201,0.2013,716406.09
2023-08-27 21:00:00+00:00,0.2013,0.2024,0.2007,0.2011,894093.52
2023-08-27 22:00:00+00:00,0.2011,0.2021,0.2008,0.202,1546005.75
2023-08-27 23:00:00+00:00,0.202,0.2025,0.2018,0.2023,731538.77
2023-08-28 00:00:00+00:00,0.2023,0.2024,0.1998,0.2005,2215186.92
2023-08-28 01:00:00+00:00,0.2005,0.2008,0.1988,0.1992,3056763.23
2023-08-28 02:00:00+00:00,0.1992,0.2003,0.199,0.1995,1049301.4
2023-08-28 03:00:00+00:00,0.1995,0.2003,0.1993,0.1997,996510.91
2023-08-28 04:00:00+00:00,0.1997,0.2002,0.1992,0.2,623752.52
2023-08-28 05:00:00+00:00,0.2,0.2004,0.1968,0.1991,4691013.63
2023-08-28 06:00:00+00:00,0.1991,0.2003,0.1987,0.1997,6379447.37
2023-08-28 07:00:00+00:00,0.1997,0.2,0.1982,0.1989,1884541.19
2023-08-28 08:00:00+00:00,0.1989,0.1995,0.1973,0.1985,13551167.1
2023-08-28 09:00:00+00:00,0.1985,0.199,0.1967,0.1981,4916187.97
2023-08-28 10:00:00+00:00,0.1981,0.1988,0.1977,0.1987,1287432.99
2023-08-28 11:00:00+00:00,0.1987,0.1992,0.1984,0.1991,1213583.03
2023-08-28 12:00:00+00:00,0.1991,0.203,0.1991,0.202,4878824.32
2023-08-28 13:00:00+00:00,0.202,0.2023,0.2007,0.2016,1983992.36
2023-08-28 14:00:00+00:00,0.2016,0.2031,0.2015,0.2029,2126230.82
2023-08-28 15:00:00+00:00,0.2029,0.2052,0.2025,0.2033,3715451.02
2023-08-28 16:00:00+00:00,0.2033,0.2039,0.2024,0.2036,2283521.61
2023-08-28 17:00:00+00:00,0.2036,0.2039,0.2028,0.2032,1577478.83
2023-08-28 18:00:00+00:00,0.2032,0.2037,0.2024,0.2036,1402986.09
2023-08-28 19:00:00+00:00,0.2036,0.204,0.2011,0.2023,3995579.09
2023-08-28 20:00:00+00:00,0.2023,0.2027,0.2017,0.202,1555498.09
2023-08-28 21:00:00+00:00,0.202,0.2025,0.2015,0.2019,1339104.09
2023-08-28 22:00:00+00:00,0.2019,0.2035,0.2018,0.2033,771528.03
2023-08-28 23:00:00+00:00,0.2033,0.2037,0.2026,0.2027,2652672.44
2023-08-29 00:00:00+00:00,0.2027,0.2034,0.2019,0.2032,1826291.81
2023-08-29 01:00:00+00:00,0.2032,0.2047,0.2028,0.2031,2418876.81
2023-08-29 02:00:00+00:00,0.2031,0.2032,0.2015,0.2017,2731145.8
2023-08-29 03:00:00+00:00,0.2017,0.2026,0.2003,0.2009,5826471.0
2023-08-29 04:00:00+00:00,0.2009,0.2012,0.2,0.2009,1512914.73
2023-08-29 05:00:00+00:00,0.2009,0.2014,0.2003,0.2007,4242360.26
2023-08-29 06:00:00+00:00,0.2007,0.2009,0.1996,0.1998,2288610.97
2023-08-29 07:00:00+00:00,0.1998,0.2009,0.1996,0.2,1235876.08
2023-08-29 08:00:00+00:00,0.2,0.2001,0.1992,0.1998,2849874.24
2023-08-29 09:00:00+00:00,0.1998,0.2,0.1992,0.1995,911959.18
2023-08-29 10:00:00+00:00,0.1995,0.1997,0.198,0.1994,2763954.91
2023-08-29 11:00:00+00:00,0.1994,0.2002,0.1991,0.1998,1343328.34
2023-08-29 12:00:00+00:00,0.1998,0.2007,0.1995,0.2007,1385133.29
2023-08-29 13:00:00+00:00,0.2007,0.2017,0.2003,0.2007,1534026.11
2023-08-29 14:00:00+00:00,0.2007,0.2145,0.2007,0.2123,33678633.65
2023-08-29 15:00:00+00:00,0.2123,0.2145,0.2102,0.2142,9335352.56
2023-08-29 16:00:00+00:00,0.2142,0.2193,0.2136,0.2179,13192491.82
2023-08-29 17:00:00+00:00,0.2179,0.2191,0.2157,0.2167,5566349.57
2023-08-29 18:00:00+00:00,0.2167,0.2174,0.2152,0.2157,3645151.15
2023-08-29 19:00:00+00:00,0.2157,0.2166,0.2144,0.2163,3634357.2
2023-08-29 20:00:00+00:00,0.2163,0.2172,0.2141,0.2141,3702527.17
2023-08-29 21:00:00+00:00,0.2141,0.2161,0.2141,0.216,3081548.85
2023-08-29 22:00:00+00:00,0.216,0.2174,0.2157,0.2168,1538393.84
2023-08-29 23:00:00+00:00,0.2168,0.217,0.2154,0.2164,2276279.37
2023-08-30 00:00:00+00:00,0.2164,0.2174,0.2162,0.2166,2598371.32
2023-08-30 01:00:00+00:00,0.2166,0.2167,0.2137,0.2156,3187623.32
2023-08-30 02:00:00+00:00,0.2156,0.2173,0.215,0.2168,2452403.06
2023-08-30 03:00:00+00:00,0.2168,0.2168,0.2141,0.2156,4387481.12
2023-08-30 04:00:00+00:00,0.2156,0.2162,0.2147,0.2158,2160025.66
2023-08-30 05:00:00+00:00,0.2158,0.217,0.2156,0.2169,4538824.6
2023-08-30 06:00:00+00:00,0.2169,0.2169,0.2142,0.2144,3985204.92
2023-08-30 07:00:00+00:00,0.2144,0.2153,0.2141,0.2149,2046705.62
2023-08-30 08:00:00+00:00,0.2149,0.2155,0.2143,0.2149,1714162.63
2023-08-30 09:00:00+00:00,0.2149,0.2149,0.2123,0.2132,3931260.13
2023-08-30 10:00:00+00:00,0.2132,0.2139,0.2127,0.2137,5015349.47
2023-08-30 11:00:00+00:00,0.2137,0.2138,0.2114,0.2117,1603724.89
2023-08-30 12:00:00+00:00,0.2117,0.2128,0.2106,0.212,4955600.07
2023-08-30 13:00:00+00:00,0.212,0.2135,0.211,0.2126,4646604.66
2023-08-30 14:00:00+00:00,0.2126,0.2131,0.2088,0.2099,7861064.29
2023-08-30 15:00:00+00:00,0.2099,0.2116,0.2087,0.211,4945135.93
2023-08-30 16:00:00+00:00,0.211,0.2117,0.2105,0.2112,1491321.12
2023-08-30 17:00:00+00:00,0.2112,0.2124,0.211,0.2112,1065434.68
2023-08-30 18:00:00+00:00,0.2112,0.2119,0.2105,0.2118,2186914.2
2023-08-30 19:00:00+00:00,0.2118,0.2118,0.2101,0.2103,1351835.46
2023-08-30 20:00:00+00:00,0.2103,0.2117,0.2101,0.2115,1389056.03
2023-08-30 21:00:00+00:00,0.2115,0.2121,0.2105,0.211,1316809.58
2023-08-30 22:00:00+00:00,0.211,0.2116,0.2109,0.2113,664802.97
2023-08-30 23:00:00+00:00,0.2113,0.2122,0.2112,0.2114,1127083.58
2023-08-31 00:00:00+00:00,0.2114,0.2114,0.2106,0.211,2620756.76
2023-08-31 01:00:00+00:00,0.211,0.211,0.2094,0.2096,1792637.76
2023-08-31 02:00:00+00:00,0.2096,0.2105,0.2094,0.2099,3897368.5
2023-08-31 03:00:00+00:00,0.2099,0.2106,0.2098,0.2104,614379.04
2023-08-31 04:00:00+00:00,0.2104,0.2123,0.2104,0.2117,1907987.99
2023-08-31 05:00:00+00:00,0.2117,0.2123,0.211,0.2116,5900039.3
2023-08-31 06:00:00+00:00,0.2116,0.2122,0.2111,0.2118,1800145.28
2023-08-31 07:00:00+00:00,0.2118,0.2125,0.2111,0.212,2089781.72
2023-08-31 08:00:00+00:00,0.212,0.2132,0.2108,0.213,6347727.29
2023-08-31 09:00:00+00:00,0.213,0.2135,0.2118,0.2123,1855904.66
2023-08-31 10:00:00+00:00,0.2123,0.2131,0.2122,0.213,772479.0
2023-08-31 11:00:00+00:00,0.213,0.216,0.2129,0.2148,5341508.12
2023-08-31 12:00:00+00:00,0.2148,0.2157,0.2129,0.2151,4602711.07
2023-08-31 13:00:00+00:00,0.2151,0.2152,0.2133,0.2143,4818883.88
2023-08-31 14:00:00+00:00,0.2143,0.215,0.2128,0.2149,3163403.76
2023-08-31 15:00:00+00:00,0.2149,0.2149,0.2096,0.2115,9074263.64
2023-08-31 16:00:00+00:00,0.2115,0.2125,0.2066,0.207,13443822.83
2023-08-31 17:00:00+00:00,0.207,0.208,0.2034,0.2075,12202933.98
2023-08-31 18:00:00+00:00,0.2075,0.2083,0.2063,0.207,2762286.4
2023-08-31 19:00:00+00:00,0.207,0.2072,0.2045,0.2062,4256366.95
2023-08-31 20:00:00+00:00,0.2062,0.2062,0.2031,0.2035,3164857.96
2023-08-31 21:00:00+00:00,0.2035,0.2036,0.2008,0.2013,7528390.97
2023-08-31 22:00:00+00:00,0.2013,0.202,0.2006,0.2017,2181240.31
2023-08-31 23:00:00+00:00,0.2017,0.2018,0.2001,0.2002,1999107.01
2023-09-01 00:00:00+00:00,0.2002,0.2023,0.2,0.2018,5506048.37
2023-09-01 01:00:00+00:00,0.2018,0.2019,0.2003,0.2003,1206192.87
2023-09-01 02:00:00+00:00,0.2003,0.2014,0.2,0.2003,6824838.47
2023-09-01 03:00:00+00:00,0.2003,0.2015,0.2001,0.2011,1089286.04
2023-09-01 04:00:00+00:00,0.2011,0.2013,0.2006,0.2006,1399643.29
2023-09-01 05:00:00+00:00,0.2006,0.2009,0.2,0.2003,1923379.45
2023-09-01 06:00:00+00:00,0.2003,0.2008,0.2,0.2002,4501372.6
2023-09-01 07:00:00+00:00,0.2002,0.2008,0.2,0.2004,2376247.0
2023-09-01 08:00:00+00:00,0.2004,0.2008,0.2,0.2004,2358373.2
2023-09-01 09:00:00+00:00,0.2004,0.2012,0.2,0.2004,5694912.97
2023-09-01 10:00:00+00:00,0.2004,0.2005,0.2,0.2002,1757037.39
2023-09-01 11:00:00+00:00,0.2002,0.2014,0.2001,0.2011,1049865.95
2023-09-01 12:00:00+00:00,0.2011,0.2012,0.2,0.2005,1525384.02
2023-09-01 13:00:00+00:00,0.2005,0.2013,0.2,0.201,6110299.45
2023-09-01 14:00:00+00:00,0.201,0.201,0.1983,0.1988,8900944.51
2023-09-01 15:00:00+00:00,0.1988,0.2009,0.198,0.2001,3767942.17
2023-09-01 16:00:00+00:00,0.2001,0.2017,0.2,0.2,3802542.98
2023-09-01 17:00:00+00:00,0.2,0.2013,0.2,0.2002,11637878.32
2023-09-01 18:00:00+00:00,0.2002,0.2029,0.2,0.2019,2775991.81
2023-09-01 19:00:00+00:00,0.2019,0.2036,0.2016,0.2027,3417127.97
2023-09-01 20:00:00+00:00,0.2027,0.2048,0.2022,0.2036,2155012.36
2023-09-01 21:00:00+00:00,0.2036,0.2041,0.2025,0.2029,2046392.36
2023-09-01 22:00:00+00:00,0.2029,0.2038,0.2025,0.2035,1677147.85
2023-09-01 23:00:00+00:00,0.2035,0.2047,0.2032,0.2038,2375997.6
2023-09-02 00:00:00+00:00,0.2038,0.2057,0.2038,0.2048,2177540.97
2023-09-02 01:00:00+00:00,0.2048,0.205,0.2039,0.2043,1622607.6
2023-09-02 02:00:00+00:00,0.2043,0.2045,0.2032,0.2034,1353083.99
2023-09-02 03:00:00+00:00,0.2034,0.2043,0.2034,0.2042,679094.67
2023-09-02 04:00:00+00:00,0.2042,0.2043,0.2036,0.2042,1039843.91
2023-09-02 05:00:00+00:00,0.2042,0.2047,0.204,0.2043,1201101.67
2023-09-02 06:00:00+00:00,0.2043,0.2045,0.2031,0.2034,822287.93
2023-09-02 07:00:00+00:00,0.2034,0.2035,0.2028,0.203,1210554.35
2023-09-02 08:00:00+00:00,0.203,0.2031,0.2015,0.2022,2573500.73
2023-09-02 09:00:00+00:00,0.2022,0.2035,0.202,0.2032,1247447.24
2023-09-02 10:00:00+00:00,0.2032,0.2034,0.2025,0.2028,2094464.18
2023-09-02 11:00:00+00:00,0.2028,0.2032,0.2025,0.2029,1110195.96
2023-09-02 12:00:00+00:00,0.2029,0.2031,0.2026,0.2028,555559.25
2023-09-02 13:00:00+00:00,0.2028,0.2039,0.2018,0.2037,2089938.8
2023-09-02 14:00:00+00:00,0.2037,0.2044,0.203,0.2039,942825.11
2023-09-02 15:00:00+00:00,0.2039,0.2052,0.2033,0.2035,1544852.62
2023-09-02 16:00:00+00:00,0.2035,0.2037,0.2023,0.2026,1517631.9
2023-09-02 17:00:00+00:00,0.2026,0.2028,0.2012,0.2014,2003267.18
2023-09-02 18:00:00+00:00,0.2014,0.2016,0.2,0.2013,2448538.42
2023-09-02 19:00:00+00:00,0.2013,0.2023,0.2013,0.2018,832438.42
2023-09-02 20:00:00+00:00,0.2018,0.2018,0.2007,0.2016,818494.59
2023-09-02 21:00:00+00:00,0.2016,0.2016,0.2005,0.2006,724860.68
2023-09-02 22:00:00+00:00,0.2006,0.2012,0.2004,0.2012,717812.14
2023-09-02 23:00:00+00:00,0.2012,0.2014,0.2006,0.2007,594245.43
2023-09-03 00:00:00+00:00,0.2007,0.2013,0.2,0.2012,2045514.27
2023-09-03 01:00:00+00:00,0.2012,0.2015,0.2001,0.2003,863602.79
2023-09-03 02:00:00+00:00,0.2003,0.2007,0.2001,0.2005,614501.93
2023-09-03 03:00:00+00:00,0.2005,0.2009,0.2002,0.2008,727000.2
2023-09-03 04:00:00+00:00,0.2008,0.2009,0.2003,0.2004,442107.47
2023-09-03 05:00:00+00:00,0.2004,0.2018,0.2002,0.2013,990071.43
2023-09-03 06:00:00+00:00,0.2013,0.2021,0.201,0.2019,920875.13
2023-09-03 07:00:00+00:00,0.2019,0.2019,0.2009,0.2018,1413596.49
2023-09-03 08:00:00+00:00,0.2018,0.202,0.2005,0.2008,1830348.5
2023-09-03 09:00:00+00:00,0.2008,0.2013,0.2007,0.2008,801036.37
2023-09-03 10:00:00+00:00,0.2008,0.2009,0.2003,0.2009,693148.04
2023-09-03 11:00:00+00:00,0.2009,0.2014,0.2006,0.2013,542891.21
2023-09-03 12:00:00+00:00,0.2013,0.2018,0.2004,0.2008,1732382.28
2023-09-03 13:00:00+00:00,0.2008,0.2012,0.2001,0.2004,2024167.59
2023-09-03 14:00:00+00:00,0.2004,0.2009,0.2001,0.2006,1165853.59
2023-09-03 15:00:00+00:00,0.2006,0.2006,0.2,0.2002,3644890.62
2023-09-03 16:00:00+00:00,0.2002,0.2006,0.1991,0.1997,4343859.16
2023-09-03 17:00:00+00:00,0.1997,0.2007,0.1993,0.2006,1894905.16
2023-09-03 18:00:00+00:00,0.2006,0.2023,0.2005,0.2016,2015043.21
2023-09-03 19:00:00+00:00,0.2016,0.2023,0.2014,0.2019,953779.86
2023-09-03 20:00:00+00:00,0.2019,0.2021,0.2005,0.2012,2083441.57
2023-09-03 21:00:00+00:00,0.2012,0.2013,0.1998,0.2002,1220847.9
2023-09-03 22:00:00+00:00,0.2002,0.2003,0.1998,0.2002,1442345.97
2023-09-03 23:00:00+00:00,0.2002,0.2017,0.2001,0.2011,847449.85
2023-09-04 00:00:00+00:00,0.2011,0.2022,0.2009,0.202,716458.8
2023-09-04 01:00:00+00:00,0.202,0.2029,0.2014,0.2029,2777873.01
2023-09-04 02:00:00+00:00,0.2029,0.205,0.2027,0.2045,1372830.74
2023-09-04 03:00:00+00:00,0.2045,0.2063,0.2045,0.205,2144113.52
2023-09-04 04:00:00+00:00,0.205,0.2069,0.205,0.2063,3339313.46
2023-09-04 05:00:00+00:00,0.2063,0.2063,0.2029,0.2035,6428877.34
2023-09-04 06:00:00+00:00,0.2035,0.2055,0.2029,0.2049,3949832.35
2023-09-04 07:00:00+00:00,0.2049,0.2059,0.2047,0.2047,837938.0
2023-09-04 08:00:00+00:00,0.2047,0.2055,0.2043,0.2046,4929075.23
2023-09-04 09:00:00+00:00,0.2046,0.2047,0.2032,0.2034,572064.24
2023-09-04 10:00:00+00:00,0.2034,0.2043,0.2032,0.2042,1720880.79
2023-09-04 11:00:00+00:00,0.2042,0.2043,0.203,0.2033,1283857.11
2023-09-04 12:00:00+00:00,0.2033,0.2043,0.2027,0.2027,1688482.73
2023-09-04 13:00:00+00:00,0.2027,0.2047,0.2025,0.2038,1489244.49
2023-09-04 14:00:00+00:00,0.2038,0.2043,0.2024,0.2029,2869223.99
2023-09-04 15:00:00+00:00,0.2029,0.2042,0.201,0.2028,4287572.0
2023-09-04 16:00:00+00:00,0.2028,0.203,0.2021,0.2029,1549690.47
2023-09-04 17:00:00+00:00,0.2029,0.204,0.2024,0.2036,1084070.09
2023-09-04 18:00:00+00:00,0.2036,0.2039,0.2026,0.2031,1556223.57
2023-09-04 19:00:00+00:00,0.2031,0.2032,0.2022,0.2032,883589.71
2023-09-04 20:00:00+00:00,0.2032,0.2038,0.2022,0.2022,907254.29
2023-09-04 21:00:00+00:00,0.2022,0.2024,0.2003,0.2005,2363501.63
2023-09-04 22:00:00+00:00,0.2005,0.2022,0.2,0.202,1536967.28
2023-09-04 23:00:00+00:00,0.202,0.2026,0.2015,0.2023,1775188.73
2023-09-05 00:00:00+00:00,0.2023,0.2026,0.201,0.2013,1252332.9
2023-09-05 01:00:00+00:00,0.2013,0.2021,0.2006,0.2015,581975.38
2023-09-05 02:00:00+00:00,0.2015,0.2021,0.2014,0.2021,888274.28
2023-09-05 03:00:00+00:00,0.2021,0.2025,0.2007,0.2017,10485187.66
2023-09-05 04:00:00+00:00,0.2017,0.202,0.201,0.2012,1374828.14
2023-09-05 05:00:00+00:00,0.2012,0.2021,0.2011,0.2018,768703.2
2023-09-05 06:00:00+00:00,0.2018,0.2019,0.2007,0.2008,874275.42
2023-09-05 07:00:00+00:00,0.2008,0.2019,0.2007,0.2016,1122099.19
2023-09-05 08:00:00+00:00,0.2016,0.2023,0.2006,0.2014,1273101.88
2023-09-05 09:00:00+00:00,0.2014,0.203,0.2012,0.2026,2001241.45
2023-09-05 10:00:00+00:00,0.2026,0.2035,0.2023,0.2033,1282605.31
2023-09-05 11:00:00+00:00,0.2033,0.2037,0.2024,0.2033,1120709.91
2023-09-05 12:00:00+00:00,0.2033,0.2038,0.2018,0.2035,1872217.15
2023-09-05 13:00:00+00:00,0.2035,0.2037,0.2023,0.2026,1319956.02
2023-09-05 14:00:00+00:00,0.2026,0.2036,0.2016,0.2034,2139590.92
2023-09-05 15:00:00+00:00,0.2034,0.2056,0.2033,0.2045,4250176.16
2023-09-05 16:00:00+00:00,0.2045,0.2057,0.2028,0.203,3071163.13
2023-09-05 17:00:00+00:00,0.203,0.2041,0.2024,0.2036,1297493.47
2023-09-05 18:00:00+00:00,0.2036,0.2041,0.2031,0.2037,1152558.92
2023-09-05 19:00:00+00:00,0.2037,0.2042,0.2021,0.2021,1281132.37
2023-09-05 20:00:00+00:00,0.2021,0.2025,0.2014,0.2016,1280570.39
2023-09-05 21:00:00+00:00,0.2016,0.2027,0.2016,0.2018,688731.92
2023-09-05 22:00:00+00:00,0.2018,0.2021,0.2014,0.2021,667387.53
2023-09-05 23:00:00+00:00,0.2021,0.2027,0.2018,0.2021,694634.41
2023-09-06 00:00:00+00:00,0.2021,0.203,0.2011,0.2023,1482983.77
2023-09-06 01:00:00+00:00,0.2023,0.2034,0.2021,0.2025,1113801.05
2023-09-06 02:00:00+00:00,0.2025,0.2033,0.2018,0.2032,840319.24
2023-09-06 03:00:00+00:00,0.2032,0.2034,0.2011,0.2011,1079492.16
2023-09-06 04:00:00+00:00,0.2011,0.2012,0.2001,0.2003,2338169.58
2023-09-06 05:00:00+00:00,0.2003,0.201,0.2,0.2005,3795361.43
2023-09-06 06:00:00+00:00,0.2005,0.2015,0.2004,0.2011,1269515.67
2023-09-06 07:00:00+00:00,0.2011,0.2017,0.2008,0.201,818340.49
2023-09-06 08:00:00+00:00,0.201,0.202,0.2008,0.2017,751682.49
2023-09-06 09:00:00+00:00,0.2017,0.2022,0.2013,0.202,696447.06
2023-09-06 10:00:00+00:00,0.202,0.2023,0.2011,0.2012,763021.05
2023-09-06 11:00:00+00:00,0.2012,0.202,0.201,0.2014,684874.1
2023-09-06 12:00:00+00:00,0.2014,0.2021,0.201,0.2013,717048.35
2023-09-06 13:00:00+00:00,0.2013,0.2024,0.2009,0.202,1177124.8
2023-09-06 14:00:00+00:00,0.202,0.202,0.1996,0.201,4986512.18
2023-09-06 15:00:00+00:00,0.201,0.2014,0.1995,0.2007,1691381.81
2023-09-06 16:00:00+00:00,0.2007,0.2008,0.1998,0.2,1232819.72
2023-09-06 17:00:00+00:00,0.2,0.2044,0.1961,0.2027,13767047.38
2023-09-06 18:00:00+00:00,0.2027,0.2042,0.2005,0.2009,3216256.08
2023-09-06 19:00:00+00:00,0.2009,0.2017,0.2005,0.2011,856116.6
2023-09-06 20:00:00+00:00,0.2011,0.202,0.2009,0.201,667714.45
2023-09-06 21:00:00+00:00,0.201,0.2025,0.2009,0.2023,863011.58
2023-09-06 22:00:00+00:00,0.2023,0.2027,0.2019,0.2024,961031.85
2023-09-06 23:00:00+00:00,0.2024,0.2029,0.2019,0.2029,945256.93
2023-09-07 00:00:00+00:00,0.2029,0.2031,0.2018,0.2027,1035736.74
2023-09-07 01:00:00+00:00,0.2027,0.2032,0.202,0.2027,1424376.11
2023-09-07 02:00:00+00:00,0.2027,0.2031,0.2024,0.2026,923303.22
2023-09-07 03:00:00+00:00,0.2026,0.2038,0.2023,0.2036,759132.88
2023-09-07 04:00:00+00:00,0.2036,0.2037,0.2025,0.2026,753108.96
2023-09-07 05:00:00+00:00,0.2026,0.2034,0.2021,0.2024,7935063.11
2023-09-07 06:00:00+00:00,0.2024,0.2026,0.2022,0.2023,370931.95
2023-09-07 07:00:00+00:00,0.2023,0.2025,0.2018,0.2023,617163.16
2023-09-07 08:00:00+00:00,0.2023,0.2024,0.2014,0.2015,643079.17
2023-09-07 09:00:00+00:00,0.2015,0.202,0.2013,0.2014,973612.23
2023-09-07 10:00:00+00:00,0.2014,0.2018,0.2009,0.2012,821898.54
2023-09-07 11:00:00+00:00,0.2012,0.2018,0.2,0.2002,1415897.86
2023-09-07 12:00:00+00:00,0.2002,0.2008,0.1998,0.2003,1281964.98
2023-09-07 13:00:00+00:00,0.2003,0.2015,0.2001,0.2005,1381906.13
2023-09-07 14:00:00+00:00,0.2005,0.2016,0.2,0.2013,1154012.64
2023-09-07 15:00:00+00:00,0.2013,0.2021,0.2008,0.2011,1353431.18
2023-09-07 16:00:00+00:00,0.2011,0.2026,0.201,0.2015,1394615.27
2023-09-07 17:00:00+00:00,0.2015,0.2022,0.201,0.2021,981807.25
2023-09-07 18:00:00+00:00,0.2021,0.2024,0.2012,0.2016,563720.47
2023-09-07 19:00:00+00:00,0.2016,0.2016,0.2004,0.2009,2163134.99
2023-09-07 20:00:00+00:00,0.2009,0.2015,0.2006,0.2013,1230900.31
2023-09-07 21:00:00+00:00,0.2013,0.2037,0.2013,0.2017,6633332.29
2023-09-07 22:00:00+00:00,0.2017,0.2044,0.2017,0.2042,2991582.36
2023-09-07 23:00:00+00:00,0.2042,0.2054,0.2033,0.2053,2364645.01
2023-09-08 00:00:00+00:00,0.2053,0.2081,0.2042,0.2074,3003367.67
2023-09-08 01:00:00+00:00,0.2074,0.2079,0.2053,0.2055,1541162.02
2023-09-08 02:00:00+00:00,0.2055,0.206,0.2046,0.2048,698573.5
2023-09-08 03:00:00+00:00,0.2048,0.2053,0.2045,0.2045,1004910.77
2023-09-08 04:00:00+00:00,0.2045,0.2056,0.2044,0.2055,1545415.37
2023-09-08 05:00:00+00:00,0.2055,0.2057,0.2041,0.2041,1558001.18
2023-09-08 06:00:00+00:00,0.2041,0.2044,0.2034,0.2041,1392532.3
2023-09-08 07:00:00+00:00,0.2041,0.205,0.2039,0.2046,898380.32
2023-09-08 08:00:00+00:00,0.2046,0.2047,0.2037,0.2042,1025558.31
2023-09-08 09:00:00+00:00,0.2042,0.2042,0.2029,0.2031,2608981.88
2023-09-08 10:00:00+00:00,0.2031,0.2031,0.1991,0.2009,6461790.82
2023-09-08 11:00:00+00:00,0.2009,0.2016,0.2004,0.2007,1597340.45
2023-09-08 12:00:00+00:00,0.2007,0.2012,0.2002,0.2012,1057451.18
2023-09-08 13:00:00+00:00,0.2012,0.2015,0.2008,0.2011,1346302.34
2023-09-08 14:00:00+00:00,0.2011,0.2015,0.2003,0.2005,1035575.15
2023-09-08 15:00:00+00:00,0.2005,0.2008,0.2002,0.2004,1369167.73
2023-09-08 16:00:00+00:00,0.2004,0.2009,0.1996,0.2007,2761458.31
2023-09-08 17:00:00+00:00,0.2007,0.2014,0.2003,0.2013,1118199.44
2023-09-08 18:00:00+00:00,0.2013,0.2013,0.2,0.2002,1481160.88
2023-09-08 19:00:00+00:00,0.2002,0.2013,0.1999,0.2007,1085975.44
2023-09-08 20:00:00+00:00,0.2007,0.201,0.2001,0.201,913577.29
2023-09-08 21:00:00+00:00,0.201,0.201,0.2001,0.2003,806729.7
2023-09-08 22:00:00+00:00,0.2003,0.2008,0.2002,0.2007,379339.34
2023-09-08 23:00:00+00:00,0.2007,0.2009,0.2005,0.2007,336571.99
2023-09-09 00:00:00+00:00,0.2007,0.2007,0.2,0.2001,795435.88
2023-09-09 01:00:00+00:00,0.2001,0.2018,0.2001,0.2013,1262305.53
2023-09-09 02:00:00+00:00,0.2013,0.2022,0.2009,0.2021,944386.4
2023-09-09 03:00:00+00:00,0.2021,0.2021,0.2012,0.2015,877626.85
2023-09-09 04:00:00+00:00,0.2015,0.2018,0.2011,0.2015,603005.44
2023-09-09 05:00:00+00:00,0.2015,0.2017,0.1997,0.1999,1957931.91
2023-09-09 06:00:00+00:00,0.1999,0.2004,0.1996,0.2004,1671127.7
2023-09-09 07:00:00+00:00,0.2004,0.201,0.2001,0.2007,1068662.31
2023-09-09 08:00:00+00:00,0.2007,0.201,0.2004,0.2006,446868.79
2023-09-09 09:00:00+00:00,0.2006,0.201,0.2003,0.2005,728619.38
2023-09-09 10:00:00+00:00,0.2005,0.201,0.2005,0.2009,726974.75
2023-09-09 11:00:00+00:00,0.2009,0.2014,0.2008,0.2012,702309.89
2023-09-09 12:00:00+00:00,0.2012,0.2013,0.2005,0.2006,269951.17
2023-09-09 13:00:00+00:00,0.2006,0.2008,0.2,0.2002,1056413.09
2023-09-09 14:00:00+00:00,0.2002,0.2004,0.2,0.2003,536224.23
2023-09-09 15:00:00+00:00,0.2003,0.2012,0.2002,0.2003,787440.82
2023-09-09 16:00:00+00:00,0.2003,0.201,0.2002,0.2004,805632.12
2023-09-09 17:00:00+00:00,0.2004,0.2005,0.1999,0.2,551016.05
2023-09-09 18:00:00+00:00,0.2,0.2003,0.1999,0.2,534044.12
2023-09-09 19:00:00+00:00,0.2,0.2002,0.1997,0.2001,689464.5
2023-09-09 20:00:00+00:00,0.2001,0.2003,0.1998,0.2002,609484.71
2023-09-09 21:00:00+00:00,0.2002,0.2008,0.2001,0.2008,526569.5
2023-09-09 22:00:00+00:00,0.2008,0.2011,0.2004,0.2004,637799.67
2023-09-09 23:00:00+00:00,0.2004,0.2005,0.1999,0.2001,271985.06
2023-09-10 00:00:00+00:00,0.2001,0.2002,0.1944,0.1977,7772752.72
2023-09-10 01:00:00+00:00,0.1977,0.198,0.1965,0.1976,2433303.29
2023-09-10 02:00:00+00:00,0.1976,0.198,0.1963,0.1972,1262440.61
2023-09-10 03:00:00+00:00,0.1972,0.1973,0.1962,0.1969,402506.91
2023-09-10 04:00:00+00:00,0.1969,0.1969,0.1857,0.1915,21993426.51
2023-09-10 05:00:00+00:00,0.1915,0.1928,0.1907,0.1926,3282459.71
2023-09-10 06:00:00+00:00,0.1926,0.1939,0.1924,0.1935,1384957.89
2023-09-10 07:00:00+00:00,0.1935,0.1944,0.1935,0.1939,1770193.16
2023-09-10 08:00:00+00:00,0.1939,0.194,0.1931,0.1937,1412828.48
2023-09-10 09:00:00+00:00,0.1937,0.1941,0.193,0.1935,1028883.62
2023-09-10 10:00:00+00:00,0.1935,0.1937,0.1931,0.1931,992056.43
2023-09-10 11:00:00+00:00,0.1931,0.1937,0.1926,0.1929,1305818.33
2023-09-10 12:00:00+00:00,0.1929,0.1938,0.1927,0.1936,1270019.84
2023-09-10 13:00:00+00:00,0.1936,0.1937,0.1927,0.1933,1386575.04
2023-09-10 14:00:00+00:00,0.1933,0.1935,0.1909,0.1914,1819241.56
2023-09-10 15:00:00+00:00,0.1914,0.1922,0.1893,0.1921,3919049.11
2023-09-10 16:00:00+00:00,0.1921,0.1922,0.189,0.1906,3461465.53
2023-09-10 17:00:00+00:00,0.1906,0.1911,0.1894,0.1904,1753791.89
2023-09-10 18:00:00+00:00,0.1904,0.1915,0.1903,0.1913,844493.82
2023-09-10 19:00:00+00:00,0.1913,0.1931,0.1899,0.1922,3697398.12
2023-09-10 20:00:00+00:00,0.1922,0.1943,0.1919,0.193,2991072.01
2023-09-10 21:00:00+00:00,0.193,0.194,0.1925,0.1932,1349117.58
2023-09-10 22:00:00+00:00,0.1932,0.1946,0.1929,0.1931,1602276.82
2023-09-10 23:00:00+00:00,0.1931,0.1937,0.1928,0.1931,753066.71
2023-09-11 00:00:00+00:00,0.1931,0.194,0.1907,0.1922,2476696.81
2023-09-11 01:00:00+00:00,0.1922,0.1928,0.1906,0.1915,1747036.69
2023-09-11 02:00:00+00:00,0.1915,0.1932,0.1912,0.1926,1018645.93
2023-09-11 03:00:00+00:00,0.1926,0.1932,0.1921,0.1922,685131.01
2023-09-11 04:00:00+00:00,0.1922,0.1924,0.1917,0.1922,689047.66
2023-09-11 05:00:00+00:00,0.1922,0.1927,0.1909,0.1923,10604138.65
2023-09-11 06:00:00+00:00,0.1923,0.1925,0.1913,0.1915,1127316.61
2023-09-11 07:00:00+00:00,0.1915,0.1923,0.1906,0.1922,2127604.44
2023-09-11 08:00:00+00:00,0.1922,0.1923,0.1901,0.1907,2500516.21
2023-09-11 09:00:00+00:00,0.1907,0.1909,0.1871,0.189,4521491.93
2023-09-11 10:00:00+00:00,0.189,0.1892,0.1833,0.1877,9284724.16
2023-09-11 11:00:00+00:00,0.1877,0.1882,0.1867,0.1872,3255649.89
2023-09-11 12:00:00+00:00,0.1872,0.1892,0.1869,0.189,2520359.64
2023-09-11 13:00:00+00:00,0.189,0.1895,0.1879,0.188,1467248.29
2023-09-11 14:00:00+00:00,0.188,0.1886,0.1853,0.1874,9549486.39
2023-09-11 15:00:00+00:00,0.1874,0.1883,0.1861,0.1878,3559440.97
2023-09-11 16:00:00+00:00,0.1878,0.1888,0.1872,0.1875,2013924.14
2023-09-11 17:00:00+00:00,0.1875,0.1883,0.186,0.1878,1484496.4
2023-09-11 18:00:00+00:00,0.1878,0.188,0.1862,0.1866,1007159.78
2023-09-11 19:00:00+00:00,0.1866,0.1868,0.1827,0.1848,5579182.31
2023-09-11 20:00:00+00:00,0.1848,0.1871,0.1841,0.1866,4282193.1
2023-09-11 21:00:00+00:00,0.1866,0.1879,0.1862,0.1865,1855563.3
2023-09-11 22:00:00+00:00,0.1865,0.1875,0.1865,0.1871,1019281.64
2023-09-11 23:00:00+00:00,0.1871,0.1874,0.1863,0.1874,557385.8
2023-09-12 00:00:00+00:00,0.1874,0.1886,0.1864,0.1879,1896537.38
2023-09-12 01:00:00+00:00,0.1879,0.1882,0.187,0.1875,1078770.09
2023-09-12 02:00:00+00:00,0.1875,0.1882,0.1873,0.188,1114844.61
2023-09-12 03:00:00+00:00,0.188,0.1938,0.1878,0.1916,7062300.24
2023-09-12 04:00:00+00:00,0.1916,0.1924,0.1902,0.1902,1599956.64
2023-09-12 05:00:00+00:00,0.1902,0.1907,0.1893,0.1907,3107252.98
2023-09-12 06:00:00+00:00,0.1907,0.1913,0.1902,0.1903,2397558.52
2023-09-12 07:00:00+00:00,0.1903,0.1907,0.1895,0.1897,1447648.36
2023-09-12 08:00:00+00:00,0.1897,0.1906,0.1887,0.1889,2045538.27
2023-09-12 09:00:00+00:00,0.1889,0.1913,0.1886,0.1913,2718010.01
2023-09-12 10:00:00+00:00,0.1913,0.1958,0.1906,0.1933,9626529.74
2023-09-12 11:00:00+00:00,0.1933,0.1936,0.1923,0.1927,2378701.99
2023-09-12 12:00:00+00:00,0.1927,0.1936,0.1921,0.1921,2098300.62
2023-09-12 13:00:00+00:00,0.1921,0.1929,0.1909,0.1928,2563039.9
2023-09-12 14:00:00+00:00,0.1928,0.1936,0.1904,0.191,2526346.65
2023-09-12 15:00:00+00:00,0.191,0.1918,0.1905,0.1915,1352044.38
2023-09-12 16:00:00+00:00,0.1915,0.194,0.1906,0.191,3374210.37
2023-09-12 17:00:00+00:00,0.191,0.1914,0.1885,0.1887,3941908.1
2023-09-12 18:00:00+00:00,0.1887,0.1896,0.1885,0.1894,1194860.26
2023-09-12 19:00:00+00:00,0.1894,0.1909,0.1892,0.1892,2248714.11
2023-09-12 20:00:00+00:00,0.1892,0.1895,0.1886,0.1887,1540518.4
2023-09-12 21:00:00+00:00,0.1887,0.1891,0.1884,0.1884,1341739.37
2023-09-12 22:00:00+00:00,0.1884,0.1884,0.1875,0.188,1272866.03
2023-09-12 23:00:00+00:00,0.188,0.188,0.1868,0.1869,1299726.58
2023-09-13 00:00:00+00:00,0.1869,0.1886,0.1863,0.1882,1073305.52
2023-09-13 01:00:00+00:00,0.1882,0.1886,0.1876,0.1877,1720247.98
2023-09-13 02:00:00+00:00,0.1877,0.1877,0.1863,0.1863,1531985.77
2023-09-13 03:00:00+00:00,0.1863,0.1866,0.1854,0.1861,1237038.39
2023-09-13 04:00:00+00:00,0.1861,0.1869,0.1853,0.1868,1320375.8
2023-09-13 05:00:00+00:00,0.1868,0.1869,0.1855,0.1862,1042134.17
2023-09-13 06:00:00+00:00,0.1862,0.1865,0.1853,0.1863,739879.76
2023-09-13 07:00:00+00:00,0.1863,0.192,0.1854,0.186,16513446.23
2023-09-13 08:00:00+00:00,0.186,0.1883,0.1858,0.188,1496334.55
2023-09-13 09:00:00+00:00,0.188,0.1898,0.1874,0.1894,1981631.11
2023-09-13 10:00:00+00:00,0.1894,0.1899,0.1887,0.1892,1797015.69
2023-09-13 11:00:00+00:00,0.1892,0.1907,0.1886,0.1901,1895443.56
2023-09-13 12:00:00+00:00,0.1901,0.1906,0.1882,0.1905,4160513.49
2023-09-13 13:00:00+00:00,0.1905,0.1911,0.1897,0.1907,1663060.29
2023-09-13 14:00:00+00:00,0.1907,0.1928,0.1902,0.1916,2751869.08
2023-09-13 15:00:00+00:00,0.1916,0.1924,0.191,0.1915,2502229.09
2023-09-13 16:00:00+00:00,0.1915,0.192,0.1904,0.191,1861442.65
2023-09-13 17:00:00+00:00,0.191,0.1914,0.189,0.189,5120799.11
2023-09-13 18:00:00+00:00,0.189,0.19,0.1889,0.1894,1408050.14
2023-09-13 19:00:00+00:00,0.1894,0.1908,0.189,0.1906,1404664.14
2023-09-13 20:00:00+00:00,0.1906,0.1922,0.1905,0.1919,1318575.84
2023-09-13 21:00:00+00:00,0.1919,0.1927,0.1918,0.1923,840069.24
2023-09-13 22:00:00+00:00,0.1923,0.1931,0.1919,0.1921,549650.43
2023-09-13 23:00:00+00:00,0.1921,0.1923,0.191,0.1912,592058.89
2023-09-14 00:00:00+00:00,0.1912,0.1946,0.191,0.1944,3067775.5
2023-09-14 01:00:00+00:00,0.1944,0.1949,0.1929,0.1929,3608785.03
2023-09-14 02:00:00+00:00,0.1929,0.1932,0.1924,0.193,878933.61
2023-09-14 03:00:00+00:00,0.193,0.1932,0.1915,0.1919,716012.8
2023-09-14 04:00:00+00:00,0.1919,0.1919,0.1898,0.1902,1748758.08
2023-09-14 05:00:00+00:00,0.1902,0.1903,0.1896,0.19,1003204.22
2023-09-14 06:00:00+00:00,0.19,0.1916,0.1899,0.1914,849086.92
2023-09-14 07:00:00+00:00,0.1914,0.193,0.1912,0.1921,1181964.61
2023-09-14 08:00:00+00:00,0.1921,0.1926,0.1916,0.1919,1258381.41
2023-09-14 09:00:00+00:00,0.1919,0.1926,0.1909,0.1912,1399562.62
2023-09-14 10:00:00+00:00,0.1912,0.1924,0.1907,0.1923,1697020.41
2023-09-14 11:00:00+00:00,0.1923,0.1931,0.1921,0.1928,1148541.28
2023-09-14 12:00:00+00:00,0.1928,0.1934,0.1912,0.1924,3007302.31
2023-09-14 13:00:00+00:00,0.1924,0.1941,0.1921,0.1933,3814562.54
2023-09-14 14:00:00+00:00,0.1933,0.195,0.1928,0.1948,1925368.44
2023-09-14 15:00:00+00:00,0.1948,0.1956,0.193,0.1935,1414822.41
2023-09-14 16:00:00+00:00,0.1935,0.1944,0.1923,0.1933,1452922.73
2023-09-14 17:00:00+00:00,0.1933,0.1936,0.1926,0.1929,836018.55
2023-09-14 18:00:00+00:00,0.1929,0.1947,0.1921,0.1922,1505642.62
2023-09-14 19:00:00+00:00,0.1922,0.1942,0.1921,0.1941,924555.39
2023-09-14 20:00:00+00:00,0.1941,0.1944,0.1928,0.1929,1405822.75
2023-09-14 21:00:00+00:00,0.1929,0.1936,0.1928,0.1934,578292.39
2023-09-14 22:00:00+00:00,0.1934,0.1946,0.1934,0.1938,472315.13
2023-09-14 23:00:00+00:00,0.1938,0.1939,0.1924,0.1929,937048.51
2023-09-15 00:00:00+00:00,0.1929,0.1938,0.1924,0.1925,1165364.09
2023-09-15 01:00:00+00:00,0.1925,0.1935,0.1917,0.1935,761156.79
2023-09-15 02:00:00+00:00,0.1935,0.1955,0.1935,0.1941,2182487.42
2023-09-15 03:00:00+00:00,0.1941,0.1942,0.193,0.1933,1324810.73
2023-09-15 04:00:00+00:00,0.1933,0.1938,0.1927,0.1936,1099384.08
2023-09-15 05:00:00+00:00,0.1936,0.194,0.1932,0.1934,1288963.34
2023-09-15 06:00:00+00:00,0.1934,0.1941,0.1911,0.1919,17667067.33
2023-09-15 07:00:00+00:00,0.1919,0.192,0.1908,0.191,1705251.72
2023-09-15 08:00:00+00:00,0.191,0.1924,0.1907,0.1923,1397676.08
2023-09-15 09:00:00+00:00,0.1923,0.1927,0.1914,0.1921,1235699.86
2023-09-15 10:00:00+00:00,0.1921,0.1929,0.1917,0.1927,566227.06
2023-09-15 11:00:00+00:00,0.1927,0.1927,0.191,0.1912,1207814.45
2023-09-15 12:00:00+00:00,0.1912,0.1921,0.1909,0.1911,2742391.74
2023-09-15 13:00:00+00:00,0.1911,0.1919,0.191,0.191,1832643.94
2023-09-15 14:00:00+00:00,0.191,0.1914,0.1897,0.1903,2969158.32
2023-09-15 15:00:00+00:00,0.1903,0.1917,0.1902,0.1914,1268439.26
2023-09-15 16:00:00+00:00,0.1914,0.1919,0.1911,0.1916,748338.83
2023-09-15 17:00:00+00:00,0.1916,0.1918,0.1908,0.191,680739.23
2023-09-15 18:00:00+00:00,0.191,0.1917,0.1908,0.1911,708256.6
2023-09-15 19:00:00+00:00,0.1911,0.1928,0.1909,0.1925,779738.93
2023-09-15 20:00:00+00:00,0.1925,0.1931,0.1923,0.1927,878623.6
2023-09-15 21:00:00+00:00,0.1927,0.1944,0.1927,0.1933,1590602.49
2023-09-15 22:00:00+00:00,0.1933,0.1955,0.1933,0.1949,1871438.52
2023-09-15 23:00:00+00:00,0.1949,0.1958,0.1941,0.1953,1638801.64
2023-09-16 00:00:00+00:00,0.1953,0.1965,0.195,0.1961,1701323.32
2023-09-16 01:00:00+00:00,0.1961,0.1969,0.1955,0.1969,2397729.42
2023-09-16 02:00:00+00:00,0.1969,0.1989,0.1968,0.1977,3384234.85
2023-09-16 03:00:00+00:00,0.1977,0.1983,0.1958,0.1962,2465090.4
2023-09-16 04:00:00+00:00,0.1962,0.1967,0.1953,0.1962,1302102.78
2023-09-16 05:00:00+00:00,0.1962,0.1966,0.1956,0.196,833389.81
2023-09-16 06:00:00+00:00,0.196,0.1965,0.1944,0.1948,1260775.89
2023-09-16 07:00:00+00:00,0.1948,0.1955,0.1946,0.1949,1534130.13
2023-09-16 08:00:00+00:00,0.1949,0.1952,0.194,0.195,957257.16
2023-09-16 09:00:00+00:00,0.195,0.1964,0.1948,0.1954,987574.19
2023-09-16 10:00:00+00:00,0.1954,0.1968,0.1953,0.1965,1065486.42
2023-09-16 11:00:00+00:00,0.1965,0.1968,0.1958,0.1959,751873.09
2023-09-16 12:00:00+00:00,0.1959,0.1962,0.1956,0.1959,714023.11
2023-09-16 13:00:00+00:00,0.1959,0.1961,0.1948,0.1953,857406.92
2023-09-16 14:00:00+00:00,0.1953,0.1958,0.1942,0.1944,1708390.08
2023-09-16 15:00:00+00:00,0.1944,0.196,0.1939,0.1957,921717.05
2023-09-16 16:00:00+00:00,0.1957,0.196,0.1952,0.1957,704596.43
2023-09-16 17:00:00+00:00,0.1957,0.1961,0.1949,0.1958,653358.13
2023-09-16 18:00:00+00:00,0.1958,0.196,0.1954,0.1957,449671.7
2023-09-16 19:00:00+00:00,0.1957,0.196,0.195,0.1954,879454.99
2023-09-16 20:00:00+00:00,0.1954,0.197,0.1952,0.1964,658789.64
2023-09-16 21:00:00+00:00,0.1964,0.1972,0.1963,0.1972,629856.59
2023-09-16 22:00:00+00:00,0.1972,0.1975,0.1966,0.1972,809333.66
2023-09-16 23:00:00+00:00,0.1972,0.1981,0.1964,0.1977,811436.9
2023-09-17 00:00:00+00:00,0.1977,0.1982,0.195,0.1955,2836070.23
2023-09-17 01:00:00+00:00,0.1955,0.1955,0.1927,0.1945,2953162.78
2023-09-17 02:00:00+00:00,0.1945,0.1955,0.1944,0.1946,430261.3
2023-09-17 03:00:00+00:00,0.1946,0.1956,0.1945,0.1952,517978.12
2023-09-17 04:00:00+00:00,0.1952,0.1958,0.1947,0.1957,516262.54
2023-09-17 05:00:00+00:00,0.1957,0.1958,0.1942,0.1948,577899.88
2023-09-17 06:00:00+00:00,0.1948,0.1951,0.1942,0.1947,627568.69
2023-09-17 07:00:00+00:00,0.1947,0.1948,0.1934,0.1937,905647.55
2023-09-17 08:00:00+00:00,0.1937,0.1945,0.1934,0.1943,492826.53
2023-09-17 09:00:00+00:00,0.1943,0.1945,0.1938,0.1943,680982.82
2023-09-17 10:00:00+00:00,0.1943,0.1948,0.194,0.1943,509680.47
2023-09-17 11:00:00+00:00,0.1943,0.1943,0.1935,0.1937,652422.76
2023-09-17 12:00:00+00:00,0.1937,0.194,0.1931,0.1931,621687.37
2023-09-17 13:00:00+00:00,0.1931,0.1932,0.1913,0.1916,1889043.63
2023-09-17 14:00:00+00:00,0.1916,0.1924,0.1913,0.192,1533490.44
2023-09-17 15:00:00+00:00,0.192,0.1924,0.1916,0.1922,1846859.47
2023-09-17 16:00:00+00:00,0.1922,0.1923,0.1905,0.1914,2770580.16
2023-09-17 17:00:00+00:00,0.1914,0.1919,0.1907,0.1913,1145779.7
2023-09-17 18:00:00+00:00,0.1913,0.1921,0.1907,0.1917,517397.68
2023-09-17 19:00:00+00:00,0.1917,0.1919,0.1913,0.1916,537804.39
2023-09-17 20:00:00+00:00,0.1916,0.1916,0.187,0.1885,6826723.46
2023-09-17 21:00:00+00:00,0.1885,0.1903,0.1879,0.1898,2808564.65
2023-09-17 22:00:00+00:00,0.1898,0.1907,0.1895,0.1903,1293248.34
2023-09-17 23:00:00+00:00,0.1903,0.1906,0.1898,0.1902,377279.42
2023-09-18 00:00:00+00:00,0.1902,0.1905,0.1876,0.1884,2242138.46
2023-09-18 01:00:00+00:00,0.1884,0.189,0.1879,0.189,2288250.11
2023-09-18 02:00:00+00:00,0.189,0.1924,0.1888,0.1921,2231669.3
2023-09-18 03:00:00+00:00,0.1921,0.1932,0.1913,0.1931,705319.47
2023-09-18 04:00:00+00:00,0.1931,0.1933,0.191,0.192,1244294.32
2023-09-18 05:00:00+00:00,0.192,0.1931,0.1918,0.192,1419696.76
2023-09-18 06:00:00+00:00,0.192,0.1925,0.1917,0.1922,1068068.14
2023-09-18 07:00:00+00:00,0.1922,0.1938,0.1922,0.1928,818856.4
2023-09-18 08:00:00+00:00,0.1928,0.1928,0.1921,0.1925,570436.86
2023-09-18 09:00:00+00:00,0.1925,0.1944,0.1925,0.1937,1883601.08
2023-09-18 10:00:00+00:00,0.1937,0.1956,0.1934,0.1949,2675213.08
2023-09-18 11:00:00+00:00,0.1949,0.1955,0.1942,0.1948,1214418.26
2023-09-18 12:00:00+00:00,0.1948,0.1964,0.1945,0.196,2985008.27
2023-09-18 13:00:00+00:00,0.196,0.1963,0.1935,0.1941,4047330.07
2023-09-18 14:00:00+00:00,0.1941,0.1945,0.1928,0.1941,1262581.96
2023-09-18 15:00:00+00:00,0.1941,0.1948,0.194,0.1942,1012625.06
2023-09-18 16:00:00+00:00,0.1942,0.1947,0.1933,0.1943,1173952.82
2023-09-18 17:00:00+00:00,0.1943,0.1946,0.1906,0.1917,2512953.63
2023-09-18 18:00:00+00:00,0.1917,0.1928,0.1913,0.1921,2198036.5
2023-09-18 19:00:00+00:00,0.1921,0.1936,0.1918,0.1927,1420086.94
2023-09-18 20:00:00+00:00,0.1927,0.1927,0.1914,0.1915,927674.55
2023-09-18 21:00:00+00:00,0.1915,0.1919,0.1909,0.1918,341387.48
2023-09-18 22:00:00+00:00,0.1918,0.1921,0.1911,0.1918,391476.48
2023-09-18 23:00:00+00:00,0.1918,0.1918,0.1903,0.1905,676966.25
2023-09-19 00:00:00+00:00,0.1905,0.191,0.1895,0.1898,1752389.49
2023-09-19 01:00:00+00:00,0.1898,0.1909,0.1895,0.1903,887050.58
2023-09-19 02:00:00+00:00,0.1903,0.1915,0.1903,0.1915,1562398.82
2023-09-19 03:00:00+00:00,0.1915,0.1916,0.1909,0.1912,475175.2
2023-09-19 04:00:00+00:00,0.1912,0.1919,0.1907,0.1915,921011.29
2023-09-19 05:00:00+00:00,0.1915,0.1917,0.1908,0.1912,691195.3
2023-09-19 06:00:00+00:00,0.1912,0.1923,0.1908,0.1922,614904.53
2023-09-19 07:00:00+00:00,0.1922,0.1927,0.1919,0.1923,660299.72
2023-09-19 08:00:00+00:00,0.1923,0.1939,0.1922,0.1938,1867515.31
2023-09-19 09:00:00+00:00,0.1938,0.1955,0.1936,0.1951,3335644.82
2023-09-19 10:00:00+00:00,0.1951,0.1952,0.193,0.1937,2006754.35
2023-09-19 11:00:00+00:00,0.1937,0.1937,0.1927,0.1936,1177279.38
2023-09-19 12:00:00+00:00,0.1936,0.194,0.1925,0.1931,1905369.35
2023-09-19 13:00:00+00:00,0.1931,0.194,0.192,0.1923,1273364.96
2023-09-19 14:00:00+00:00,0.1923,0.1935,0.1915,0.1931,1671760.92
2023-09-19 15:00:00+00:00,0.1931,0.1949,0.1928,0.1946,2317190.55
2023-09-19 16:00:00+00:00,0.1946,0.1951,0.1935,0.1936,1701683.96
2023-09-19 17:00:00+00:00,0.1936,0.1939,0.1928,0.1932,707971.12
2023-09-19 18:00:00+00:00,0.1932,0.1939,0.1928,0.1928,1239217.61
2023-09-19 19:00:00+00:00,0.1928,0.1932,0.1924,0.1931,466598.12
2023-09-19 20:00:00+00:00,0.1931,0.1933,0.1925,0.1932,1267133.82
2023-09-19 21:00:00+00:00,0.1932,0.1941,0.1926,0.1941,1519795.35
2023-09-19 22:00:00+00:00,0.1941,0.1945,0.1937,0.1942,545018.05
2023-09-19 23:00:00+00:00,0.1942,0.1947,0.194,0.1942,606815.94
2023-09-20 00:00:00+00:00,0.1942,0.1948,0.1933,0.194,744752.95
2023-09-20 01:00:00+00:00,0.194,0.195,0.194,0.1949,1247731.18
2023-09-20 02:00:00+00:00,0.1949,0.1952,0.1928,0.1932,1215875.08
2023-09-20 03:00:00+00:00,0.1932,0.1935,0.1919,0.1925,861154.22
2023-09-20 04:00:00+00:00,0.1925,0.1932,0.1921,0.1925,861106.59
2023-09-20 05:00:00+00:00,0.1925,0.1927,0.1921,0.1922,416406.13
2023-09-20 06:00:00+00:00,0.1922,0.1928,0.1916,0.1924,470371.13
2023-09-20 07:00:00+00:00,0.1924,0.1927,0.1922,0.1923,660797.32
2023-09-20 08:00:00+00:00,0.1923,0.1934,0.1921,0.1934,547532.05
2023-09-20 09:00:00+00:00,0.1934,0.1936,0.1905,0.1921,2666584.65
2023-09-20 10:00:00+00:00,0.1921,0.1923,0.1912,0.1923,759639.38
2023-09-20 11:00:00+00:00,0.1923,0.1929,0.1922,0.1926,640915.99
2023-09-20 12:00:00+00:00,0.1926,0.1927,0.1912,0.1917,1409469.91
2023-09-20 13:00:00+00:00,0.1917,0.1926,0.1911,0.1924,471860.56
2023-09-20 14:00:00+00:00,0.1924,0.1928,0.1915,0.1921,718266.6
2023-09-20 15:00:00+00:00,0.1921,0.1928,0.1919,0.1927,631701.42
2023-09-20 16:00:00+00:00,0.1927,0.1928,0.1919,0.1922,694659.58
2023-09-20 17:00:00+00:00,0.1922,0.1932,0.1916,0.1921,1255773.69
2023-09-20 18:00:00+00:00,0.1921,0.1944,0.1912,0.1942,2434835.36
2023-09-20 19:00:00+00:00,0.1942,0.1944,0.1906,0.1926,3192305.93
2023-09-20 20:00:00+00:00,0.1926,0.1938,0.1925,0.1938,835939.8
2023-09-20 21:00:00+00:00,0.1938,0.1951,0.1937,0.1944,1822342.2
2023-09-20 22:00:00+00:00,0.1944,0.1946,0.1939,0.194,497632.41
2023-09-20 23:00:00+00:00,0.194,0.1946,0.1938,0.1944,472174.05
2023-09-21 00:00:00+00:00,0.1944,0.1959,0.1944,0.1951,1484851.08
2023-09-21 01:00:00+00:00,0.1951,0.1952,0.1932,0.1942,860242.37
2023-09-21 02:00:00+00:00,0.1942,0.1951,0.1935,0.1939,537445.81
2023-09-21 03:00:00+00:00,0.1939,0.1946,0.1937,0.1946,418932.62
2023-09-21 04:00:00+00:00,0.1946,0.1951,0.1942,0.1948,826766.2
2023-09-21 05:00:00+00:00,0.1948,0.1948,0.1936,0.1941,712393.51
2023-09-21 06:00:00+00:00,0.1941,0.1941,0.1922,0.1927,1276238.81
2023-09-21 07:00:00+00:00,0.1927,0.1927,0.1918,0.192,1449165.34
2023-09-21 08:00:00+00:00,0.192,0.1927,0.1915,0.1918,1545430.42
2023-09-21 09:00:00+00:00,0.1918,0.192,0.1903,0.1906,2330440.57
2023-09-21 10:00:00+00:00,0.1906,0.191,0.1877,0.188,4391391.38
2023-09-21 11:00:00+00:00,0.188,0.19,0.1878,0.1899,2073151.22
2023-09-21 12:00:00+00:00,0.1899,0.1903,0.1892,0.1899,2001429.07
2023-09-21 13:00:00+00:00,0.1899,0.194,0.1872,0.1895,11223998.1
2023-09-21 14:00:00+00:00,0.1895,0.1906,0.1892,0.1902,1689916.48
2023-09-21 15:00:00+00:00,0.1902,0.1903,0.1895,0.1898,1244547.01
2023-09-21 16:00:00+00:00,0.1898,0.1898,0.1884,0.1887,1165202.12
2023-09-21 17:00:00+00:00,0.1887,0.1894,0.1885,0.1885,1323508.16
2023-09-21 18:00:00+00:00,0.1885,0.1886,0.188,0.1883,1302065.64
2023-09-21 19:00:00+00:00,0.1883,0.1884,0.1877,0.1881,482697.26
2023-09-21 20:00:00+00:00,0.1881,0.1882,0.1863,0.188,2549220.99
2023-09-21 21:00:00+00:00,0.188,0.1886,0.1872,0.1886,508382.67
2023-09-21 22:00:00+00:00,0.1886,0.189,0.1881,0.1889,514424.4
2023-09-21 23:00:00+00:00,0.1889,0.1892,0.1882,0.189,847123.54
2023-09-22 00:00:00+00:00,0.189,0.1894,0.1869,0.1891,1163842.99
2023-09-22 01:00:00+00:00,0.1891,0.1894,0.188,0.1893,670179.26
2023-09-22 02:00:00+00:00,0.1893,0.1895,0.1887,0.1887,296864.05
2023-09-22 03:00:00+00:00,0.1887,0.1898,0.1885,0.1888,1803192.75
2023-09-22 04:00:00+00:00,0.1888,0.189,0.1879,0.1881,2105759.71
2023-09-22 05:00:00+00:00,0.1881,0.1882,0.1873,0.1882,780692.63
2023-09-22 06:00:00+00:00,0.1882,0.1882,0.1872,0.1879,561102.94
2023-09-22 07:00:00+00:00,0.1879,0.1889,0.1876,0.1887,997922.31
2023-09-22 08:00:00+00:00,0.1887,0.189,0.1881,0.1883,878359.81
2023-09-22 09:00:00+00:00,0.1883,0.1885,0.1879,0.1883,417468.8
2023-09-22 10:00:00+00:00,0.1883,0.1886,0.1878,0.1879,499766.83
2023-09-22 11:00:00+00:00,0.1879,0.189,0.1879,0.189,2313048.11
2023-09-22 12:00:00+00:00,0.189,0.1892,0.1878,0.188,2611541.74
2023-09-22 13:00:00+00:00,0.188,0.1885,0.1878,0.1883,736449.18
2023-09-22 14:00:00+00:00,0.1883,0.189,0.188,0.1888,1164507.7
2023-09-22 15:00:00+00:00,0.1888,0.1892,0.1882,0.1884,516168.63
2023-09-22 16:00:00+00:00,0.1884,0.1886,0.1875,0.1877,1226403.18
2023-09-22 17:00:00+00:00,0.1877,0.1879,0.1871,0.1877,1252744.68
2023-09-22 18:00:00+00:00,0.1877,0.1883,0.1875,0.1879,842145.29
2023-09-22 19:00:00+00:00,0.1879,0.1884,0.1873,0.1875,809301.7
2023-09-22 20:00:00+00:00,0.1875,0.1876,0.186,0.1866,2071556.86
2023-09-22 21:00:00+00:00,0.1866,0.1876,0.1862,0.1874,1077264.06
2023-09-22 22:00:00+00:00,0.1874,0.1878,0.1872,0.1876,596629.19
2023-09-22 23:00:00+00:00,0.1876,0.1877,0.1869,0.1873,624206.36
2023-09-23 00:00:00+00:00,0.1873,0.1884,0.1873,0.1879,887024.77
2023-09-23 01:00:00+00:00,0.1879,0.1886,0.1874,0.1886,665313.29
2023-09-23 02:00:00+00:00,0.1886,0.1887,0.1876,0.188,655388.36
2023-09-23 03:00:00+00:00,0.188,0.1882,0.1875,0.1879,390162.08
2023-09-23 04:00:00+00:00,0.1879,0.1885,0.1876,0.1884,446457.12
2023-09-23 05:00:00+00:00,0.1884,0.1891,0.1882,0.1883,1237157.07
2023-09-23 06:00:00+00:00,0.1883,0.1889,0.1883,0.1885,359073.41
2023-09-23 07:00:00+00:00,0.1885,0.1888,0.188,0.1883,797545.77
2023-09-23 08:00:00+00:00,0.1883,0.1887,0.188,0.1886,1203296.05
2023-09-23 09:00:00+00:00,0.1886,0.1889,0.1882,0.1886,684621.06
2023-09-23 10:00:00+00:00,0.1886,0.1886,0.188,0.1881,340783.26
2023-09-23 11:00:00+00:00,0.1881,0.1881,0.1875,0.1877,473330.13
2023-09-23 12:00:00+00:00,0.1877,0.1879,0.1872,0.1876,667491.49
2023-09-23 13:00:00+00:00,0.1876,0.1878,0.1872,0.1873,423582.6
2023-09-23 14:00:00+00:00,0.1873,0.1881,0.1872,0.1878,607160.25
2023-09-23 15:00:00+00:00,0.1878,0.188,0.1871,0.1876,674419.25
2023-09-23 16:00:00+00:00,0.1876,0.188,0.1871,0.1879,571697.12
2023-09-23 17:00:00+00:00,0.1879,0.1882,0.1876,0.188,594353.95
2023-09-23 18:00:00+00:00,0.188,0.1884,0.1878,0.1882,697485.77
2023-09-23 19:00:00+00:00,0.1882,0.1887,0.188,0.1883,893304.54
2023-09-23 20:00:00+00:00,0.1883,0.1886,0.1877,0.1879,598886.66
2023-09-23 21:00:00+00:00,0.1879,0.1881,0.1875,0.1878,485668.44
2023-09-23 22:00:00+00:00,0.1878,0.1884,0.1876,0.1877,511132.48
2023-09-23 23:00:00+00:00,0.1877,0.1884,0.1875,0.1883,631199.54
2023-09-24 00:00:00+00:00,0.1883,0.1883,0.1874,0.1879,917388.2
2023-09-24 01:00:00+00:00,0.1879,0.1881,0.1873,0.1881,556668.39
2023-09-24 02:00:00+00:00,0.1881,0.1886,0.188,0.1882,607993.69
2023-09-24 03:00:00+00:00,0.1882,0.1884,0.1877,0.1879,299225.19
2023-09-24 04:00:00+00:00,0.1879,0.1881,0.1873,0.1878,347837.47
2023-09-24 05:00:00+00:00,0.1878,0.1879,0.1875,0.1878,414639.33
2023-09-24 06:00:00+00:00,0.1878,0.1878,0.1874,0.1876,652885.1
2023-09-24 07:00:00+00:00,0.1876,0.1876,0.1872,0.1876,303245.25
2023-09-24 08:00:00+00:00,0.1876,0.1884,0.1875,0.1884,460868.8
2023-09-24 09:00:00+00:00,0.1884,0.1885,0.1879,0.188,701919.59
2023-09-24 10:00:00+00:00,0.188,0.1882,0.1877,0.1879,628807.95
2023-09-24 11:00:00+00:00,0.1879,0.1887,0.1878,0.1884,1445781.26
2023-09-24 12:00:00+00:00,0.1884,0.189,0.1882,0.1887,2167278.16
2023-09-24 13:00:00+00:00,0.1887,0.1891,0.1885,0.1889,929469.29
2023-09-24 14:00:00+00:00,0.1889,0.1895,0.1888,0.1894,630898.28
2023-09-24 15:00:00+00:00,0.1894,0.1896,0.1889,0.1894,580964.99
2023-09-24 16:00:00+00:00,0.1894,0.1894,0.1886,0.189,468853.05
2023-09-24 17:00:00+00:00,0.189,0.1901,0.1887,0.1898,881391.29
2023-09-24 18:00:00+00:00,0.1898,0.1903,0.1879,0.1887,2028884.0
2023-09-24 19:00:00+00:00,0.1887,0.1887,0.1871,0.1878,1224155.11
2023-09-24 20:00:00+00:00,0.1878,0.1883,0.1872,0.1883,775282.94
2023-09-24 21:00:00+00:00,0.1883,0.1883,0.1875,0.1882,731913.29
2023-09-24 22:00:00+00:00,0.1882,0.1884,0.1877,0.1879,862835.19
2023-09-24 23:00:00+00:00,0.1879,0.188,0.1851,0.1861,2934721.8
2023-09-25 00:00:00+00:00,0.1861,0.1874,0.1837,0.1874,1919162.31
2023-09-25 01:00:00+00:00,0.1874,0.1888,0.1871,0.1874,1550758.99
2023-09-25 02:00:00+00:00,0.1874,0.1885,0.1874,0.1885,409494.84
2023-09-25 03:00:00+00:00,0.1885,0.1889,0.1878,0.1879,643758.76
2023-09-25 04:00:00+00:00,0.1879,0.1886,0.1877,0.1883,695640.28
2023-09-25 05:00:00+00:00,0.1883,0.1884,0.1869,0.1871,951739.44
2023-09-25 06:00:00+00:00,0.1871,0.1877,0.1864,0.1874,694263.13
2023-09-25 07:00:00+00:00,0.1874,0.1886,0.1872,0.1884,729784.0
2023-09-25 08:00:00+00:00,0.1884,0.1887,0.1875,0.1879,1429195.06
2023-09-25 09:00:00+00:00,0.1879,0.1881,0.1872,0.1874,608846.28
2023-09-25 10:00:00+00:00,0.1874,0.1878,0.1873,0.1876,626074.17
2023-09-25 11:00:00+00:00,0.1876,0.1878,0.1863,0.1865,2897361.77
2023-09-25 12:00:00+00:00,0.1865,0.1872,0.1861,0.1871,685637.41
2023-09-25 13:00:00+00:00,0.1871,0.1879,0.187,0.1879,672314.2
2023-09-25 14:00:00+00:00,0.1879,0.1882,0.1874,0.1877,1186552.0
2023-09-25 15:00:00+00:00,0.1877,0.1891,0.1877,0.1887,1336748.43
2023-09-25 16:00:00+00:00,0.1887,0.1899,0.1886,0.1887,1425297.83
2023-09-25 17:00:00+00:00,0.1887,0.1892,0.188,0.1884,1798444.29
2023-09-25 18:00:00+00:00,0.1884,0.1889,0.1884,0.1888,392787.98
2023-09-25 19:00:00+00:00,0.1888,0.189,0.1883,0.1888,355322.49
2023-09-25 20:00:00+00:00,0.1888,0.1894,0.1883,0.1885,713251.26
2023-09-25 21:00:00+00:00,0.1885,0.1889,0.1884,0.1886,529196.99
2023-09-25 22:00:00+00:00,0.1886,0.1891,0.1886,0.1889,271503.45
2023-09-25 23:00:00+00:00,0.1889,0.1897,0.1889,0.1896,403903.35
2023-09-26 00:00:00+00:00,0.1896,0.19,0.189,0.1894,779294.08
2023-09-26 01:00:00+00:00,0.1894,0.1901,0.1893,0.19,1066359.23
2023-09-26 02:00:00+00:00,0.19,0.1908,0.1899,0.1907,531915.37
2023-09-26 03:00:00+00:00,0.1907,0.1915,0.1907,0.1908,1129437.89
2023-09-26 04:00:00+00:00,0.1908,0.1911,0.1905,0.1908,510579.46
2023-09-26 05:00:00+00:00,0.1908,0.191,0.1903,0.1906,350835.55
2023-09-26 06:00:00+00:00,0.1906,0.191,0.1901,0.1902,538921.53
2023-09-26 07:00:00+00:00,0.1902,0.1912,0.19,0.1906,7983801.87
2023-09-26 08:00:00+00:00,0.1906,0.191,0.1904,0.1904,923542.87
2023-09-26 09:00:00+00:00,0.1904,0.1906,0.1891,0.1895,15875972.65
2023-09-26 10:00:00+00:00,0.1895,0.1897,0.1883,0.1887,15933901.21
2023-09-26 11:00:00+00:00,0.1887,0.1894,0.188,0.1891,8252297.5
2023-09-26 12:00:00+00:00,0.1891,0.1894,0.1878,0.1878,1173638.16
2023-09-26 13:00:00+00:00,0.1878,0.1886,0.1875,0.1881,2937804.49
2023-09-26 14:00:00+00:00,0.1881,0.1886,0.1877,0.1885,1788079.2
2023-09-26 15:00:00+00:00,0.1885,0.1887,0.1876,0.1881,810900.07
2023-09-26 16:00:00+00:00,0.1881,0.1895,0.1879,0.1891,1138312.54
2023-09-26 17:00:00+00:00,0.1891,0.1894,0.1883,0.1886,528592.58
2023-09-26 18:00:00+00:00,0.1886,0.1888,0.1879,0.1881,1270366.43
2023-09-26 19:00:00+00:00,0.1881,0.189,0.1879,0.1889,535435.8
2023-09-26 20:00:00+00:00,0.1889,0.189,0.188,0.1881,593775.73
2023-09-26 21:00:00+00:00,0.1881,0.1881,0.1854,0.1879,1879080.89
2023-09-26 22:00:00+00:00,0.1879,0.1883,0.1875,0.1876,420999.44
2023-09-26 23:00:00+00:00,0.1876,0.1887,0.1875,0.1883,465358.25
2023-09-27 00:00:00+00:00,0.1883,0.1887,0.1878,0.1885,1619310.81
2023-09-27 01:00:00+00:00,0.1885,0.1886,0.188,0.188,487858.66
2023-09-27 02:00:00+00:00,0.188,0.188,0.1873,0.1873,512324.24
2023-09-27 03:00:00+00:00,0.1873,0.1884,0.1871,0.1882,507947.52
2023-09-27 04:00:00+00:00,0.1882,0.1882,0.1874,0.1875,444948.19
2023-09-27 05:00:00+00:00,0.1875,0.1876,0.187,0.1874,1016825.5
2023-09-27 06:00:00+00:00,0.1874,0.1876,0.187,0.1875,393876.94
2023-09-27 07:00:00+00:00,0.1875,0.1875,0.1868,0.1871,555691.47
2023-09-27 08:00:00+00:00,0.1871,0.1871,0.1862,0.1867,778518.6
2023-09-27 09:00:00+00:00,0.1867,0.1885,0.1866,0.1884,1537463.5
2023-09-27 10:00:00+00:00,0.1884,0.1888,0.1881,0.1886,1420350.25
2023-09-27 11:00:00+00:00,0.1886,0.1905,0.1885,0.1903,3220001.59
2023-09-27 12:00:00+00:00,0.1903,0.1907,0.1895,0.1898,2073402.72
2023-09-27 13:00:00+00:00,0.1898,0.1905,0.1884,0.1889,2383207.25
2023-09-27 14:00:00+00:00,0.1889,0.1892,0.1859,0.1866,4125852.55
2023-09-27 15:00:00+00:00,0.1866,0.188,0.1863,0.1875,972455.45
2023-09-27 16:00:00+00:00,0.1875,0.1877,0.187,0.1872,671012.25
2023-09-27 17:00:00+00:00,0.1872,0.1872,0.1859,0.1863,910128.85
2023-09-27 18:00:00+00:00,0.1863,0.1867,0.1846,0.1862,1921446.98
2023-09-27 19:00:00+00:00,0.1862,0.1871,0.1861,0.1865,766506.75
2023-09-27 20:00:00+00:00,0.1865,0.1869,0.185,0.1854,1376757.83
2023-09-27 21:00:00+00:00,0.1854,0.1858,0.1851,0.1855,1089028.73
2023-09-27 22:00:00+00:00,0.1855,0.1861,0.1854,0.186,373830.63
2023-09-27 23:00:00+00:00,0.186,0.1866,0.1858,0.1862,665504.06
2023-09-28 00:00:00+00:00,0.1862,0.1872,0.186,0.1869,736541.52
2023-09-28 01:00:00+00:00,0.1869,0.1873,0.1861,0.187,634405.18
2023-09-28 02:00:00+00:00,0.187,0.1878,0.1866,0.1868,1296165.27
2023-09-28 03:00:00+00:00,0.1868,0.1869,0.1861,0.1865,264151.4
2023-09-28 04:00:00+00:00,0.1865,0.1869,0.186,0.1867,1261873.48
2023-09-28 05:00:00+00:00,0.1867,0.1872,0.1863,0.1869,826212.75
2023-09-28 06:00:00+00:00,0.1869,0.1874,0.1864,0.1872,666420.66
2023-09-28 07:00:00+00:00,0.1872,0.1877,0.187,0.1875,929196.4
2023-09-28 08:00:00+00:00,0.1875,0.1876,0.1865,0.1873,848221.17
2023-09-28 09:00:00+00:00,0.1873,0.1879,0.1871,0.1875,905924.47
2023-09-28 10:00:00+00:00,0.1875,0.1888,0.1872,0.188,2016895.5
2023-09-28 11:00:00+00:00,0.188,0.1882,0.1871,0.1875,961208.29
2023-09-28 12:00:00+00:00,0.1875,0.1879,0.1869,0.187,689058.68
2023-09-28 13:00:00+00:00,0.187,0.1877,0.1868,0.1876,701800.8
2023-09-28 14:00:00+00:00,0.1876,0.1895,0.1872,0.1885,2351956.47
2023-09-28 15:00:00+00:00,0.1885,0.1901,0.1882,0.1899,2643905.15
2023-09-28 16:00:00+00:00,0.1899,0.1907,0.1891,0.1893,4926848.9
2023-09-28 17:00:00+00:00,0.1893,0.1899,0.1892,0.1894,989815.34
2023-09-28 18:00:00+00:00,0.1894,0.19,0.1874,0.1883,1930725.92
2023-09-28 19:00:00+00:00,0.1883,0.1895,0.1883,0.1893,1246378.81
2023-09-28 20:00:00+00:00,0.1893,0.1899,0.1883,0.1892,1077136.37
2023-09-28 21:00:00+00:00,0.1892,0.1893,0.1877,0.1892,1056321.01
2023-09-28 22:00:00+00:00,0.1892,0.1893,0.1886,0.1889,451892.55
2023-09-28 23:00:00+00:00,0.1889,0.1892,0.1886,0.189,575945.83
2023-09-29 00:00:00+00:00,0.189,0.1898,0.1884,0.1891,1079729.89
2023-09-29 01:00:00+00:00,0.1891,0.1897,0.1881,0.1897,1183473.65
2023-09-29 02:00:00+00:00,0.1897,0.19,0.1886,0.1887,596164.11
2023-09-29 03:00:00+00:00,0.1887,0.1893,0.1886,0.1893,343141.38
2023-09-29 04:00:00+00:00,0.1893,0.1897,0.1888,0.1896,1208777.47
2023-09-29 05:00:00+00:00,0.1896,0.1903,0.1895,0.1901,542381.49
2023-09-29 06:00:00+00:00,0.1901,0.1905,0.1896,0.1904,1089978.88
2023-09-29 07:00:00+00:00,0.1904,0.1927,0.1902,0.1918,3757802.11
2023-09-29 08:00:00+00:00,0.1918,0.1919,0.1904,0.1905,2099736.52
2023-09-29 09:00:00+00:00,0.1905,0.1914,0.1904,0.1912,847039.69
2023-09-29 10:00:00+00:00,0.1912,0.1922,0.1912,0.1913,1323827.77
2023-09-29 11:00:00+00:00,0.1913,0.1925,0.1913,0.1923,1998404.87
2023-09-29 12:00:00+00:00,0.1923,0.1929,0.1913,0.1927,2174411.05
2023-09-29 13:00:00+00:00,0.1927,0.1929,0.1909,0.1911,2201482.5
2023-09-29 14:00:00+00:00,0.1911,0.1926,0.1895,0.192,3171986.97
2023-09-29 15:00:00+00:00,0.192,0.1922,0.1914,0.1917,1046507.44
2023-09-29 16:00:00+00:00,0.1917,0.1918,0.1911,0.1916,981040.07
2023-09-29 17:00:00+00:00,0.1916,0.1918,0.1913,0.1914,665582.26
2023-09-29 18:00:00+00:00,0.1914,0.1923,0.1909,0.1923,916948.53
2023-09-29 19:00:00+00:00,0.1923,0.1925,0.1918,0.1923,776771.33
2023-09-29 20:00:00+00:00,0.1923,0.1931,0.1919,0.1929,1102237.4
2023-09-29 21:00:00+00:00,0.1929,0.1938,0.1925,0.1932,1250369.61
2023-09-29 22:00:00+00:00,0.1932,0.1949,0.1932,0.1943,909353.51
2023-09-29 23:00:00+00:00,0.1943,0.1945,0.1939,0.1941,467635.14
2023-09-30 00:00:00+00:00,0.1941,0.1969,0.1941,0.1964,2036086.57
2023-09-30 01:00:00+00:00,0.1964,0.1968,0.195,0.1951,1151965.93
2023-09-30 02:00:00+00:00,0.1951,0.1959,0.1949,0.1958,544772.84
2023-09-30 03:00:00+00:00,0.1958,0.1965,0.1957,0.1962,1637151.75
2023-09-30 04:00:00+00:00,0.1962,0.1974,0.1961,0.1972,1456462.03
2023-09-30 05:00:00+00:00,0.1972,0.1996,0.1971,0.199,5145370.03
2023-09-30 06:00:00+00:00,0.199,0.2023,0.1987,0.1988,7046342.37
2023-09-30 07:00:00+00:00,0.1988,0.1989,0.1975,0.1981,2233853.93
2023-09-30 08:00:00+00:00,0.1981,0.1995,0.1975,0.1992,2626910.88
2023-09-30 09:00:00+00:00,0.1992,0.2,0.1989,0.1995,2258517.59
2023-09-30 10:00:00+00:00,0.1995,0.2005,0.1992,0.1995,2157890.86
2023-09-30 11:00:00+00:00,0.1995,0.2007,0.1988,0.199,2067924.51
2023-09-30 12:00:00+00:00,0.199,0.1995,0.1986,0.1989,1376781.82
2023-09-30 13:00:00+00:00,0.1989,0.1991,0.198,0.199,2312515.5
2023-09-30 14:00:00+00:00,0.199,0.1993,0.1983,0.1991,1448379.58
2023-09-30 15:00:00+00:00,0.1991,0.2019,0.1987,0.2002,3247173.88
2023-09-30 16:00:00+00:00,0.2002,0.201,0.1997,0.2008,2400325.68
2023-09-30 17:00:00+00:00,0.2008,0.2008,0.1992,0.1993,1532483.37
2023-09-30 18:00:00+00:00,0.1993,0.1994,0.1982,0.1987,1798878.3
2023-09-30 19:00:00+00:00,0.1987,0.1997,0.1986,0.1992,1402381.77
2023-09-30 20:00:00+00:00,0.1992,0.1997,0.1988,0.1994,761252.5
2023-09-30 21:00:00+00:00,0.1994,0.2004,0.199,0.1994,1438466.1
2023-09-30 22:00:00+00:00,0.1994,0.2008,0.1993,0.2006,1233495.15
2023-09-30 23:00:00+00:00,0.2006,0.2013,0.1992,0.1993,1332215.58
2023-10-01 00:00:00+00:00,0.1993,0.2011,0.1991,0.2011,1120935.27
2023-10-01 01:00:00+00:00,0.2011,0.2042,0.201,0.2038,3524995.82
2023-10-01 02:00:00+00:00,0.2038,0.2045,0.2026,0.2039,2085276.94
2023-10-01 03:00:00+00:00,0.2039,0.205,0.2028,0.2029,2294901.36
2023-10-01 04:00:00+00:00,0.2029,0.203,0.201,0.2016,1571323.2
2023-10-01 05:00:00+00:00,0.2016,0.2025,0.2015,0.2024,1288687.06
2023-10-01 06:00:00+00:00,0.2024,0.2027,0.2021,0.2026,761437.33
2023-10-01 07:00:00+00:00,0.2026,0.2032,0.2022,0.2024,1702301.87
2023-10-01 08:00:00+00:00,0.2024,0.2031,0.2014,0.203,814671.82
2023-10-01 09:00:00+00:00,0.203,0.2056,0.203,0.2052,2653159.76
2023-10-01 10:00:00+00:00,0.2052,0.2094,0.2051,0.2066,6086582.44
2023-10-01 11:00:00+00:00,0.2066,0.2073,0.2057,0.2061,3100365.54
2023-10-01 12:00:00+00:00,0.2061,0.2067,0.2053,0.2064,2524759.17
2023-10-01 13:00:00+00:00,0.2064,0.2069,0.2056,0.2065,1687298.72
2023-10-01 14:00:00+00:00,0.2065,0.207,0.2047,0.2051,2206735.6
2023-10-01 15:00:00+00:00,0.2051,0.2054,0.2044,0.2052,1102282.95
2023-10-01 16:00:00+00:00,0.2052,0.2052,0.2036,0.204,1720837.32
2023-10-01 17:00:00+00:00,0.204,0.2045,0.2009,0.2014,3348146.99
2023-10-01 18:00:00+00:00,0.2014,0.2026,0.2013,0.2023,1645162.4
2023-10-01 19:00:00+00:00,0.2023,0.2034,0.2021,0.2031,1358003.54
2023-10-01 20:00:00+00:00,0.2031,0.2044,0.2021,0.2033,1812567.83
2023-10-01 21:00:00+00:00,0.2033,0.2036,0.203,0.2035,675284.36
2023-10-01 22:00:00+00:00,0.2035,0.2099,0.2035,0.2097,8047331.2
2023-10-01 23:00:00+00:00,0.2097,0.2099,0.2064,0.2079,3249498.92
2023-10-02 00:00:00+00:00,0.2079,0.21,0.2069,0.2073,5325673.73
2023-10-02 01:00:00+00:00,0.2073,0.2094,0.207,0.2094,1875242.12
2023-10-02 02:00:00+00:00,0.2094,0.2104,0.2084,0.2086,2793727.0
2023-10-02 03:00:00+00:00,0.2086,0.2088,0.2074,0.2075,1298706.04
2023-10-02 04:00:00+00:00,0.2075,0.2076,0.206,0.2069,1998026.0
2023-10-02 05:00:00+00:00,0.2069,0.2077,0.2051,0.2061,2035468.03
2023-10-02 06:00:00+00:00,0.2061,0.2068,0.2056,0.2068,873323.49
2023-10-02 07:00:00+00:00,0.2068,0.2078,0.2062,0.2071,2020515.91
2023-10-02 08:00:00+00:00,0.2071,0.2078,0.2062,0.2062,1965315.42
2023-10-02 09:00:00+00:00,0.2062,0.2064,0.2053,0.2054,1763865.96
2023-10-02 10:00:00+00:00,0.2054,0.206,0.205,0.2054,1421522.44
2023-10-02 11:00:00+00:00,0.2054,0.2057,0.2041,0.2048,3029744.6
2023-10-02 12:00:00+00:00,0.2048,0.2066,0.2042,0.2063,2902820.9
2023-10-02 13:00:00+00:00,0.2063,0.2063,0.2041,0.2049,1632512.97
2023-10-02 14:00:00+00:00,0.2049,0.2051,0.2025,0.2042,3240353.54
2023-10-02 15:00:00+00:00,0.2042,0.2045,0.2006,0.2019,2550781.66
2023-10-02 16:00:00+00:00,0.2019,0.2031,0.201,0.2021,2212016.98
2023-10-02 17:00:00+00:00,0.2021,0.2032,0.2015,0.203,835569.71
2023-10-02 18:00:00+00:00,0.203,0.2032,0.1968,0.1988,8366563.36
2023-10-02 19:00:00+00:00,0.1988,0.2012,0.198,0.2012,2177144.67
2023-10-02 20:00:00+00:00,0.2012,0.2012,0.1997,0.1998,1059209.19
2023-10-02 21:00:00+00:00,0.1998,0.2001,0.1968,0.1987,2324721.69
2023-10-02 22:00:00+00:00,0.1987,0.1993,0.1981,0.1987,1138226.15
2023-10-02 23:00:00+00:00,0.1987,0.1994,0.1982,0.199,1272066.8
2023-10-03 00:00:00+00:00,0.199,0.2006,0.1987,0.2001,1666832.5
2023-10-03 01:00:00+00:00,0.2001,0.201,0.1997,0.2008,1292600.22
2023-10-03 02:00:00+00:00,0.2008,0.2009,0.1996,0.1998,705414.84
2023-10-03 03:00:00+00:00,0.1998,0.1999,0.1988,0.1996,446600.86
2023-10-03 04:00:00+00:00,0.1996,0.1997,0.1984,0.1993,1463017.32
2023-10-03 05:00:00+00:00,0.1993,0.1997,0.1988,0.1991,1184547.9
2023-10-03 06:00:00+00:00,0.1991,0.2008,0.1988,0.2003,948842.95
2023-10-03 07:00:00+00:00,0.2003,0.2007,0.1994,0.2001,744326.58
2023-10-03 08:00:00+00:00,0.2001,0.2018,0.2001,0.2007,1928397.04
2023-10-03 09:00:00+00:00,0.2007,0.2019,0.2005,0.2011,848045.01
2023-10-03 10:00:00+00:00,0.2011,0.2015,0.2001,0.2014,1472400.71
2023-10-03 11:00:00+00:00,0.2014,0.2015,0.1994,0.1997,2314629.9
2023-10-03 12:00:00+00:00,0.1997,0.1997,0.1979,0.1986,1857743.09
2023-10-03 13:00:00+00:00,0.1986,0.2004,0.1982,0.2,1288994.44
2023-10-03 14:00:00+00:00,0.2,0.2001,0.1978,0.1987,1803044.45
2023-10-03 15:00:00+00:00,0.1987,0.1997,0.1976,0.1991,1170414.14
2023-10-03 16:00:00+00:00,0.1991,0.2007,0.1987,0.1997,1618890.72
2023-10-03 17:00:00+00:00,0.1997,0.2,0.1988,0.1989,962285.26
2023-10-03 18:00:00+00:00,0.1989,0.1992,0.1978,0.1979,741018.26
2023-10-03 19:00:00+00:00,0.1979,0.1992,0.1977,0.1981,709903.03
2023-10-03 20:00:00+00:00,0.1981,0.2001,0.1975,0.1993,1166899.25
2023-10-03 21:00:00+00:00,0.1993,0.1995,0.1983,0.1987,553090.76
2023-10-03 22:00:00+00:00,0.1987,0.1996,0.1982,0.1994,820265.33
2023-10-03 23:00:00+00:00,0.1994,0.2,0.1989,0.1998,1090154.76
2023-10-04 00:00:00+00:00,0.1998,0.1999,0.1923,0.1947,8683296.69
2023-10-04 01:00:00+00:00,0.1947,0.197,0.1939,0.1965,2836567.19
2023-10-04 02:00:00+00:00,0.1965,0.1981,0.1964,0.1972,1229311.41
2023-10-04 03:00:00+00:00,0.1972,0.1977,0.1964,0.1968,638643.7
2023-10-04 04:00:00+00:00,0.1968,0.1968,0.1957,0.1961,1155843.42
2023-10-04 05:00:00+00:00,0.1961,0.1969,0.1954,0.1969,996127.83
2023-10-04 06:00:00+00:00,0.1969,0.1985,0.1965,0.1985,1126443.47
2023-10-04 07:00:00+00:00,0.1985,0.1995,0.1981,0.1988,1167105.49
2023-10-04 08:00:00+00:00,0.1988,0.2006,0.1982,0.1999,1889759.02
2023-10-04 09:00:00+00:00,0.1999,0.2002,0.199,0.1997,1789812.96
2023-10-04 10:00:00+00:00,0.1997,0.2003,0.1991,0.2002,1466611.01
2023-10-04 11:00:00+00:00,0.2002,0.2005,0.1996,0.2004,1063308.36
2023-10-04 12:00:00+00:00,0.2004,0.2022,0.2003,0.2021,2978624.01
2023-10-04 13:00:00+00:00,0.2021,0.2023,0.1987,0.1997,2669343.79
2023-10-04 14:00:00+00:00,0.1997,0.2008,0.1992,0.2002,1388872.0
2023-10-04 15:00:00+00:00,0.2002,0.202,0.1996,0.1999,2125365.32
2023-10-04 16:00:00+00:00,0.1999,0.2015,0.1995,0.2003,1247485.38
2023-10-04 17:00:00+00:00,0.2003,0.2009,0.2,0.2007,678082.25
2023-10-04 18:00:00+00:00,0.2007,0.2016,0.2005,0.2015,675898.16
2023-10-04 19:00:00+00:00,0.2015,0.2019,0.1988,0.1998,3335706.89
2023-10-04 20:00:00+00:00,0.1998,0.2009,0.1995,0.2003,614633.49
2023-10-04 21:00:00+00:00,0.2003,0.2011,0.2001,0.2001,552523.76
2023-10-04 22:00:00+00:00,0.2001,0.2016,0.2001,0.2015,536141.14
2023-10-04 23:00:00+00:00,0.2015,0.2018,0.201,0.2013,735652.76
2023-10-05 00:00:00+00:00,0.2013,0.2024,0.2007,0.2019,945262.28
2023-10-05 01:00:00+00:00,0.2019,0.2019,0.1995,0.2001,766837.67
2023-10-05 02:00:00+00:00,0.2001,0.2006,0.1996,0.2005,603682.69
2023-10-05 03:00:00+00:00,0.2005,0.201,0.2001,0.2004,331762.4
2023-10-05 04:00:00+00:00,0.2004,0.2004,0.2,0.2004,332807.99
2023-10-05 05:00:00+00:00,0.2004,0.2005,0.1992,0.1992,704217.6
2023-10-05 06:00:00+00:00,0.1992,0.1994,0.198,0.1988,1140388.36
2023-10-05 07:00:00+00:00,0.1988,0.1989,0.1978,0.1982,1102725.81
2023-10-05 08:00:00+00:00,0.1982,0.1985,0.1978,0.1981,912663.37
2023-10-05 09:00:00+00:00,0.1981,0.1987,0.1977,0.1979,924525.74
2023-10-05 10:00:00+00:00,0.1979,0.1991,0.1973,0.1987,2048663.07
2023-10-05 11:00:00+00:00,0.1987,0.1988,0.1976,0.1976,1195635.9
2023-10-05 12:00:00+00:00,0.1976,0.1979,0.1969,0.1969,2678704.88
2023-10-05 13:00:00+00:00,0.1969,0.1992,0.1969,0.1982,2195057.3
2023-10-05 14:00:00+00:00,0.1982,0.1991,0.1978,0.1978,1122722.37
2023-10-05 15:00:00+00:00,0.1978,0.1979,0.1953,0.197,3663314.83
2023-10-05 16:00:00+00:00,0.197,0.1972,0.1942,0.1948,2617969.62
2023-10-05 17:00:00+00:00,0.1948,0.196,0.1943,0.1954,795061.74
2023-10-05 18:00:00+00:00,0.1954,0.1955,0.1943,0.1948,887861.36
2023-10-05 19:00:00+00:00,0.1948,0.196,0.1947,0.1959,1029890.49
2023-10-05 20:00:00+00:00,0.1959,0.1963,0.1951,0.1954,490394.17
2023-10-05 21:00:00+00:00,0.1954,0.1955,0.1946,0.1947,684105.11
2023-10-05 22:00:00+00:00,0.1947,0.1947,0.1937,0.1941,712912.77
2023-10-05 23:00:00+00:00,0.1941,0.1943,0.1929,0.193,991800.1
2023-10-06 00:00:00+00:00,0.193,0.1937,0.1925,0.1936,945673.97
2023-10-06 01:00:00+00:00,0.1936,0.194,0.1924,0.1926,1554338.46
2023-10-06 02:00:00+00:00,0.1926,0.1933,0.1923,0.193,722090.43
2023-10-06 03:00:00+00:00,0.193,0.1934,0.1927,0.1933,796868.43
2023-10-06 04:00:00+00:00,0.1933,0.1933,0.1923,0.1924,973293.55
2023-10-06 05:00:00+00:00,0.1924,0.1931,0.1922,0.193,488474.0
2023-10-06 06:00:00+00:00,0.193,0.1938,0.1928,0.1937,678001.69
2023-10-06 07:00:00+00:00,0.1937,0.1948,0.1935,0.1944,1035699.6
2023-10-06 08:00:00+00:00,0.1944,0.195,0.1936,0.1937,1102414.32
2023-10-06 09:00:00+00:00,0.1937,0.1939,0.1928,0.193,937463.15
2023-10-06 10:00:00+00:00,0.193,0.1938,0.1925,0.1929,936993.32
2023-10-06 11:00:00+00:00,0.1929,0.1933,0.1927,0.1929,707676.28
2023-10-06 12:00:00+00:00,0.1929,0.1932,0.19,0.1907,5502481.92
2023-10-06 13:00:00+00:00,0.1907,0.1927,0.1895,0.1915,4711930.51
2023-10-06 14:00:00+00:00,0.1915,0.1919,0.1905,0.1912,1749734.74
2023-10-06 15:00:00+00:00,0.1912,0.1939,0.1911,0.1938,2374010.01
2023-10-06 16:00:00+00:00,0.1938,0.1947,0.1933,0.1937,2559472.75
2023-10-06 17:00:00+00:00,0.1937,0.1955,0.1934,0.1951,1346556.45
2023-10-06 18:00:00+00:00,0.1951,0.1953,0.1946,0.1949,442977.71
2023-10-06 19:00:00+00:00,0.1949,0.1959,0.1947,0.1951,967048.44
2023-10-06 20:00:00+00:00,0.1951,0.1953,0.1946,0.1947,789819.63
2023-10-06 21:00:00+00:00,0.1947,0.1968,0.1946,0.196,1503006.52
2023-10-06 22:00:00+00:00,0.196,0.1961,0.195,0.1951,642921.98
2023-10-06 23:00:00+00:00,0.1951,0.1952,0.1941,0.1942,729933.89
2023-10-07 00:00:00+00:00,0.1942,0.1945,0.1938,0.1939,796093.07
2023-10-07 01:00:00+00:00,0.1939,0.1941,0.1932,0.1935,839940.11
2023-10-07 02:00:00+00:00,0.1935,0.1945,0.1933,0.194,576605.57
2023-10-07 03:00:00+00:00,0.194,0.1953,0.194,0.1949,581284.57
2023-10-07 04:00:00+00:00,0.1949,0.1964,0.1949,0.195,1231368.56
2023-10-07 05:00:00+00:00,0.195,0.1969,0.1948,0.1965,1347386.56
2023-10-07 06:00:00+00:00,0.1965,0.1967,0.1948,0.195,987888.58
2023-10-07 07:00:00+00:00,0.195,0.1956,0.1942,0.1945,443471.43
2023-10-07 08:00:00+00:00,0.1945,0.1946,0.1933,0.1942,1042555.63
2023-10-07 09:00:00+00:00,0.1942,0.1942,0.1934,0.1936,586943.57
2023-10-07 10:00:00+00:00,0.1936,0.1939,0.1935,0.1938,299581.01
2023-10-07 11:00:00+00:00,0.1938,0.1945,0.1936,0.1938,529971.3
2023-10-07 12:00:00+00:00,0.1938,0.1943,0.1936,0.1938,486436.85
2023-10-07 13:00:00+00:00,0.1938,0.1945,0.1937,0.1944,468394.88
2023-10-07 14:00:00+00:00,0.1944,0.1945,0.194,0.1941,320459.4
2023-10-07 15:00:00+00:00,0.1941,0.1943,0.1933,0.1934,691237.91
2023-10-07 16:00:00+00:00,0.1934,0.1934,0.1925,0.1927,940162.57
2023-10-07 17:00:00+00:00,0.1927,0.193,0.1922,0.1927,545528.04
2023-10-07 18:00:00+00:00,0.1927,0.1933,0.1927,0.193,318484.49
2023-10-07 19:00:00+00:00,0.193,0.1932,0.1923,0.1925,462629.38
2023-10-07 20:00:00+00:00,0.1925,0.1929,0.1924,0.1926,411809.41
2023-10-07 21:00:00+00:00,0.1926,0.193,0.1926,0.193,462238.54
2023-10-07 22:00:00+00:00,0.193,0.1932,0.1926,0.1931,383013.55
2023-10-07 23:00:00+00:00,0.1931,0.1932,0.1928,0.1929,87693.9
2023-10-08 00:00:00+00:00,0.1929,0.1936,0.1926,0.1935,434435.16
2023-10-08 01:00:00+00:00,0.1935,0.1935,0.1918,0.1929,505236.18
2023-10-08 02:00:00+00:00,0.1929,0.1935,0.1926,0.1927,579751.58
2023-10-08 03:00:00+00:00,0.1927,0.1934,0.1925,0.1933,310736.64
2023-10-08 04:00:00+00:00,0.1933,0.1935,0.1921,0.1922,345319.79
2023-10-08 05:00:00+00:00,0.1922,0.1923,0.1908,0.1918,1761303.58
2023-10-08 06:00:00+00:00,0.1918,0.1921,0.1912,0.1912,689047.7
2023-10-08 07:00:00+00:00,0.1912,0.1921,0.1909,0.1921,649812.77
2023-10-08 08:00:00+00:00,0.1921,0.1926,0.1917,0.1918,642940.2
2023-10-08 09:00:00+00:00,0.1918,0.192,0.1908,0.1911,731706.43
2023-10-08 10:00:00+00:00,0.1911,0.1912,0.1897,0.1904,1472706.78
2023-10-08 11:00:00+00:00,0.1904,0.191,0.1902,0.1904,938498.83
2023-10-08 12:00:00+00:00,0.1904,0.191,0.1902,0.1903,700474.53
2023-10-08 13:00:00+00:00,0.1903,0.1919,0.1895,0.1911,1118283.22
2023-10-08 14:00:00+00:00,0.1911,0.1917,0.1904,0.1916,556280.65
2023-10-08 15:00:00+00:00,0.1916,0.1918,0.1908,0.191,380228.59
2023-10-08 16:00:00+00:00,0.191,0.1919,0.1909,0.1909,590203.44
2023-10-08 17:00:00+00:00,0.1909,0.1915,0.1909,0.191,751894.43
2023-10-08 18:00:00+00:00,0.191,0.191,0.19,0.1908,581271.45
2023-10-08 19:00:00+00:00,0.1908,0.1914,0.1907,0.1913,580919.28
2023-10-08 20:00:00+00:00,0.1913,0.1917,0.1908,0.1916,363701.27
2023-10-08 21:00:00+00:00,0.1916,0.1921,0.1913,0.1915,768824.2
2023-10-08 22:00:00+00:00,0.1915,0.1916,0.1904,0.1911,1411418.14
2023-10-08 23:00:00+00:00,0.1911,0.1931,0.1909,0.1928,2761771.43
2023-10-09 00:00:00+00:00,0.1928,0.1928,0.1914,0.1918,676942.32
2023-10-09 01:00:00+00:00,0.1918,0.193,0.1915,0.1925,507036.06
2023-10-09 02:00:00+00:00,0.1925,0.1929,0.1923,0.1925,354081.02
2023-10-09 03:00:00+00:00,0.1925,0.1935,0.1925,0.1929,654998.48
2023-10-09 04:00:00+00:00,0.1929,0.1932,0.1925,0.1931,1652385.28
2023-10-09 05:00:00+00:00,0.1931,0.1933,0.1913,0.1915,1733922.9
2023-10-09 06:00:00+00:00,0.1915,0.1918,0.1913,0.1913,460444.77
2023-10-09 07:00:00+00:00,0.1913,0.1914,0.1899,0.1902,1474071.03
2023-10-09 08:00:00+00:00,0.1902,0.1908,0.1883,0.1894,3631582.65
2023-10-09 09:00:00+00:00,0.1894,0.1902,0.1809,0.1848,9631226.88
2023-10-09 10:00:00+00:00,0.1848,0.1854,0.1839,0.1843,3183504.98
2023-10-09 11:00:00+00:00,0.1843,0.1845,0.1829,0.1833,2958178.68
2023-10-09 12:00:00+00:00,0.1833,0.184,0.1827,0.1835,1320011.16
2023-10-09 13:00:00+00:00,0.1835,0.184,0.1831,0.1835,1058466.44
2023-10-09 14:00:00+00:00,0.1835,0.1841,0.183,0.1833,992723.21
2023-10-09 15:00:00+00:00,0.1833,0.1836,0.1826,0.1827,1227076.54
2023-10-09 16:00:00+00:00,0.1827,0.1831,0.1782,0.1811,6372828.28
2023-10-09 17:00:00+00:00,0.1811,0.1829,0.1802,0.1828,1617896.17
2023-10-09 18:00:00+00:00,0.1828,0.184,0.1825,0.1828,1650807.74
2023-10-09 19:00:00+00:00,0.1828,0.1831,0.1824,0.183,706259.13
2023-10-09 20:00:00+00:00,0.183,0.1832,0.182,0.182,842977.62
2023-10-09 21:00:00+00:00,0.182,0.1832,0.1814,0.1826,994602.47
2023-10-09 22:00:00+00:00,0.1826,0.1827,0.1822,0.1823,747286.57
2023-10-09 23:00:00+00:00,0.1823,0.1829,0.1819,0.1824,543459.76
2023-10-10 00:00:00+00:00,0.1824,0.1824,0.1807,0.1812,1358414.82
2023-10-10 01:00:00+00:00,0.1812,0.1818,0.1809,0.1815,407670.74
2023-10-10 02:00:00+00:00,0.1815,0.1832,0.1811,0.1832,654753.17
2023-10-10 03:00:00+00:00,0.1832,0.1832,0.1824,0.1825,456655.29
2023-10-10 04:00:00+00:00,0.1825,0.1826,0.1816,0.1819,1557804.11
2023-10-10 05:00:00+00:00,0.1819,0.1832,0.1819,0.1829,1495814.14
2023-10-10 06:00:00+00:00,0.1829,0.1836,0.1826,0.1835,723894.9
2023-10-10 07:00:00+00:00,0.1835,0.1841,0.1831,0.1831,659383.82
2023-10-10 08:00:00+00:00,0.1831,0.1837,0.1831,0.1832,318892.47
2023-10-10 09:00:00+00:00,0.1832,0.1838,0.1829,0.1837,655741.22
2023-10-10 10:00:00+00:00,0.1837,0.1838,0.182,0.1824,1043314.3
2023-10-10 11:00:00+00:00,0.1824,0.1826,0.1819,0.1822,753194.51
2023-10-10 12:00:00+00:00,0.1822,0.1829,0.1815,0.1817,1176870.85
2023-10-10 13:00:00+00:00,0.1817,0.1826,0.1817,0.1824,1311300.73
2023-10-10 14:00:00+00:00,0.1824,0.184,0.1814,0.1822,1864370.19
2023-10-10 15:00:00+00:00,0.1822,0.1826,0.1817,0.1819,730174.79
2023-10-10 16:00:00+00:00,0.1819,0.1824,0.181,0.1818,1551373.63
2023-10-10 17:00:00+00:00,0.1818,0.182,0.1804,0.1811,962245.54
2023-10-10 18:00:00+00:00,0.1811,0.1819,0.1808,0.1818,1105056.13
2023-10-10 19:00:00+00:00,0.1818,0.1824,0.1818,0.1824,489685.24
2023-10-10 20:00:00+00:00,0.1824,0.1828,0.1805,0.1819,916049.64
2023-10-10 21:00:00+00:00,0.1819,0.1822,0.181,0.1821,721491.4
2023-10-10 22:00:00+00:00,0.1821,0.1825,0.182,0.1822,281763.82
2023-10-10 23:00:00+00:00,0.1822,0.1824,0.1817,0.1823,490863.33
2023-10-11 00:00:00+00:00,0.1823,0.1832,0.1818,0.1831,430265.62
2023-10-11 01:00:00+00:00,0.1831,0.1831,0.1824,0.1828,305561.91
2023-10-11 02:00:00+00:00,0.1828,0.1831,0.1782,0.1808,2383085.24
2023-10-11 03:00:00+00:00,0.1808,0.1816,0.1803,0.1803,628077.75
2023-10-11 04:00:00+00:00,0.1803,0.181,0.1802,0.1806,994150.88
2023-10-11 05:00:00+00:00,0.1806,0.1806,0.1794,0.1795,1134716.49
2023-10-11 06:00:00+00:00,0.1795,0.1798,0.1784,0.1797,850266.8
2023-10-11 07:00:00+00:00,0.1797,0.1802,0.1791,0.1792,1605156.28
2023-10-11 08:00:00+00:00,0.1792,0.18,0.1787,0.1798,1045202.67
2023-10-11 09:00:00+00:00,0.1798,0.182,0.1798,0.1817,1159217.67
2023-10-11 10:00:00+00:00,0.1817,0.1829,0.1815,0.1829,1108676.03
2023-10-11 11:00:00+00:00,0.1829,0.183,0.182,0.1821,1093161.35
2023-10-11 12:00:00+00:00,0.1821,0.1828,0.1813,0.1819,656057.73
2023-10-11 13:00:00+00:00,0.1819,0.1821,0.1809,0.1816,663653.01
2023-10-11 14:00:00+00:00,0.1816,0.1821,0.1809,0.1812,359695.48
2023-10-11 15:00:00+00:00,0.1812,0.1814,0.1786,0.1797,1870629.88
2023-10-11 16:00:00+00:00,0.1797,0.1804,0.179,0.1797,1090746.83
2023-10-11 17:00:00+00:00,0.1797,0.1805,0.1794,0.1802,743317.71
2023-10-11 18:00:00+00:00,0.1802,0.1803,0.1788,0.1797,3897078.01
2023-10-11 19:00:00+00:00,0.1797,0.1803,0.1791,0.18,438294.93
2023-10-11 20:00:00+00:00,0.18,0.1802,0.1796,0.1802,500850.58
2023-10-11 21:00:00+00:00,0.1802,0.1811,0.18,0.1808,748381.43
2023-10-11 22:00:00+00:00,0.1808,0.1819,0.1808,0.1817,586022.87
2023-10-11 23:00:00+00:00,0.1817,0.1823,0.1813,0.1819,1412537.78
2023-10-12 00:00:00+00:00,0.1819,0.182,0.1813,0.1813,409207.35
2023-10-12 01:00:00+00:00,0.1813,0.1813,0.18,0.18,456363.34
2023-10-12 02:00:00+00:00,0.18,0.1816,0.1798,0.1814,689124.46
2023-10-12 03:00:00+00:00,0.1814,0.1817,0.1805,0.1806,1013440.82
2023-10-12 04:00:00+00:00,0.1806,0.181,0.1803,0.1803,188811.15
2023-10-12 05:00:00+00:00,0.1803,0.1803,0.1795,0.1802,1211466.72
2023-10-12 06:00:00+00:00,0.1802,0.181,0.1799,0.18,447574.54
2023-10-12 07:00:00+00:00,0.18,0.1803,0.1798,0.1799,404399.46
2023-10-12 08:00:00+00:00,0.1799,0.1802,0.1795,0.1797,743819.09
2023-10-12 09:00:00+00:00,0.1797,0.1799,0.1764,0.1778,3180719.76
2023-10-12 10:00:00+00:00,0.1778,0.1785,0.1773,0.1783,1485542.36
2023-10-12 11:00:00+00:00,0.1783,0.1799,0.1782,0.1797,806442.05
2023-10-12 12:00:00+00:00,0.1797,0.1801,0.1791,0.1797,1056169.56
2023-10-12 13:00:00+00:00,0.1797,0.1803,0.1788,0.1793,1661733.75
2023-10-12 14:00:00+00:00,0.1793,0.1798,0.1789,0.1795,1799346.1
2023-10-12 15:00:00+00:00,0.1795,0.1802,0.1793,0.1796,1089834.22
2023-10-12 16:00:00+00:00,0.1796,0.1801,0.1778,0.1789,2872189.31
2023-10-12 17:00:00+00:00,0.1789,0.1796,0.1783,0.1793,971737.2
2023-10-12 18:00:00+00:00,0.1793,0.1805,0.1789,0.1792,1078651.62
2023-10-12 19:00:00+00:00,0.1792,0.1802,0.1789,0.1794,578202.26
2023-10-12 20:00:00+00:00,0.1794,0.1805,0.1794,0.1804,933859.57
2023-10-12 21:00:00+00:00,0.1804,0.1812,0.1799,0.1811,865874.92
2023-10-12 22:00:00+00:00,0.1811,0.1814,0.1809,0.1813,397310.3
2023-10-12 23:00:00+00:00,0.1813,0.1813,0.1808,0.1811,271226.2
2023-10-13 00:00:00+00:00,0.1811,0.1817,0.1808,0.1814,555161.86
2023-10-13 01:00:00+00:00,0.1814,0.1815,0.1807,0.1813,524454.89
2023-10-13 02:00:00+00:00,0.1813,0.1817,0.1804,0.1806,690811.8
2023-10-13 03:00:00+00:00,0.1806,0.1807,0.1797,0.1797,391170.85
2023-10-13 04:00:00+00:00,0.1797,0.1803,0.1796,0.1802,530707.14
2023-10-13 05:00:00+00:00,0.1802,0.1806,0.1798,0.18,891000.02
2023-10-13 06:00:00+00:00,0.18,0.1805,0.1798,0.1804,477645.81
2023-10-13 07:00:00+00:00,0.1804,0.1819,0.1804,0.1814,735090.1
2023-10-13 08:00:00+00:00,0.1814,0.182,0.1813,0.1817,547714.94
2023-10-13 09:00:00+00:00,0.1817,0.182,0.1808,0.1808,742979.57
2023-10-13 10:00:00+00:00,0.1808,0.1813,0.1808,0.181,362989.4
2023-10-13 11:00:00+00:00,0.181,0.1817,0.1809,0.1815,533774.23
2023-10-13 12:00:00+00:00,0.1815,0.183,0.1814,0.1828,638160.08
2023-10-13 13:00:00+00:00,0.1828,0.183,0.1817,0.1822,992564.93
2023-10-13 14:00:00+00:00,0.1822,0.1829,0.1821,0.1821,981726.61
2023-10-13 15:00:00+00:00,0.1821,0.1823,0.1814,0.1819,938480.75
2023-10-13 16:00:00+00:00,0.1819,0.1836,0.1818,0.1833,992613.55
2023-10-13 17:00:00+00:00,0.1833,0.1835,0.1826,0.1829,605173.82
2023-10-13 18:00:00+00:00,0.1829,0.183,0.1824,0.1825,379473.57
2023-10-13 19:00:00+00:00,0.1825,0.1832,0.1824,0.1828,1007864.94
2023-10-13 20:00:00+00:00,0.1828,0.1849,0.1828,0.1847,1535716.97
2023-10-13 21:00:00+00:00,0.1847,0.1862,0.1838,0.185,2245442.02
2023-10-13 22:00:00+00:00,0.185,0.1857,0.1834,0.184,1191217.81
2023-10-13 23:00:00+00:00,0.184,0.1843,0.1833,0.1835,429371.36
2023-10-14 00:00:00+00:00,0.1835,0.1847,0.1835,0.1847,706784.79
2023-10-14 01:00:00+00:00,0.1847,0.1848,0.1837,0.1846,466325.67
2023-10-14 02:00:00+00:00,0.1846,0.1848,0.1839,0.184,575925.9
2023-10-14 03:00:00+00:00,0.184,0.1842,0.1838,0.184,372621.15
2023-10-14 04:00:00+00:00,0.184,0.1845,0.1837,0.1837,545436.28
2023-10-14 05:00:00+00:00,0.1837,0.1838,0.1827,0.1829,1311839.06
2023-10-14 06:00:00+00:00,0.1829,0.183,0.1822,0.1825,521289.81
2023-10-14 07:00:00+00:00,0.1825,0.1828,0.1824,0.1827,388042.91
2023-10-14 08:00:00+00:00,0.1827,0.1832,0.1827,0.1832,559636.76
2023-10-14 09:00:00+00:00,0.1832,0.1841,0.1831,0.1841,446206.2
2023-10-14 10:00:00+00:00,0.1841,0.185,0.1841,0.1848,797745.52
2023-10-14 11:00:00+00:00,0.1848,0.1851,0.1846,0.1847,370825.26
2023-10-14 12:00:00+00:00,0.1847,0.1853,0.1846,0.1851,1302480.97
2023-10-14 13:00:00+00:00,0.1851,0.186,0.185,0.186,565827.56
2023-10-14 14:00:00+00:00,0.186,0.1862,0.1853,0.1854,441138.74
2023-10-14 15:00:00+00:00,0.1854,0.1864,0.1853,0.1863,683268.06
2023-10-14 16:00:00+00:00,0.1863,0.1866,0.1858,0.1863,690008.85
2023-10-14 17:00:00+00:00,0.1863,0.1863,0.1859,0.1859,276298.95
2023-10-14 18:00:00+00:00,0.1859,0.186,0.1852,0.1853,361338.13
2023-10-14 19:00:00+00:00,0.1853,0.1854,0.1847,0.1853,646818.87
2023-10-14 20:00:00+00:00,0.1853,0.1853,0.1845,0.1846,638163.84
2023-10-14 21:00:00+00:00,0.1846,0.185,0.1838,0.1839,991159.84
2023-10-14 22:00:00+00:00,0.1839,0.1841,0.1833,0.1838,621990.43
2023-10-14 23:00:00+00:00,0.1838,0.1842,0.1836,0.1837,380599.33
2023-10-15 00:00:00+00:00,0.1837,0.184,0.183,0.1838,704076.33
2023-10-15 01:00:00+00:00,0.1838,0.1862,0.1836,0.1855,1305748.12
2023-10-15 02:00:00+00:00,0.1855,0.1859,0.185,0.1856,705620.41
2023-10-15 03:00:00+00:00,0.1856,0.1858,0.1852,0.1853,635897.54
2023-10-15 04:00:00+00:00,0.1853,0.1856,0.1853,0.1855,352532.92
2023-10-15 05:00:00+00:00,0.1855,0.1855,0.1852,0.1853,285317.72
2023-10-15 06:00:00+00:00,0.1853,0.1855,0.185,0.185,353570.62
2023-10-15 07:00:00+00:00,0.185,0.1851,0.1843,0.1847,401396.85
2023-10-15 08:00:00+00:00,0.1847,0.1847,0.1842,0.1842,502746.93
2023-10-15 09:00:00+00:00,0.1842,0.1844,0.1839,0.184,308764.95
2023-10-15 10:00:00+00:00,0.184,0.1845,0.1836,0.1843,463446.36
2023-10-15 11:00:00+00:00,0.1843,0.1843,0.1837,0.1838,288605.49
2023-10-15 12:00:00+00:00,0.1838,0.1838,0.1834,0.1836,752149.43
2023-10-15 13:00:00+00:00,0.1836,0.1843,0.1829,0.1832,1083321.1
2023-10-15 14:00:00+00:00,0.1832,0.1839,0.1831,0.1835,475253.58
2023-10-15 15:00:00+00:00,0.1835,0.1842,0.1833,0.184,385829.9
2023-10-15 16:00:00+00:00,0.184,0.1843,0.1837,0.1841,363452.66
2023-10-15 17:00:00+00:00,0.1841,0.185,0.1841,0.1849,715731.82
2023-10-15 18:00:00+00:00,0.1849,0.1853,0.1845,0.1851,1324150.14
2023-10-15 19:00:00+00:00,0.1851,0.1852,0.1843,0.1845,472775.03
2023-10-15 20:00:00+00:00,0.1845,0.1853,0.1841,0.1852,1127592.22
2023-10-15 21:00:00+00:00,0.1852,0.1854,0.1846,0.185,682605.23
2023-10-15 22:00:00+00:00,0.185,0.1858,0.1845,0.1847,1562756.04
2023-10-15 23:00:00+00:00,0.1847,0.1848,0.1844,0.1846,377932.59
2023-10-16 00:00:00+00:00,0.1846,0.1852,0.1844,0.1849,446392.37
2023-10-16 01:00:00+00:00,0.1849,0.186,0.1849,0.1854,610258.62
2023-10-16 02:00:00+00:00,0.1854,0.186,0.1851,0.1851,491946.58
2023-10-16 03:00:00+00:00,0.1851,0.1853,0.1845,0.1853,638269.6
2023-10-16 04:00:00+00:00,0.1853,0.1854,0.1848,0.1852,749479.42
2023-10-16 05:00:00+00:00,0.1852,0.1898,0.1852,0.1888,5132970.99
2023-10-16 06:00:00+00:00,0.1888,0.1894,0.1874,0.1876,1614630.35
2023-10-16 07:00:00+00:00,0.1876,0.1877,0.1864,0.1865,896396.14
2023-10-16 08:00:00+00:00,0.1865,0.1884,0.1865,0.188,2042162.05
2023-10-16 09:00:00+00:00,0.188,0.1887,0.187,0.1881,1696034.88
2023-10-16 10:00:00+00:00,0.1881,0.1882,0.1877,0.1878,737456.16
2023-10-16 11:00:00+00:00,0.1878,0.188,0.186,0.1862,2899524.16
2023-10-16 12:00:00+00:00,0.1862,0.187,0.1855,0.187,2298384.52
2023-10-16 13:00:00+00:00,0.187,0.1929,0.1845,0.1864,13213837.91
2023-10-16 14:00:00+00:00,0.1864,0.1878,0.1857,0.1866,1890304.04
2023-10-16 15:00:00+00:00,0.1866,0.1868,0.1846,0.185,1320577.02
2023-10-16 16:00:00+00:00,0.185,0.1854,0.1848,0.1852,654765.69
2023-10-16 17:00:00+00:00,0.1852,0.1859,0.185,0.1854,741915.83
2023-10-16 18:00:00+00:00,0.1854,0.187,0.1854,0.187,1016408.0
2023-10-16 19:00:00+00:00,0.187,0.1879,0.186,0.1864,1422434.63
2023-10-16 20:00:00+00:00,0.1864,0.1869,0.1858,0.1861,596450.89
2023-10-16 21:00:00+00:00,0.1861,0.1865,0.1853,0.1865,787790.84
2023-10-16 22:00:00+00:00,0.1865,0.1869,0.1863,0.1866,529913.26
2023-10-16 23:00:00+00:00,0.1866,0.1868,0.1855,0.1855,383537.8
2023-10-17 00:00:00+00:00,0.1855,0.1859,0.1844,0.1847,1598030.98
2023-10-17 01:00:00+00:00,0.1847,0.1857,0.1845,0.1852,475916.96
2023-10-17 02:00:00+00:00,0.1852,0.1855,0.1846,0.1854,258324.97
2023-10-17 03:00:00+00:00,0.1854,0.1855,0.1847,0.1849,958439.45
2023-10-17 04:00:00+00:00,0.1849,0.1849,0.1841,0.1847,1074814.3
2023-10-17 05:00:00+00:00,0.1847,0.1849,0.1841,0.1842,634921.71
2023-10-17 06:00:00+00:00,0.1842,0.1843,0.1836,0.1841,1169100.36
2023-10-17 07:00:00+00:00,0.1841,0.1854,0.1841,0.185,706340.46
2023-10-17 08:00:00+00:00,0.185,0.1854,0.1835,0.1841,3196720.73
2023-10-17 09:00:00+00:00,0.1841,0.1842,0.1833,0.1836,1008183.8
2023-10-17 10:00:00+00:00,0.1836,0.1839,0.1825,0.1828,2610245.8
2023-10-17 11:00:00+00:00,0.1828,0.1828,0.1816,0.1818,4111229.57
2023-10-17 12:00:00+00:00,0.1818,0.182,0.1801,0.1805,2388315.57
2023-10-17 13:00:00+00:00,0.1805,0.1809,0.1754,0.1781,6168062.72
2023-10-17 14:00:00+00:00,0.1781,0.179,0.1765,0.1779,5230196.76
2023-10-17 15:00:00+00:00,0.1779,0.1783,0.1769,0.1769,4652369.76
2023-10-17 16:00:00+00:00,0.1769,0.1784,0.1766,0.1779,1750791.79
2023-10-17 17:00:00+00:00,0.1779,0.1779,0.1756,0.1765,2795765.39
2023-10-17 18:00:00+00:00,0.1765,0.177,0.1753,0.176,3823959.25
2023-10-17 19:00:00+00:00,0.176,0.1772,0.1758,0.1769,2902976.58
2023-10-17 20:00:00+00:00,0.1769,0.1774,0.1762,0.177,1312793.93
2023-10-17 21:00:00+00:00,0.177,0.1776,0.1768,0.1773,736776.75
2023-10-17 22:00:00+00:00,0.1773,0.1778,0.177,0.1776,639515.36
2023-10-17 23:00:00+00:00,0.1776,0.1777,0.1771,0.1771,598684.31
2023-10-18 00:00:00+00:00,0.1771,0.1771,0.1757,0.1768,2748413.03
2023-10-18 01:00:00+00:00,0.1768,0.1773,0.1763,0.1764,1214970.36
2023-10-18 02:00:00+00:00,0.1764,0.1769,0.1759,0.1767,666037.91
2023-10-18 03:00:00+00:00,0.1767,0.1772,0.1764,0.1771,617898.85
2023-10-18 04:00:00+00:00,0.1771,0.1793,0.1765,0.178,4218576.0
2023-10-18 05:00:00+00:00,0.178,0.1786,0.1775,0.1777,2033057.78
2023-10-18 06:00:00+00:00,0.1777,0.178,0.1771,0.1772,880258.65
2023-10-18 07:00:00+00:00,0.1772,0.1772,0.1761,0.1762,1251677.09
2023-10-18 08:00:00+00:00,0.1762,0.1769,0.1754,0.1768,1791353.72
2023-10-18 09:00:00+00:00,0.1768,0.1775,0.1759,0.176,1342200.97
2023-10-18 10:00:00+00:00,0.176,0.1771,0.176,0.1768,1254038.86
2023-10-18 11:00:00+00:00,0.1768,0.177,0.1762,0.1762,937119.35
2023-10-18 12:00:00+00:00,0.1762,0.1768,0.176,0.1765,719561.11
2023-10-18 13:00:00+00:00,0.1765,0.1765,0.1755,0.176,2522319.71
2023-10-18 14:00:00+00:00,0.176,0.1762,0.1749,0.176,2646771.96
2023-10-18 15:00:00+00:00,0.176,0.1769,0.1758,0.1768,1069410.78
2023-10-18 16:00:00+00:00,0.1768,0.1774,0.1765,0.1771,1394126.49
2023-10-18 17:00:00+00:00,0.1771,0.1778,0.1769,0.177,728048.94
2023-10-18 18:00:00+00:00,0.177,0.1774,0.1767,0.1767,541533.42
2023-10-18 19:00:00+00:00,0.1767,0.1768,0.176,0.1764,739713.27
2023-10-18 20:00:00+00:00,0.1764,0.1766,0.1757,0.1759,623486.22
2023-10-18 21:00:00+00:00,0.1759,0.1762,0.1756,0.1762,703698.23
2023-10-18 22:00:00+00:00,0.1762,0.1764,0.176,0.1763,610187.11
2023-10-18 23:00:00+00:00,0.1763,0.1764,0.1755,0.1756,324610.36
2023-10-19 00:00:00+00:00,0.1756,0.176,0.1746,0.1759,987344.79
2023-10-19 01:00:00+00:00,0.1759,0.1761,0.1709,0.1734,6345114.25
2023-10-19 02:00:00+00:00,0.1734,0.1735,0.1722,0.1728,1321089.06
2023-10-19 03:00:00+00:00,0.1728,0.1739,0.1724,0.1738,884151.9
2023-10-19 04:00:00+00:00,0.1738,0.174,0.1729,0.1739,1560852.82
2023-10-19 05:00:00+00:00,0.1739,0.1746,0.1738,0.174,878458.13
2023-10-19 06:00:00+00:00,0.174,0.1742,0.1737,0.1741,609412.91
2023-10-19 07:00:00+00:00,0.1741,0.1744,0.1735,0.1742,675635.25
2023-10-19 08:00:00+00:00,0.1742,0.1744,0.1732,0.1732,976103.81
2023-10-19 09:00:00+00:00,0.1732,0.1741,0.1728,0.174,896769.28
2023-10-19 10:00:00+00:00,0.174,0.1752,0.1738,0.1751,1049923.76
2023-10-19 11:00:00+00:00,0.1751,0.1754,0.175,0.1754,798427.53
2023-10-19 12:00:00+00:00,0.1754,0.1763,0.1754,0.1762,1776371.06
2023-10-19 13:00:00+00:00,0.1762,0.177,0.176,0.1764,1758376.65
2023-10-19 14:00:00+00:00,0.1764,0.1766,0.1753,0.1766,2557960.94
2023-10-19 15:00:00+00:00,0.1766,0.1774,0.1754,0.1755,2839317.02
2023-10-19 16:00:00+00:00,0.1755,0.1769,0.1753,0.1754,2441783.63
2023-10-19 17:00:00+00:00,0.1754,0.176,0.1747,0.1754,1223165.56
2023-10-19 18:00:00+00:00,0.1754,0.1759,0.1751,0.1753,665776.69
2023-10-19 19:00:00+00:00,0.1753,0.1768,0.1753,0.1767,728456.22
2023-10-19 20:00:00+00:00,0.1767,0.1779,0.1766,0.177,1836266.65
2023-10-19 21:00:00+00:00,0.177,0.177,0.1757,0.1761,1703557.79
2023-10-19 22:00:00+00:00,0.1761,0.1773,0.1761,0.177,473097.73
2023-10-19 23:00:00+00:00,0.177,0.1771,0.1766,0.1769,309266.23
2023-10-20 00:00:00+00:00,0.1769,0.1773,0.1764,0.1767,689544.6
2023-10-20 01:00:00+00:00,0.1767,0.1772,0.1762,0.1771,678928.61
2023-10-20 02:00:00+00:00,0.1771,0.1788,0.1771,0.1781,1902158.01
2023-10-20 03:00:00+00:00,0.1781,0.1797,0.178,0.1788,3002620.69
2023-10-20 04:00:00+00:00,0.1788,0.1794,0.1784,0.179,1699386.53
2023-10-20 05:00:00+00:00,0.179,0.1794,0.1783,0.1794,2251638.15
2023-10-20 06:00:00+00:00,0.1794,0.1798,0.179,0.1795,1902699.81
2023-10-20 07:00:00+00:00,0.1795,0.1798,0.1789,0.1792,1119104.02
2023-10-20 08:00:00+00:00,0.1792,0.183,0.1791,0.182,4656468.69
2023-10-20 09:00:00+00:00,0.182,0.1827,0.1814,0.1823,2312537.61
2023-10-20 10:00:00+00:00,0.1823,0.184,0.1818,0.182,4013689.32
2023-10-20 11:00:00+00:00,0.182,0.1825,0.1812,0.1814,1877527.54
2023-10-20 12:00:00+00:00,0.1814,0.1819,0.1799,0.1806,2970190.51
2023-10-20 13:00:00+00:00,0.1806,0.1815,0.1802,0.1814,1750574.81
2023-10-20 14:00:00+00:00,0.1814,0.1817,0.1799,0.1807,2070858.77
2023-10-20 15:00:00+00:00,0.1807,0.1811,0.1801,0.1808,1139217.17
2023-10-20 16:00:00+00:00,0.1808,0.1809,0.1802,0.1804,481484.42
2023-10-20 17:00:00+00:00,0.1804,0.1814,0.1793,0.1813,1214764.08
2023-10-20 18:00:00+00:00,0.1813,0.1815,0.181,0.1811,511974.83
2023-10-20 19:00:00+00:00,0.1811,0.1812,0.1805,0.1812,714151.58
2023-10-20 20:00:00+00:00,0.1812,0.1817,0.1811,0.1811,804749.1
2023-10-20 21:00:00+00:00,0.1811,0.1825,0.181,0.1823,877123.71
2023-10-20 22:00:00+00:00,0.1823,0.1828,0.182,0.1828,609865.75
2023-10-20 23:00:00+00:00,0.1828,0.1831,0.1822,0.1823,639623.04
2023-10-21 00:00:00+00:00,0.1823,0.1829,0.1822,0.1827,1068088.14
2023-10-21 01:00:00+00:00,0.1827,0.1832,0.1824,0.1831,400664.89
2023-10-21 02:00:00+00:00,0.1831,0.1842,0.1827,0.1829,994499.56
2023-10-21 03:00:00+00:00,0.1829,0.1835,0.1817,0.1832,714254.61
2023-10-21 04:00:00+00:00,0.1832,0.1833,0.1824,0.1826,957606.45
2023-10-21 05:00:00+00:00,0.1826,0.1838,0.1825,0.1838,830699.58
2023-10-21 06:00:00+00:00,0.1838,0.1859,0.1835,0.1857,2501079.86
2023-10-21 07:00:00+00:00,0.1857,0.1874,0.185,0.1873,1926708.57
2023-10-21 08:00:00+00:00,0.1873,0.1884,0.1868,0.1869,2566610.17
2023-10-21 09:00:00+00:00,0.1869,0.1881,0.1867,0.188,1329934.99
2023-10-21 10:00:00+00:00,0.188,0.1886,0.187,0.1871,1368491.29
2023-10-21 11:00:00+00:00,0.1871,0.189,0.1871,0.188,2792472.87
2023-10-21 12:00:00+00:00,0.188,0.1914,0.188,0.191,4716892.07
2023-10-21 13:00:00+00:00,0.191,0.1927,0.1901,0.1918,5582830.78
2023-10-21 14:00:00+00:00,0.1918,0.1955,0.1914,0.1946,10265215.19
2023-10-21 15:00:00+00:00,0.1946,0.1978,0.1938,0.1973,10536973.17
2023-10-21 16:00:00+00:00,0.1973,0.2074,0.1966,0.2029,20048247.09
2023-10-21 17:00:00+00:00,0.2029,0.2062,0.2017,0.2043,9027452.77
2023-10-21 18:00:00+00:00,0.2043,0.2053,0.2018,0.2028,7073598.26
2023-10-21 19:00:00+00:00,0.2028,0.2031,0.2003,0.2022,6200066.13
2023-10-21 20:00:00+00:00,0.2022,0.2027,0.1981,0.1983,9186783.2
2023-10-21 21:00:00+00:00,0.1983,0.1994,0.1977,0.1981,3028175.6
2023-10-21 22:00:00+00:00,0.1981,0.1987,0.1969,0.1985,1708132.86
2023-10-21 23:00:00+00:00,0.1985,0.1994,0.1976,0.1993,3596421.2
2023-10-22 00:00:00+00:00,0.1993,0.2022,0.1978,0.2013,3547000.99
2023-10-22 01:00:00+00:00,0.2013,0.202,0.1994,0.2004,3011365.72
2023-10-22 02:00:00+00:00,0.2004,0.2005,0.198,0.1988,2150834.19
2023-10-22 03:00:00+00:00,0.1988,0.1999,0.1983,0.1988,2288871.68
2023-10-22 04:00:00+00:00,0.1988,0.2004,0.1986,0.2004,1762003.92
2023-10-22 05:00:00+00:00,0.2004,0.2045,0.2001,0.204,3340186.08
2023-10-22 06:00:00+00:00,0.204,0.2041,0.202,0.2031,3843428.1
2023-10-22 07:00:00+00:00,0.2031,0.2031,0.1944,0.1984,10137602.89
2023-10-22 08:00:00+00:00,0.1984,0.1993,0.196,0.1964,4513857.43
2023-10-22 09:00:00+00:00,0.1964,0.1995,0.1963,0.1983,2691658.03
2023-10-22 10:00:00+00:00,0.1983,0.201,0.1983,0.2003,2472296.02
2023-10-22 11:00:00+00:00,0.2003,0.2021,0.1983,0.1991,3071766.9
2023-10-22 12:00:00+00:00,0.1991,0.2022,0.199,0.201,2502715.61
2023-10-22 13:00:00+00:00,0.201,0.2039,0.2008,0.2034,4415668.07
2023-10-22 14:00:00+00:00,0.2034,0.2039,0.2003,0.2012,4863091.64
2023-10-22 15:00:00+00:00,0.2012,0.2014,0.1996,0.1999,2671958.45
2023-10-22 16:00:00+00:00,0.1999,0.2017,0.1997,0.2014,3362244.8
2023-10-22 17:00:00+00:00,0.2014,0.2053,0.2006,0.2042,5659352.82
2023-10-22 18:00:00+00:00,0.2042,0.2052,0.2026,0.2035,3950048.06
2023-10-22 19:00:00+00:00,0.2035,0.2048,0.2034,0.2038,2782108.62
2023-10-22 20:00:00+00:00,0.2038,0.2053,0.2036,0.205,2587593.06
2023-10-22 21:00:00+00:00,0.205,0.206,0.2022,0.2029,2869039.84
2023-10-22 22:00:00+00:00,0.2029,0.2079,0.2025,0.2078,3202546.46
2023-10-22 23:00:00+00:00,0.2078,0.2089,0.207,0.2083,4170581.08
2023-10-23 00:00:00+00:00,0.2083,0.2147,0.2072,0.2127,10845260.99
2023-10-23 01:00:00+00:00,0.2127,0.2159,0.2111,0.2139,11183787.69
2023-10-23 02:00:00+00:00,0.2139,0.2216,0.2139,0.2191,13937377.36
2023-10-23 03:00:00+00:00,0.2191,0.2258,0.2177,0.2253,13198095.73
2023-10-23 04:00:00+00:00,0.2253,0.2295,0.2232,0.2235,19804427.36
2023-10-23 05:00:00+00:00,0.2235,0.2242,0.2211,0.2224,9179167.71
2023-10-23 06:00:00+00:00,0.2224,0.2247,0.2214,0.2214,5845890.35
2023-10-23 07:00:00+00:00,0.2214,0.2244,0.2193,0.2229,8748933.65
2023-10-23 08:00:00+00:00,0.2229,0.2278,0.2215,0.2251,11706453.67
2023-10-23 09:00:00+00:00,0.2251,0.2271,0.2199,0.2217,11545615.07
2023-10-23 10:00:00+00:00,0.2217,0.2251,0.2217,0.2223,5825347.01
2023-10-23 11:00:00+00:00,0.2223,0.2256,0.222,0.2247,5104693.98
2023-10-23 12:00:00+00:00,0.2247,0.2284,0.2237,0.225,7705181.82
2023-10-23 13:00:00+00:00,0.225,0.2278,0.2201,0.2226,12361762.68
2023-10-23 14:00:00+00:00,0.2226,0.2267,0.2225,0.2253,7258353.31
2023-10-23 15:00:00+00:00,0.2253,0.2282,0.225,0.2259,9488358.04
2023-10-23 16:00:00+00:00,0.2259,0.2297,0.2216,0.2258,14196369.27
2023-10-23 17:00:00+00:00,0.2258,0.226,0.2204,0.2232,8590946.75
2023-10-23 18:00:00+00:00,0.2232,0.2245,0.2207,0.2237,4958377.09
2023-10-23 19:00:00+00:00,0.2237,0.2251,0.222,0.2244,3693074.15
2023-10-23 20:00:00+00:00,0.2244,0.2246,0.2215,0.2218,3277793.76
2023-10-23 21:00:00+00:00,0.2218,0.2227,0.2205,0.2227,3624200.23
2023-10-23 22:00:00+00:00,0.2227,0.2337,0.222,0.2313,21584602.29
2023-10-23 23:00:00+00:00,0.2313,0.2333,0.2238,0.2309,15353368.42
2023-10-24 00:00:00+00:00,0.2309,0.2369,0.2286,0.2341,11774074.77
2023-10-24 01:00:00+00:00,0.2341,0.2354,0.2295,0.233,6557286.98
2023-10-24 02:00:00+00:00,0.233,0.2409,0.2324,0.239,11231776.76
2023-10-24 03:00:00+00:00,0.239,0.24,0.2287,0.2292,9595271.66
2023-10-24 04:00:00+00:00,0.2292,0.2322,0.2288,0.2303,6988335.78
2023-10-24 05:00:00+00:00,0.2303,0.2321,0.2263,0.2273,6292535.69
2023-10-24 06:00:00+00:00,0.2273,0.2286,0.2245,0.2275,5659898.25
2023-10-24 07:00:00+00:00,0.2275,0.2275,0.2252,0.2269,4087619.6
2023-10-24 08:00:00+00:00,0.2269,0.232,0.2264,0.2311,5417210.42
2023-10-24 09:00:00+00:00,0.2311,0.2369,0.2305,0.2358,5065104.88
2023-10-24 10:00:00+00:00,0.2358,0.2375,0.2337,0.235,5288098.08
2023-10-24 11:00:00+00:00,0.235,0.2353,0.2325,0.2351,4791166.45
2023-10-24 12:00:00+00:00,0.2351,0.2399,0.2347,0.2368,7097427.22
2023-10-24 13:00:00+00:00,0.2368,0.2369,0.2313,0.234,9064179.56
2023-10-24 14:00:00+00:00,0.234,0.2341,0.2289,0.2325,4786107.47
2023-10-24 15:00:00+00:00,0.2325,0.2339,0.2173,0.2215,25010181.96
2023-10-24 16:00:00+00:00,0.2215,0.226,0.2192,0.2219,12260406.66
2023-10-24 17:00:00+00:00,0.2219,0.2237,0.2208,0.2221,4139608.79
2023-10-24 18:00:00+00:00,0.2221,0.2243,0.2187,0.2242,5292101.54
2023-10-24 19:00:00+00:00,0.2242,0.2264,0.2234,0.2239,7094309.05
2023-10-24 20:00:00+00:00,0.2239,0.2251,0.2202,0.2212,3816126.85
2023-10-24 21:00:00+00:00,0.2212,0.2254,0.2203,0.2249,2622537.19
2023-10-24 22:00:00+00:00,0.2249,0.2267,0.2236,0.226,2449249.95
2023-10-24 23:00:00+00:00,0.226,0.2266,0.2234,0.2249,2618489.18
2023-10-25 00:00:00+00:00,0.2249,0.2285,0.2231,0.2283,3486587.42
2023-10-25 01:00:00+00:00,0.2283,0.2327,0.228,0.2298,5414814.66
2023-10-25 02:00:00+00:00,0.2298,0.2299,0.2255,0.2273,3206198.96
2023-10-25 03:00:00+00:00,0.2273,0.2281,0.2253,0.2255,1850170.12
2023-10-25 04:00:00+00:00,0.2255,0.2281,0.2251,0.2279,2026482.34
2023-10-25 05:00:00+00:00,0.2279,0.2294,0.2255,0.2264,2779860.43
2023-10-25 06:00:00+00:00,0.2264,0.2298,0.2264,0.2292,2647162.16
2023-10-25 07:00:00+00:00,0.2292,0.2296,0.2209,0.2234,6446683.4
2023-10-25 08:00:00+00:00,0.2234,0.2248,0.2211,0.2246,3047403.23
2023-10-25 09:00:00+00:00,0.2246,0.2276,0.2239,0.2255,2383184.83
2023-10-25 10:00:00+00:00,0.2255,0.2274,0.2248,0.2265,2501501.09
2023-10-25 11:00:00+00:00,0.2265,0.227,0.2229,0.2233,3334058.7
2023-10-25 12:00:00+00:00,0.2233,0.228,0.2233,0.2271,5167397.11
2023-10-25 13:00:00+00:00,0.2271,0.2334,0.227,0.2303,10329288.85
2023-10-25 14:00:00+00:00,0.2303,0.2316,0.228,0.2301,5157900.31
2023-10-25 15:00:00+00:00,0.2301,0.2349,0.229,0.2325,9480869.96
2023-10-25 16:00:00+00:00,0.2325,0.2369,0.2269,0.227,15593661.46
2023-10-25 17:00:00+00:00,0.227,0.2298,0.2255,0.2271,8755518.2
2023-10-25 18:00:00+00:00,0.2271,0.229,0.2263,0.2288,4153137.42
2023-10-25 19:00:00+00:00,0.2288,0.2289,0.2272,0.2284,2234196.77
2023-10-25 20:00:00+00:00,0.2284,0.2296,0.226,0.2262,2277299.84
2023-10-25 21:00:00+00:00,0.2262,0.2274,0.2245,0.2263,2062040.48
2023-10-25 22:00:00+00:00,0.2263,0.2277,0.2262,0.2265,1693386.34
2023-10-25 23:00:00+00:00,0.2265,0.2276,0.2241,0.2275,2461576.68
2023-10-26 00:00:00+00:00,0.2275,0.2303,0.2263,0.2296,3499410.98
2023-10-26 01:00:00+00:00,0.2296,0.2302,0.2272,0.2287,2680253.83
2023-10-26 02:00:00+00:00,0.2287,0.2293,0.227,0.2291,1444703.06
2023-10-26 03:00:00+00:00,0.2291,0.2338,0.2291,0.2334,3783607.35
2023-10-26 04:00:00+00:00,0.2334,0.2337,0.2303,0.2311,2712393.51
2023-10-26 05:00:00+00:00,0.2311,0.2327,0.2287,0.2289,2646964.84
2023-10-26 06:00:00+00:00,0.2289,0.2314,0.2268,0.2311,3797415.71
2023-10-26 07:00:00+00:00,0.2311,0.2412,0.2301,0.2404,14557645.02
2023-10-26 08:00:00+00:00,0.2404,0.2428,0.2361,0.2387,11294804.42
2023-10-26 09:00:00+00:00,0.2387,0.2392,0.2334,0.2343,8361442.64
2023-10-26 10:00:00+00:00,0.2343,0.2345,0.23,0.2323,6022937.55
2023-10-26 11:00:00+00:00,0.2323,0.2331,0.2252,0.2281,9605593.34
2023-10-26 12:00:00+00:00,0.2281,0.2313,0.2276,0.2305,5494130.35
2023-10-26 13:00:00+00:00,0.2305,0.2315,0.2256,0.2258,4072658.18
2023-10-26 14:00:00+00:00,0.2258,0.2282,0.2167,0.2227,20382317.13
2023-10-26 15:00:00+00:00,0.2227,0.223,0.2167,0.2201,8951051.69
2023-10-26 16:00:00+00:00,0.2201,0.221,0.2165,0.2167,7005942.0
2023-10-26 17:00:00+00:00,0.2167,0.2207,0.2166,0.2205,4038444.1
2023-10-26 18:00:00+00:00,0.2205,0.2213,0.2195,0.2198,2569937.83
2023-10-26 19:00:00+00:00,0.2198,0.2225,0.2197,0.2217,5337444.13
2023-10-26 20:00:00+00:00,0.2217,0.2228,0.2212,0.2227,2478876.1
2023-10-26 21:00:00+00:00,0.2227,0.2236,0.2216,0.2232,1362308.39
2023-10-26 22:00:00+00:00,0.2232,0.2253,0.2232,0.225,1488135.0
2023-10-26 23:00:00+00:00,0.225,0.2259,0.2236,0.224,3227730.69
2023-10-27 00:00:00+00:00,0.224,0.2244,0.2226,0.2231,2700569.07
2023-10-27 01:00:00+00:00,0.2231,0.2237,0.2186,0.2189,3091420.73
2023-10-27 02:00:00+00:00,0.2189,0.2229,0.218,0.222,2161868.84
2023-10-27 03:00:00+00:00,0.222,0.2227,0.2212,0.2219,987780.47
2023-10-27 04:00:00+00:00,0.2219,0.2224,0.2204,0.2218,2372304.08
2023-10-27 05:00:00+00:00,0.2218,0.2219,0.2184,0.2201,1956010.94
2023-10-27 06:00:00+00:00,0.2201,0.2227,0.2196,0.2226,1729826.78
2023-10-27 07:00:00+00:00,0.2226,0.2229,0.2189,0.2193,2779223.29
2023-10-27 08:00:00+00:00,0.2193,0.223,0.2192,0.2226,1541200.7
2023-10-27 09:00:00+00:00,0.2226,0.2241,0.2223,0.2241,1570267.12
2023-10-27 10:00:00+00:00,0.2241,0.2242,0.2222,0.2226,2613344.05
2023-10-27 11:00:00+00:00,0.2226,0.2232,0.2206,0.2228,1959368.01
2023-10-27 12:00:00+00:00,0.2228,0.2269,0.2223,0.2258,3934121.56
2023-10-27 13:00:00+00:00,0.2258,0.2285,0.2254,0.2278,3623280.39
2023-10-27 14:00:00+00:00,0.2278,0.2285,0.2238,0.2265,5403860.13
2023-10-27 15:00:00+00:00,0.2265,0.2318,0.2259,0.23,5417331.02
2023-10-27 16:00:00+00:00,0.23,0.2346,0.2244,0.2261,14096811.93
2023-10-27 17:00:00+00:00,0.2261,0.2269,0.2217,0.2234,8339654.11
2023-10-27 18:00:00+00:00,0.2234,0.2244,0.2203,0.2226,4708054.33
2023-10-27 19:00:00+00:00,0.2226,0.2247,0.2225,0.2245,1570368.18
2023-10-27 20:00:00+00:00,0.2245,0.227,0.2239,0.2266,2137494.25
2023-10-27 21:00:00+00:00,0.2266,0.2322,0.2256,0.232,5173688.03
2023-10-27 22:00:00+00:00,0.232,0.2328,0.2274,0.2276,5030830.59
2023-10-27 23:00:00+00:00,0.2276,0.2288,0.2273,0.2279,1599993.98
2023-10-28 00:00:00+00:00,0.2279,0.2316,0.2273,0.2302,2186635.97
2023-10-28 01:00:00+00:00,0.2302,0.2308,0.2284,0.2308,1409663.26
2023-10-28 02:00:00+00:00,0.2308,0.2337,0.2301,0.233,2947049.35
2023-10-28 03:00:00+00:00,0.233,0.234,0.2306,0.2331,2420083.9
2023-10-28 04:00:00+00:00,0.2331,0.2344,0.2316,0.2343,3491303.39
2023-10-28 05:00:00+00:00,0.2343,0.2352,0.2324,0.2327,4537793.91
2023-10-28 06:00:00+00:00,0.2327,0.2332,0.2308,0.231,2058853.69
2023-10-28 07:00:00+00:00,0.231,0.2325,0.2309,0.2319,2697783.76
2023-10-28 08:00:00+00:00,0.2319,0.2322,0.2304,0.2311,1972305.94
2023-10-28 09:00:00+00:00,0.2311,0.2321,0.2302,0.231,1496152.05
2023-10-28 10:00:00+00:00,0.231,0.2346,0.23,0.2345,11540756.21
2023-10-28 11:00:00+00:00,0.2345,0.2385,0.233,0.2333,8996514.11
2023-10-28 12:00:00+00:00,0.2333,0.234,0.2291,0.2308,4654674.37
2023-10-28 13:00:00+00:00,0.2308,0.2329,0.2299,0.2327,2261859.03
2023-10-28 14:00:00+00:00,0.2327,0.233,0.2305,0.2314,2645248.8
2023-10-28 15:00:00+00:00,0.2314,0.2336,0.2309,0.2336,2258179.1
2023-10-28 16:00:00+00:00,0.2336,0.2338,0.2314,0.233,1616946.05
2023-10-28 17:00:00+00:00,0.233,0.2345,0.2325,0.233,2410169.65
2023-10-28 18:00:00+00:00,0.233,0.2336,0.2317,0.2334,1552059.79
2023-10-28 19:00:00+00:00,0.2334,0.2336,0.2314,0.2317,2463290.98
2023-10-28 20:00:00+00:00,0.2317,0.2348,0.2317,0.2342,1985033.17
2023-10-28 21:00:00+00:00,0.2342,0.2354,0.2337,0.2354,1596328.3
2023-10-28 22:00:00+00:00,0.2354,0.2354,0.2322,0.2344,1842897.75
2023-10-28 23:00:00+00:00,0.2344,0.2362,0.2328,0.2353,3263746.35
2023-10-29 00:00:00+00:00,0.2353,0.2372,0.2339,0.2347,3145788.09
2023-10-29 01:00:00+00:00,0.2347,0.2351,0.2299,0.2326,3438680.51
2023-10-29 02:00:00+00:00,0.2326,0.236,0.2317,0.2356,2393834.84
2023-10-29 03:00:00+00:00,0.2356,0.2369,0.2332,0.2342,3366713.22
2023-10-29 04:00:00+00:00,0.2342,0.2374,0.2329,0.2365,1489810.18
2023-10-29 05:00:00+00:00,0.2365,0.2368,0.2345,0.2353,2085906.05
2023-10-29 06:00:00+00:00,0.2353,0.2376,0.2347,0.2366,1828507.49
2023-10-29 07:00:00+00:00,0.2366,0.2383,0.2355,0.2371,2540072.06
2023-10-29 08:00:00+00:00,0.2371,0.2397,0.2369,0.2394,3453691.26
2023-10-29 09:00:00+00:00,0.2394,0.2396,0.2374,0.2377,2557360.75
2023-10-29 10:00:00+00:00,0.2377,0.2377,0.2361,0.2363,2143727.17
2023-10-29 11:00:00+00:00,0.2363,0.2383,0.2353,0.2355,4778897.41
2023-10-29 12:00:00+00:00,0.2355,0.2376,0.2352,0.2376,3006016.73
2023-10-29 13:00:00+00:00,0.2376,0.2379,0.2358,0.2374,2257947.13
2023-10-29 14:00:00+00:00,0.2374,0.2401,0.2359,0.2399,4456974.92
2023-10-29 15:00:00+00:00,0.2399,0.241,0.2361,0.2369,6477931.31
2023-10-29 16:00:00+00:00,0.2369,0.2374,0.2355,0.2374,3262405.85
2023-10-29 17:00:00+00:00,0.2374,0.2416,0.2372,0.2398,6988918.56
2023-10-29 18:00:00+00:00,0.2398,0.2457,0.2398,0.2445,12120242.45
2023-10-29 19:00:00+00:00,0.2445,0.2446,0.2398,0.2416,4107164.68
2023-10-29 20:00:00+00:00,0.2416,0.2447,0.2416,0.2443,2682591.41
2023-10-29 21:00:00+00:00,0.2443,0.2483,0.2442,0.2449,6916795.43
2023-10-29 22:00:00+00:00,0.2449,0.2507,0.2449,0.249,7370258.11
2023-10-29 23:00:00+00:00,0.249,0.251,0.2466,0.2484,4284351.25
2023-10-30 00:00:00+00:00,0.2484,0.2512,0.2461,0.2466,7466017.67
2023-10-30 01:00:00+00:00,0.2466,0.2486,0.2437,0.2445,5162505.73
2023-10-30 02:00:00+00:00,0.2445,0.2464,0.2429,0.2448,2794038.25
2023-10-30 03:00:00+00:00,0.2448,0.2452,0.2419,0.2426,2827884.02
2023-10-30 04:00:00+00:00,0.2426,0.2452,0.2423,0.2441,2108800.16
2023-10-30 05:00:00+00:00,0.2441,0.2446,0.2428,0.2429,2647152.31
2023-10-30 06:00:00+00:00,0.2429,0.2446,0.2406,0.2444,3979186.88
2023-10-30 07:00:00+00:00,0.2444,0.2449,0.2418,0.2431,2742169.89
2023-10-30 08:00:00+00:00,0.2431,0.247,0.2421,0.2455,5573664.82
2023-10-30 09:00:00+00:00,0.2455,0.2487,0.2455,0.2456,6607001.75
2023-10-30 10:00:00+00:00,0.2456,0.2475,0.2455,0.2469,2889543.39
2023-10-30 11:00:00+00:00,0.2469,0.2473,0.2448,0.245,2869483.59
2023-10-30 12:00:00+00:00,0.245,0.2463,0.2442,0.2457,5345925.36
2023-10-30 13:00:00+00:00,0.2457,0.2471,0.2441,0.2452,4363699.43
2023-10-30 14:00:00+00:00,0.2452,0.2464,0.2426,0.2432,6003674.31
2023-10-30 15:00:00+00:00,0.2432,0.2446,0.2419,0.2442,3319807.84
2023-10-30 16:00:00+00:00,0.2442,0.2447,0.2421,0.2435,3195464.37
2023-10-30 17:00:00+00:00,0.2435,0.2435,0.237,0.2396,14770633.82
2023-10-30 18:00:00+00:00,0.2396,0.2416,0.2396,0.2409,2557948.7
2023-10-30 19:00:00+00:00,0.2409,0.244,0.2408,0.2436,2081754.6
2023-10-30 20:00:00+00:00,0.2436,0.2438,0.2419,0.243,1664931.73
2023-10-30 21:00:00+00:00,0.243,0.2449,0.2422,0.2446,1495181.72
2023-10-30 22:00:00+00:00,0.2446,0.2447,0.2428,0.2447,1338929.37
2023-10-30 23:00:00+00:00,0.2447,0.2462,0.2432,0.244,4797760.88
2023-10-31 00:00:00+00:00,0.244,0.2477,0.2431,0.2454,5630298.0
2023-10-31 01:00:00+00:00,0.2454,0.2455,0.2432,0.2435,3733230.57
2023-10-31 02:00:00+00:00,0.2435,0.2443,0.2414,0.2429,2040960.07
2023-10-31 03:00:00+00:00,0.2429,0.243,0.2401,0.2402,2281181.74
2023-10-31 04:00:00+00:00,0.2402,0.2423,0.2396,0.241,3332234.28
2023-10-31 05:00:00+00:00,0.241,0.2422,0.2401,0.2414,1414274.96
2023-10-31 06:00:00+00:00,0.2414,0.2428,0.2402,0.2407,2281005.66
2023-10-31 07:00:00+00:00,0.2407,0.2414,0.2375,0.2384,2938043.66
2023-10-31 08:00:00+00:00,0.2384,0.2429,0.235,0.2426,5626659.31
2023-10-31 09:00:00+00:00,0.2426,0.2437,0.2413,0.2433,3028436.45
2023-10-31 10:00:00+00:00,0.2433,0.2445,0.2421,0.2435,2880897.92
2023-10-31 11:00:00+00:00,0.2435,0.2518,0.2433,0.2487,9493232.36
2023-10-31 12:00:00+00:00,0.2487,0.2539,0.2459,0.2487,14380978.97
2023-10-31 13:00:00+00:00,0.2487,0.2494,0.2429,0.2443,8299458.99
2023-10-31 14:00:00+00:00,0.2443,0.248,0.242,0.245,5584624.67
2023-10-31 15:00:00+00:00,0.245,0.2457,0.2328,0.24,20800979.01
2023-10-31 16:00:00+00:00,0.24,0.2455,0.2381,0.2419,6156094.0
2023-10-31 17:00:00+00:00,0.2419,0.2428,0.2402,0.2416,2488550.94
2023-10-31 18:00:00+00:00,0.2416,0.2423,0.2397,0.2419,1935718.09
2023-10-31 19:00:00+00:00,0.2419,0.2433,0.2401,0.2412,3324473.42
2023-10-31 20:00:00+00:00,0.2412,0.2447,0.2407,0.2437,2611874.05
2023-10-31 21:00:00+00:00,0.2437,0.2442,0.2402,0.2416,2266448.08
2023-10-31 22:00:00+00:00,0.2416,0.2421,0.2406,0.241,1250745.97
2023-10-31 23:00:00+00:00,0.241,0.2415,0.2397,0.2409,2055784.05
2023-11-01 00:00:00+00:00,0.2409,0.2461,0.2396,0.2427,3632778.77
2023-11-01 01:00:00+00:00,0.2427,0.2432,0.2403,0.2406,2112154.91
2023-11-01 02:00:00+00:00,0.2406,0.2412,0.2388,0.239,1716538.64
2023-11-01 03:00:00+00:00,0.239,0.2395,0.236,0.238,2947247.56
2023-11-01 04:00:00+00:00,0.238,0.2386,0.2365,0.2373,2085068.64
2023-11-01 05:00:00+00:00,0.2373,0.2373,0.2327,0.2328,5866033.8
2023-11-01 06:00:00+00:00,0.2328,0.2342,0.2311,0.2322,10093380.28
2023-11-01 07:00:00+00:00,0.2322,0.2345,0.2313,0.2327,4228022.67
2023-11-01 08:00:00+00:00,0.2327,0.2344,0.2318,0.2327,3348296.76
2023-11-01 09:00:00+00:00,0.2327,0.2334,0.2312,0.2326,2481398.91
2023-11-01 10:00:00+00:00,0.2326,0.2339,0.2301,0.2324,11888710.46
2023-11-01 11:00:00+00:00,0.2324,0.2387,0.232,0.2373,13002951.03
2023-11-01 12:00:00+00:00,0.2373,0.2387,0.2325,0.2377,7036110.68
2023-11-01 13:00:00+00:00,0.2377,0.2411,0.2326,0.235,8839431.54
2023-11-01 14:00:00+00:00,0.235,0.2397,0.2327,0.234,7534868.08
2023-11-01 15:00:00+00:00,0.234,0.2386,0.2337,0.2359,6737707.29
2023-11-01 16:00:00+00:00,0.2359,0.2389,0.2353,0.2371,4296898.18
2023-11-01 17:00:00+00:00,0.2371,0.2423,0.2367,0.2419,4790983.61
2023-11-01 18:00:00+00:00,0.2419,0.2499,0.2411,0.2484,13356952.77
2023-11-01 19:00:00+00:00,0.2484,0.2569,0.2484,0.2517,19811072.46
2023-11-01 20:00:00+00:00,0.2517,0.2579,0.2516,0.2574,12550245.77
2023-11-01 21:00:00+00:00,0.2574,0.2586,0.2526,0.2555,11616126.41
2023-11-01 22:00:00+00:00,0.2555,0.257,0.253,0.2535,3568876.29
2023-11-01 23:00:00+00:00,0.2535,0.2574,0.2521,0.2573,4771145.57
2023-11-02 00:00:00+00:00,0.2573,0.2595,0.2554,0.2581,5799001.8
2023-11-02 01:00:00+00:00,0.2581,0.2604,0.2578,0.2583,5254533.89
2023-11-02 02:00:00+00:00,0.2583,0.2598,0.2568,0.2592,3897507.84
2023-11-02 03:00:00+00:00,0.2592,0.2612,0.2565,0.2566,5353608.63
2023-11-02 04:00:00+00:00,0.2566,0.2573,0.2535,0.2543,3872641.44
2023-11-02 05:00:00+00:00,0.2543,0.2547,0.2493,0.2493,6356583.81
2023-11-02 06:00:00+00:00,0.2493,0.2518,0.2491,0.2505,3344746.59
2023-11-02 07:00:00+00:00,0.2505,0.2523,0.2501,0.2511,2112822.23
2023-11-02 08:00:00+00:00,0.2511,0.2535,0.2478,0.2533,3227808.88
2023-11-02 09:00:00+00:00,0.2533,0.2547,0.2513,0.2539,3765562.35
2023-11-02 10:00:00+00:00,0.2539,0.255,0.2529,0.2535,2614257.98
2023-11-02 11:00:00+00:00,0.2535,0.2548,0.2528,0.2538,2076448.75
2023-11-02 12:00:00+00:00,0.2538,0.2551,0.2527,0.2534,3164174.1
2023-11-02 13:00:00+00:00,0.2534,0.254,0.2469,0.2484,8691460.18
2023-11-02 14:00:00+00:00,0.2484,0.25,0.2429,0.2452,8371520.35
2023-11-02 15:00:00+00:00,0.2452,0.2453,0.2394,0.2396,8350479.44
2023-11-02 16:00:00+00:00,0.2396,0.2421,0.2345,0.24,11538778.61
2023-11-02 17:00:00+00:00,0.24,0.2442,0.2379,0.244,5252068.75
2023-11-02 18:00:00+00:00,0.244,0.2442,0.2416,0.2423,2375458.54
2023-11-02 19:00:00+00:00,0.2423,0.2451,0.2417,0.2448,2330728.55
2023-11-02 20:00:00+00:00,0.2448,0.2456,0.2412,0.2424,3683294.16
2023-11-02 21:00:00+00:00,0.2424,0.2432,0.2411,0.2432,1739739.05
2023-11-02 22:00:00+00:00,0.2432,0.2433,0.2403,0.2409,2408128.23
2023-11-02 23:00:00+00:00,0.2409,0.2422,0.2401,0.2413,1671561.13
2023-11-03 00:00:00+00:00,0.2413,0.2413,0.2357,0.2371,4122585.48
2023-11-03 01:00:00+00:00,0.2371,0.2375,0.232,0.2347,5338126.92
2023-11-03 02:00:00+00:00,0.2347,0.2369,0.2339,0.2361,3550828.51
2023-11-03 03:00:00+00:00,0.2361,0.2376,0.2353,0.2368,1431067.35
2023-11-03 04:00:00+00:00,0.2368,0.2373,0.2345,0.2368,4894668.55
2023-11-03 05:00:00+00:00,0.2368,0.2419,0.2364,0.2414,4356664.07
2023-11-03 06:00:00+00:00,0.2414,0.2428,0.2405,0.2411,2026228.88
2023-11-03 07:00:00+00:00,0.2411,0.2436,0.2406,0.2426,3584373.07
2023-11-03 08:00:00+00:00,0.2426,0.2443,0.2404,0.2426,3498312.45
2023-11-03 09:00:00+00:00,0.2426,0.2429,0.2374,0.2386,5095545.85
2023-11-03 10:00:00+00:00,0.2386,0.2394,0.2364,0.2392,3837410.38
2023-11-03 11:00:00+00:00,0.2392,0.2393,0.2374,0.238,2625314.97
2023-11-03 12:00:00+00:00,0.238,0.24,0.2362,0.239,4118303.55
2023-11-03 13:00:00+00:00,0.239,0.2409,0.2377,0.2407,2597648.35
2023-11-03 14:00:00+00:00,0.2407,0.2431,0.2397,0.2415,3254424.18
2023-11-03 15:00:00+00:00,0.2415,0.2439,0.2406,0.2435,2619905.4
2023-11-03 16:00:00+00:00,0.2435,0.2441,0.2399,0.2414,2663371.66
2023-11-03 17:00:00+00:00,0.2414,0.2416,0.2372,0.2382,2449097.93
2023-11-03 18:00:00+00:00,0.2382,0.2412,0.2375,0.2398,3294870.25
2023-11-03 19:00:00+00:00,0.2398,0.242,0.2392,0.2417,2856016.9
2023-11-03 20:00:00+00:00,0.2417,0.2451,0.2411,0.243,3356585.27
2023-11-03 21:00:00+00:00,0.243,0.2452,0.2429,0.2442,2336795.5
2023-11-03 22:00:00+00:00,0.2442,0.2463,0.2437,0.246,1619002.32
2023-11-03 23:00:00+00:00,0.246,0.2461,0.2441,0.245,2066851.66
2023-11-04 00:00:00+00:00,0.245,0.2455,0.2429,0.2453,1838296.22
2023-11-04 01:00:00+00:00,0.2453,0.2465,0.2435,0.2464,1403697.51
2023-11-04 02:00:00+00:00,0.2464,0.2478,0.2455,0.2464,2413650.57
2023-11-04 03:00:00+00:00,0.2464,0.2481,0.2459,0.2477,1497192.97
2023-11-04 04:00:00+00:00,0.2477,0.2479,0.2451,0.2453,1566904.6
2023-11-04 05:00:00+00:00,0.2453,0.2476,0.2445,0.2476,1950498.3
2023-11-04 06:00:00+00:00,0.2476,0.2489,0.247,0.248,1899047.62
2023-11-04 07:00:00+00:00,0.248,0.2498,0.2477,0.2479,2864840.15
2023-11-04 08:00:00+00:00,0.2479,0.2521,0.2472,0.2519,3795612.07
2023-11-04 09:00:00+00:00,0.2519,0.2526,0.2497,0.2501,4297049.0
2023-11-04 10:00:00+00:00,0.2501,0.2516,0.2492,0.2494,2719927.72
2023-11-04 11:00:00+00:00,0.2494,0.2508,0.2487,0.2495,2203345.57
2023-11-04 12:00:00+00:00,0.2495,0.25,0.2487,0.2495,1377045.68
2023-11-04 13:00:00+00:00,0.2495,0.2505,0.2473,0.2484,2733987.78
2023-11-04 14:00:00+00:00,0.2484,0.2488,0.2471,0.2475,1595698.85
2023-11-04 15:00:00+00:00,0.2475,0.2486,0.2457,0.2485,2561703.1
2023-11-04 16:00:00+00:00,0.2485,0.2493,0.2476,0.2493,1820450.8
2023-11-04 17:00:00+00:00,0.2493,0.2495,0.2483,0.2486,1627160.68
2023-11-04 18:00:00+00:00,0.2486,0.2489,0.2472,0.2485,1217472.66
2023-11-04 19:00:00+00:00,0.2485,0.2485,0.2471,0.2475,1344680.85
2023-11-04 20:00:00+00:00,0.2475,0.2478,0.2467,0.2474,1673702.34
2023-11-04 21:00:00+00:00,0.2474,0.25,0.2474,0.2494,1746861.35
2023-11-04 22:00:00+00:00,0.2494,0.252,0.2494,0.252,3233777.29
2023-11-04 23:00:00+00:00,0.252,0.2538,0.2513,0.2517,2947468.71
2023-11-05 00:00:00+00:00,0.2517,0.2526,0.25,0.2519,2384188.07
2023-11-05 01:00:00+00:00,0.2519,0.2549,0.2514,0.2541,2750509.52
2023-11-05 02:00:00+00:00,0.2541,0.2542,0.2511,0.2535,2379673.34
2023-11-05 03:00:00+00:00,0.2535,0.2562,0.2528,0.2555,2888694.86
2023-11-05 04:00:00+00:00,0.2555,0.2566,0.2545,0.2552,2567253.45
2023-11-05 05:00:00+00:00,0.2552,0.2568,0.2549,0.2554,2382718.03
2023-11-05 06:00:00+00:00,0.2554,0.2563,0.2539,0.2547,2287094.21
2023-11-05 07:00:00+00:00,0.2547,0.2575,0.2538,0.2571,3966600.7
2023-11-05 08:00:00+00:00,0.2571,0.2636,0.257,0.2614,10766365.9
2023-11-05 09:00:00+00:00,0.2614,0.2761,0.2611,0.273,21908852.46
2023-11-05 10:00:00+00:00,0.273,0.2747,0.2692,0.2716,11261820.84
2023-11-05 11:00:00+00:00,0.2716,0.2725,0.2698,0.2705,5257885.05
2023-11-05 12:00:00+00:00,0.2705,0.2743,0.27,0.2711,7804841.34
2023-11-05 13:00:00+00:00,0.2711,0.2721,0.2621,0.2633,11251726.55
2023-11-05 14:00:00+00:00,0.2633,0.2676,0.2632,0.266,8499700.9
2023-11-05 15:00:00+00:00,0.266,0.2685,0.2628,0.2641,6441707.84
2023-11-05 16:00:00+00:00,0.2641,0.2687,0.2636,0.2681,5867625.56
2023-11-05 17:00:00+00:00,0.2681,0.2707,0.2671,0.2673,5636800.89
2023-11-05 18:00:00+00:00,0.2673,0.2687,0.2665,0.2677,3134229.17
2023-11-05 19:00:00+00:00,0.2677,0.2684,0.2645,0.2648,2993738.0
2023-11-05 20:00:00+00:00,0.2648,0.2659,0.2628,0.2637,2316202.92
2023-11-05 21:00:00+00:00,0.2637,0.264,0.2583,0.2613,5763008.81
2023-11-05 22:00:00+00:00,0.2613,0.2634,0.2604,0.2632,1920802.35
2023-11-05 23:00:00+00:00,0.2632,0.2649,0.2631,0.2635,3237798.05
2023-11-06 00:00:00+00:00,0.2635,0.2673,0.2631,0.2668,3694721.33
2023-11-06 01:00:00+00:00,0.2668,0.2679,0.2639,0.2644,2436560.61
2023-11-06 02:00:00+00:00,0.2644,0.2664,0.264,0.2661,1519500.76
2023-11-06 03:00:00+00:00,0.2661,0.268,0.2645,0.2678,2881951.27
2023-11-06 04:00:00+00:00,0.2678,0.2684,0.2625,0.2637,3749940.43
2023-11-06 05:00:00+00:00,0.2637,0.2651,0.2603,0.2636,2693795.37
2023-11-06 06:00:00+00:00,0.2636,0.2684,0.2625,0.266,2763252.95
2023-11-06 07:00:00+00:00,0.266,0.2678,0.2648,0.2675,3080170.12
2023-11-06 08:00:00+00:00,0.2675,0.2687,0.2648,0.2686,4067567.58
2023-11-06 09:00:00+00:00,0.2686,0.2704,0.2682,0.2698,3637525.57
2023-11-06 10:00:00+00:00,0.2698,0.2727,0.2695,0.2721,4685716.16
2023-11-06 11:00:00+00:00,0.2721,0.2737,0.271,0.2733,4053623.47
2023-11-06 12:00:00+00:00,0.2733,0.2743,0.2701,0.2735,5663645.47
2023-11-06 13:00:00+00:00,0.2735,0.2738,0.2684,0.2708,5275447.67
2023-11-06 14:00:00+00:00,0.2708,0.2719,0.2693,0.2702,4227835.65
2023-11-06 15:00:00+00:00,0.2702,0.2721,0.2687,0.2708,5432334.19
2023-11-06 16:00:00+00:00,0.2708,0.2718,0.2682,0.2692,3610097.92
2023-11-06 17:00:00+00:00,0.2692,0.2704,0.2673,0.2689,2583714.24
2023-11-06 18:00:00+00:00,0.2689,0.2702,0.2668,0.2697,4177558.98
2023-11-06 19:00:00+00:00,0.2697,0.2736,0.269,0.2731,3044739.76
2023-11-06 20:00:00+00:00,0.2731,0.2749,0.2712,0.2737,4785783.32
2023-11-06 21:00:00+00:00,0.2737,0.2742,0.2704,0.2741,3202521.66
2023-11-06 22:00:00+00:00,0.2741,0.2771,0.2735,0.2768,2818870.87
2023-11-06 23:00:00+00:00,0.2768,0.2779,0.2732,0.2742,5278021.71
2023-11-07 00:00:00+00:00,0.2742,0.2745,0.2677,0.2703,6385051.79
2023-11-07 01:00:00+00:00,0.2703,0.2727,0.2698,0.2711,2685127.95
2023-11-07 02:00:00+00:00,0.2711,0.2726,0.2651,0.2656,3515083.38
2023-11-07 03:00:00+00:00,0.2656,0.2694,0.2639,0.2693,3094387.84
2023-11-07 04:00:00+00:00,0.2693,0.2697,0.267,0.2696,1953839.11
2023-11-07 05:00:00+00:00,0.2696,0.2707,0.268,0.2706,2695154.62
2023-11-07 06:00:00+00:00,0.2706,0.272,0.2698,0.2717,1701996.45
2023-11-07 07:00:00+00:00,0.2717,0.2717,0.2684,0.2693,4003215.58
2023-11-07 08:00:00+00:00,0.2693,0.2707,0.2684,0.269,2877601.62
2023-11-07 09:00:00+00:00,0.269,0.269,0.2624,0.2647,11360039.87
2023-11-07 10:00:00+00:00,0.2647,0.2655,0.2629,0.2634,3785673.44
2023-11-07 11:00:00+00:00,0.2634,0.2658,0.2628,0.264,2584523.98
2023-11-07 12:00:00+00:00,0.264,0.2663,0.2622,0.266,3081166.56
2023-11-07 13:00:00+00:00,0.266,0.2663,0.2624,0.2642,3129124.58
2023-11-07 14:00:00+00:00,0.2642,0.2659,0.2629,0.2643,2670442.91
2023-11-07 15:00:00+00:00,0.2643,0.2645,0.2562,0.2599,10337875.18
2023-11-07 16:00:00+00:00,0.2599,0.2611,0.2586,0.2586,2346410.47
2023-11-07 17:00:00+00:00,0.2586,0.2622,0.2549,0.262,6736675.98
2023-11-07 18:00:00+00:00,0.262,0.2678,0.2617,0.2663,7738160.97
2023-11-07 19:00:00+00:00,0.2663,0.2675,0.2645,0.2662,3197702.22
2023-11-07 20:00:00+00:00,0.2662,0.2703,0.2653,0.2687,4807164.68
2023-11-07 21:00:00+00:00,0.2687,0.2694,0.2668,0.2686,3018651.29
2023-11-07 22:00:00+00:00,0.2686,0.2687,0.2649,0.266,2603888.63
2023-11-07 23:00:00+00:00,0.266,0.2677,0.2657,0.267,1264746.9
2023-11-08 00:00:00+00:00,0.267,0.2675,0.2634,0.2657,2356702.52
2023-11-08 01:00:00+00:00,0.2657,0.2691,0.265,0.2675,1536598.91
2023-11-08 02:00:00+00:00,0.2675,0.2682,0.2657,0.2659,1422286.25
2023-11-08 03:00:00+00:00,0.2659,0.2661,0.2638,0.2644,1470788.22
2023-11-08 04:00:00+00:00,0.2644,0.2648,0.2627,0.2645,1831439.31
2023-11-08 05:00:00+00:00,0.2645,0.2647,0.263,0.2635,938909.58
2023-11-08 06:00:00+00:00,0.2635,0.2651,0.2622,0.265,1261655.86
2023-11-08 07:00:00+00:00,0.265,0.2661,0.264,0.2644,2342207.17
2023-11-08 08:00:00+00:00,0.2644,0.2665,0.2636,0.2659,3205097.05
2023-11-08 09:00:00+00:00,0.2659,0.2698,0.2659,0.2687,3918688.92
2023-11-08 10:00:00+00:00,0.2687,0.274,0.2687,0.2726,8807823.12
2023-11-08 11:00:00+00:00,0.2726,0.2749,0.2718,0.2745,5621792.24
2023-11-08 12:00:00+00:00,0.2745,0.2752,0.2711,0.2729,6260684.12
2023-11-08 13:00:00+00:00,0.2729,0.2751,0.2702,0.2751,5388980.78
2023-11-08 14:00:00+00:00,0.2751,0.2768,0.272,0.2723,5647503.5
2023-11-08 15:00:00+00:00,0.2723,0.2727,0.2679,0.2712,8178310.76
2023-11-08 16:00:00+00:00,0.2712,0.276,0.2697,0.276,4826320.24
2023-11-08 17:00:00+00:00,0.276,0.2827,0.2743,0.2756,14523292.15
2023-11-08 18:00:00+00:00,0.2756,0.2768,0.2726,0.2737,8687343.38
2023-11-08 19:00:00+00:00,0.2737,0.2759,0.2733,0.2734,3247716.38
2023-11-08 20:00:00+00:00,0.2734,0.2742,0.2716,0.2735,2451319.47
2023-11-08 21:00:00+00:00,0.2735,0.2744,0.2705,0.272,3687142.77
2023-11-08 22:00:00+00:00,0.272,0.2736,0.2707,0.2729,2258956.52
2023-11-08 23:00:00+00:00,0.2729,0.2731,0.2709,0.271,2930798.72
2023-11-09 00:00:00+00:00,0.271,0.2723,0.2687,0.2723,3780358.52
2023-11-09 01:00:00+00:00,0.2723,0.275,0.271,0.2733,4302138.18
2023-11-09 02:00:00+00:00,0.2733,0.2782,0.2723,0.2771,6221752.01
2023-11-09 03:00:00+00:00,0.2771,0.2772,0.2746,0.2761,2733001.54
2023-11-09 04:00:00+00:00,0.2761,0.2787,0.276,0.2784,3951187.39
2023-11-09 05:00:00+00:00,0.2784,0.2785,0.2757,0.2775,2421443.45
2023-11-09 06:00:00+00:00,0.2775,0.284,0.2773,0.284,7112400.14
2023-11-09 07:00:00+00:00,0.284,0.2856,0.2786,0.2791,7502624.53
2023-11-09 08:00:00+00:00,0.2791,0.2829,0.279,0.282,3743911.81
2023-11-09 09:00:00+00:00,0.282,0.2843,0.2792,0.2839,5960747.87
2023-11-09 10:00:00+00:00,0.2839,0.2848,0.2815,0.2817,5624881.34
2023-11-09 11:00:00+00:00,0.2817,0.2819,0.2778,0.2799,6530333.22
2023-11-09 12:00:00+00:00,0.2799,0.2808,0.2773,0.2786,8387823.52
2023-11-09 13:00:00+00:00,0.2786,0.2798,0.2762,0.2798,4830337.97
2023-11-09 14:00:00+00:00,0.2798,0.2862,0.2788,0.2854,14794610.78
2023-11-09 15:00:00+00:00,0.2854,0.2872,0.2721,0.2727,23296746.74
2023-11-09 16:00:00+00:00,0.2727,0.275,0.2363,0.2555,58817020.63
2023-11-09 17:00:00+00:00,0.2555,0.2581,0.2513,0.257,17367469.96
2023-11-09 18:00:00+00:00,0.257,0.257,0.2503,0.2506,7052175.71
2023-11-09 19:00:00+00:00,0.2506,0.2531,0.2499,0.2529,5717018.47
2023-11-09 20:00:00+00:00,0.2529,0.2529,0.2473,0.2519,7301876.12
2023-11-09 21:00:00+00:00,0.2519,0.2545,0.2511,0.2519,5364739.22
2023-11-09 22:00:00+00:00,0.2519,0.2565,0.2519,0.2562,4246337.47
2023-11-09 23:00:00+00:00,0.2562,0.2601,0.2544,0.2597,5523038.85
2023-11-10 00:00:00+00:00,0.2597,0.2628,0.2585,0.2595,7827665.78
2023-11-10 01:00:00+00:00,0.2595,0.2659,0.2581,0.2656,5445351.01
2023-11-10 02:00:00+00:00,0.2656,0.267,0.2624,0.2667,3824496.54
2023-11-10 03:00:00+00:00,0.2667,0.2757,0.266,0.2754,28942373.23
2023-11-10 04:00:00+00:00,0.2754,0.2792,0.2735,0.2761,13391384.21
2023-11-10 05:00:00+00:00,0.2761,0.2764,0.2723,0.2734,7683391.4
2023-11-10 06:00:00+00:00,0.2734,0.274,0.2702,0.2703,5153572.97
2023-11-10 07:00:00+00:00,0.2703,0.2711,0.2665,0.2677,7996859.73
2023-11-10 08:00:00+00:00,0.2677,0.2681,0.2624,0.2673,7409236.57
2023-11-10 09:00:00+00:00,0.2673,0.2715,0.2667,0.2715,3997076.25
2023-11-10 10:00:00+00:00,0.2715,0.2732,0.27,0.2725,4484202.32
2023-11-10 11:00:00+00:00,0.2725,0.2742,0.271,0.2736,5257534.15
2023-11-10 12:00:00+00:00,0.2736,0.2828,0.2678,0.2814,21038151.37
2023-11-10 13:00:00+00:00,0.2814,0.2815,0.2733,0.274,13654324.06
2023-11-10 14:00:00+00:00,0.274,0.2751,0.2686,0.271,10794089.31
2023-11-10 15:00:00+00:00,0.271,0.2759,0.2708,0.2741,5084374.24
2023-11-10 16:00:00+00:00,0.2741,0.2805,0.2739,0.2793,7513516.08
2023-11-10 17:00:00+00:00,0.2793,0.2807,0.2764,0.2777,4966256.37
2023-11-10 18:00:00+00:00,0.2777,0.2815,0.2774,0.2809,6182097.34
2023-11-10 19:00:00+00:00,0.2809,0.2853,0.2807,0.2809,14692860.63
2023-11-10 20:00:00+00:00,0.2809,0.2903,0.2798,0.2891,9734236.29
2023-11-10 21:00:00+00:00,0.2891,0.2983,0.2875,0.2926,19645123.74
2023-11-10 22:00:00+00:00,0.2926,0.2943,0.2898,0.2921,6492148.52
2023-11-10 23:00:00+00:00,0.2921,0.2947,0.2904,0.2933,3937633.74
2023-11-11 00:00:00+00:00,0.2933,0.3015,0.293,0.2992,16985148.91
2023-11-11 01:00:00+00:00,0.2992,0.3026,0.2914,0.2944,11780997.68
2023-11-11 02:00:00+00:00,0.2944,0.303,0.2922,0.3015,12011704.92
2023-11-11 03:00:00+00:00,0.3015,0.3038,0.297,0.2977,9487714.7
2023-11-11 04:00:00+00:00,0.2977,0.3029,0.2938,0.2993,12015227.8
2023-11-11 05:00:00+00:00,0.2993,0.2994,0.2946,0.2949,5524182.42
2023-11-11 06:00:00+00:00,0.2949,0.2956,0.2923,0.2944,5659934.99
2023-11-11 07:00:00+00:00,0.2944,0.2969,0.2924,0.2937,5212082.36
2023-11-11 08:00:00+00:00,0.2937,0.2948,0.2901,0.294,6505004.11
2023-11-11 09:00:00+00:00,0.294,0.2988,0.2939,0.2964,5055558.43
2023-11-11 10:00:00+00:00,0.2964,0.2986,0.2952,0.2981,2657788.74
2023-11-11 11:00:00+00:00,0.2981,0.2988,0.2943,0.2943,4230679.0
2023-11-11 12:00:00+00:00,0.2943,0.2999,0.2926,0.2997,6120477.58
2023-11-11 13:00:00+00:00,0.2997,0.3072,0.2991,0.3069,10290349.98
2023-11-11 14:00:00+00:00,0.3069,0.3123,0.306,0.3104,17765185.88
2023-11-11 15:00:00+00:00,0.3104,0.3136,0.3085,0.311,15509673.06
2023-11-11 16:00:00+00:00,0.311,0.3193,0.3109,0.3175,12660709.13
2023-11-11 17:00:00+00:00,0.3175,0.3188,0.3081,0.314,20116288.12
2023-11-11 18:00:00+00:00,0.314,0.3145,0.3116,0.3128,4458816.45
2023-11-11 19:00:00+00:00,0.3128,0.3189,0.3123,0.3182,5374778.68
2023-11-11 20:00:00+00:00,0.3182,0.3192,0.3093,0.3101,10596793.16
2023-11-11 21:00:00+00:00,0.3101,0.3154,0.3064,0.3094,10295994.45
2023-11-11 22:00:00+00:00,0.3094,0.3143,0.3049,0.3126,7822532.36
2023-11-11 23:00:00+00:00,0.3126,0.3128,0.307,0.311,5337181.57
2023-11-12 00:00:00+00:00,0.311,0.3139,0.2956,0.3015,15284128.77
2023-11-12 01:00:00+00:00,0.3015,0.3088,0.3001,0.3072,5104341.34
2023-11-12 02:00:00+00:00,0.3072,0.3089,0.3038,0.3053,3531696.52
2023-11-12 03:00:00+00:00,0.3053,0.307,0.3039,0.3068,2321742.4
2023-11-12 04:00:00+00:00,0.3068,0.3086,0.3011,0.303,2723528.81
2023-11-12 05:00:00+00:00,0.303,0.3105,0.3011,0.3105,2705869.99
2023-11-12 06:00:00+00:00,0.3105,0.3177,0.3085,0.3176,7744886.35
2023-11-12 07:00:00+00:00,0.3176,0.3296,0.317,0.3265,25654769.95
2023-11-12 08:00:00+00:00,0.3265,0.3409,0.324,0.3317,30560158.71
2023-11-12 09:00:00+00:00,0.3317,0.3351,0.325,0.326,17475498.43
2023-11-12 10:00:00+00:00,0.326,0.3301,0.3252,0.328,11448872.5
2023-11-12 11:00:00+00:00,0.328,0.3322,0.3277,0.3309,7465025.12
2023-11-12 12:00:00+00:00,0.3309,0.3348,0.3269,0.333,10931518.19
2023-11-12 13:00:00+00:00,0.333,0.336,0.3275,0.3288,10452107.98
2023-11-12 14:00:00+00:00,0.3288,0.335,0.3261,0.3287,9207242.62
2023-11-12 15:00:00+00:00,0.3287,0.3321,0.3272,0.3304,7602775.61
2023-11-12 16:00:00+00:00,0.3304,0.3317,0.3251,0.3283,5949217.49
2023-11-12 17:00:00+00:00,0.3283,0.3306,0.3254,0.3265,8115793.15
2023-11-12 18:00:00+00:00,0.3265,0.3345,0.3231,0.331,8286795.29
2023-11-12 19:00:00+00:00,0.331,0.3328,0.3279,0.3289,4906293.72
2023-11-12 20:00:00+00:00,0.3289,0.3391,0.3265,0.3376,8906816.09
2023-11-12 21:00:00+00:00,0.3376,0.3443,0.3374,0.3418,11071387.37
2023-11-12 22:00:00+00:00,0.3418,0.3449,0.339,0.3407,5613527.47
2023-11-12 23:00:00+00:00,0.3407,0.3426,0.3298,0.3314,9452364.37
2023-11-13 00:00:00+00:00,0.3314,0.3327,0.3268,0.332,5990459.11
2023-11-13 01:00:00+00:00,0.332,0.3376,0.3296,0.3299,5699505.27
2023-11-13 02:00:00+00:00,0.3299,0.3315,0.327,0.3274,3909516.32
2023-11-13 03:00:00+00:00,0.3274,0.3279,0.3192,0.3206,10694498.48
2023-11-13 04:00:00+00:00,0.3206,0.3237,0.3186,0.3202,3621082.67
2023-11-13 05:00:00+00:00,0.3202,0.3216,0.3173,0.3208,7533606.47
2023-11-13 06:00:00+00:00,0.3208,0.322,0.317,0.322,4345089.57
2023-11-13 07:00:00+00:00,0.322,0.3238,0.3205,0.321,3454628.38
2023-11-13 08:00:00+00:00,0.321,0.3254,0.3204,0.3248,3255622.47
2023-11-13 09:00:00+00:00,0.3248,0.3266,0.3219,0.3229,4156409.93
2023-11-13 10:00:00+00:00,0.3229,0.3235,0.3191,0.3209,4491049.81
2023-11-13 11:00:00+00:00,0.3209,0.3216,0.3123,0.3153,11733761.65
2023-11-13 12:00:00+00:00,0.3153,0.3176,0.3116,0.3173,7334930.2
2023-11-13 13:00:00+00:00,0.3173,0.3174,0.3121,0.3159,6716016.52
2023-11-13 14:00:00+00:00,0.3159,0.3182,0.3047,0.3141,15130499.83
2023-11-13 15:00:00+00:00,0.3141,0.3173,0.3104,0.3129,7996426.17
2023-11-13 16:00:00+00:00,0.3129,0.3152,0.31,0.3121,7061210.4
2023-11-13 17:00:00+00:00,0.3121,0.3122,0.305,0.3089,6550509.11
2023-11-13 18:00:00+00:00,0.3089,0.313,0.3071,0.3115,3798047.94
2023-11-13 19:00:00+00:00,0.3115,0.3162,0.3113,0.316,3518995.48
2023-11-13 20:00:00+00:00,0.316,0.3166,0.3101,0.3114,6095714.77
2023-11-13 21:00:00+00:00,0.3114,0.3116,0.3008,0.3064,15773920.04
2023-11-13 22:00:00+00:00,0.3064,0.3093,0.3037,0.3042,3534820.24
2023-11-13 23:00:00+00:00,0.3042,0.3079,0.3042,0.3044,3297925.76
2023-11-14 00:00:00+00:00,0.3044,0.3046,0.2974,0.2985,14715812.63
2023-11-14 01:00:00+00:00,0.2985,0.3039,0.2985,0.3012,3037698.09
2023-11-14 02:00:00+00:00,0.3012,0.3044,0.3004,0.3041,2632760.05
2023-11-14 03:00:00+00:00,0.3041,0.3099,0.304,0.3074,3387848.67
2023-11-14 04:00:00+00:00,0.3074,0.3119,0.306,0.3117,3407468.79
2023-11-14 05:00:00+00:00,0.3117,0.3153,0.3116,0.3151,3238629.38
2023-11-14 06:00:00+00:00,0.3151,0.3156,0.3121,0.3136,3604392.14
2023-11-14 07:00:00+00:00,0.3136,0.3153,0.3124,0.314,1999634.09
2023-11-14 08:00:00+00:00,0.314,0.3163,0.3136,0.3159,2816080.16
2023-11-14 09:00:00+00:00,0.3159,0.3175,0.3092,0.3095,4850713.46
2023-11-14 10:00:00+00:00,0.3095,0.3113,0.3063,0.3081,4825885.42
2023-11-14 11:00:00+00:00,0.3081,0.3083,0.2981,0.3018,7222765.19
2023-11-14 12:00:00+00:00,0.3018,0.305,0.3003,0.3041,5072857.53
2023-11-14 13:00:00+00:00,0.3041,0.3174,0.3037,0.3117,16427533.42
2023-11-14 14:00:00+00:00,0.3117,0.3205,0.3095,0.3172,11646084.64
2023-11-14 15:00:00+00:00,0.3172,0.3183,0.3076,0.3141,14197673.4
2023-11-14 16:00:00+00:00,0.3141,0.3182,0.3134,0.3142,5556263.74
2023-11-14 17:00:00+00:00,0.3142,0.3148,0.3045,0.3058,11474230.59
2023-11-14 18:00:00+00:00,0.3058,0.3077,0.2878,0.2926,28425720.15
2023-11-14 19:00:00+00:00,0.2926,0.2991,0.2915,0.2964,9957454.64
2023-11-14 20:00:00+00:00,0.2964,0.3051,0.2957,0.2987,5826267.27
2023-11-14 21:00:00+00:00,0.2987,0.3039,0.298,0.3029,4774108.17
2023-11-14 22:00:00+00:00,0.3029,0.3048,0.3009,0.3047,2720433.86
2023-11-14 23:00:00+00:00,0.3047,0.3082,0.3045,0.3058,3529545.47
2023-11-15 00:00:00+00:00,0.3058,0.311,0.3053,0.3073,5010638.86
2023-11-15 01:00:00+00:00,0.3073,0.3108,0.3065,0.3089,3003584.53
2023-11-15 02:00:00+00:00,0.3089,0.314,0.3089,0.3118,5458251.89
2023-11-15 03:00:00+00:00,0.3118,0.3123,0.309,0.3096,2038756.82
2023-11-15 04:00:00+00:00,0.3096,0.3141,0.3094,0.3141,2998922.36
2023-11-15 05:00:00+00:00,0.3141,0.3178,0.3127,0.317,3550059.13
2023-11-15 06:00:00+00:00,0.317,0.3197,0.3155,0.3188,3788440.82
2023-11-15 07:00:00+00:00,0.3188,0.3256,0.3173,0.3236,8338887.99
2023-11-15 08:00:00+00:00,0.3236,0.3265,0.3227,0.3256,6489617.43
2023-11-15 09:00:00+00:00,0.3256,0.3275,0.3214,0.3226,6999199.7
2023-11-15 10:00:00+00:00,0.3226,0.3261,0.3222,0.3252,3610510.02
2023-11-15 11:00:00+00:00,0.3252,0.3313,0.3247,0.3295,9602288.02
2023-11-15 12:00:00+00:00,0.3295,0.3342,0.3284,0.3303,8574894.75
2023-11-15 13:00:00+00:00,0.3303,0.3304,0.3245,0.3262,8688478.45
2023-11-15 14:00:00+00:00,0.3262,0.3274,0.3223,0.3226,7341387.69
2023-11-15 15:00:00+00:00,0.3226,0.3283,0.3225,0.3282,4827936.55
2023-11-15 16:00:00+00:00,0.3282,0.3309,0.3254,0.3272,5293576.93
2023-11-15 17:00:00+00:00,0.3272,0.3274,0.3225,0.324,3344395.47
2023-11-15 18:00:00+00:00,0.324,0.3306,0.322,0.3288,9275652.46
2023-11-15 19:00:00+00:00,0.3288,0.3304,0.3251,0.3286,6921687.97
2023-11-15 20:00:00+00:00,0.3286,0.3298,0.327,0.3287,4227067.07
2023-11-15 21:00:00+00:00,0.3287,0.3288,0.3244,0.3259,5216296.84
2023-11-15 22:00:00+00:00,0.3259,0.3323,0.3249,0.33,5292138.95
2023-11-15 23:00:00+00:00,0.33,0.3316,0.3272,0.3284,3357443.76
2023-11-16 00:00:00+00:00,0.3284,0.3364,0.3273,0.3356,7076459.31
2023-11-16 01:00:00+00:00,0.3356,0.3367,0.3278,0.328,4275187.62
2023-11-16 02:00:00+00:00,0.328,0.3366,0.3263,0.3354,8907103.14
2023-11-16 03:00:00+00:00,0.3354,0.3398,0.3328,0.3397,5065418.62
2023-11-16 04:00:00+00:00,0.3397,0.3496,0.3364,0.3482,15693585.69
2023-11-16 05:00:00+00:00,0.3482,0.3584,0.3458,0.3568,19337023.84
2023-11-16 06:00:00+00:00,0.3568,0.3771,0.355,0.3737,31192089.89
2023-11-16 07:00:00+00:00,0.3737,0.3773,0.3662,0.3696,25323640.29
2023-11-16 08:00:00+00:00,0.3696,0.3726,0.3616,0.3639,16037378.48
2023-11-16 09:00:00+00:00,0.3639,0.3676,0.3604,0.3662,12003717.09
2023-11-16 10:00:00+00:00,0.3662,0.3757,0.3661,0.3723,12747859.11
2023-11-16 11:00:00+00:00,0.3723,0.379,0.3682,0.3704,14198123.06
2023-11-16 12:00:00+00:00,0.3704,0.3746,0.3653,0.3738,17879034.16
2023-11-16 13:00:00+00:00,0.3738,0.3781,0.3623,0.3734,29294115.03
2023-11-16 14:00:00+00:00,0.3734,0.3758,0.3575,0.3693,20272304.91
2023-11-16 15:00:00+00:00,0.3693,0.3732,0.3572,0.3621,19390777.77
2023-11-16 16:00:00+00:00,0.3621,0.3644,0.3533,0.3631,12042146.63
2023-11-16 17:00:00+00:00,0.3631,0.365,0.357,0.357,6943376.28
2023-11-16 18:00:00+00:00,0.357,0.3579,0.352,0.3529,9440202.12
2023-11-16 19:00:00+00:00,0.3529,0.3593,0.3422,0.3591,22234213.69
2023-11-16 20:00:00+00:00,0.3591,0.3615,0.3502,0.3508,11259772.74
2023-11-16 21:00:00+00:00,0.3508,0.3532,0.3459,0.3479,8435790.87
2023-11-16 22:00:00+00:00,0.3479,0.3555,0.3463,0.3472,4673984.32
2023-11-16 23:00:00+00:00,0.3472,0.3507,0.3427,0.3498,8956331.49
2023-11-17 00:00:00+00:00,0.3498,0.3562,0.3466,0.3533,7265579.45
2023-11-17 01:00:00+00:00,0.3533,0.3617,0.3516,0.361,8004601.36
2023-11-17 02:00:00+00:00,0.361,0.364,0.3541,0.3556,6674542.51
2023-11-17 03:00:00+00:00,0.3556,0.357,0.3496,0.3513,5820926.42
2023-11-17 04:00:00+00:00,0.3513,0.3528,0.3483,0.3495,5281057.53
2023-11-17 05:00:00+00:00,0.3495,0.3518,0.348,0.3515,3943777.13
2023-11-17 06:00:00+00:00,0.3515,0.3521,0.347,0.348,4534114.05
2023-11-17 07:00:00+00:00,0.348,0.3483,0.3443,0.3456,7213352.89
2023-11-17 08:00:00+00:00,0.3456,0.3504,0.3429,0.3498,7207855.83
2023-11-17 09:00:00+00:00,0.3498,0.3511,0.3461,0.3474,5193172.81
2023-11-17 10:00:00+00:00,0.3474,0.3477,0.3386,0.3435,12821491.92
2023-11-17 11:00:00+00:00,0.3435,0.3453,0.3421,0.3444,5505612.94
2023-11-17 12:00:00+00:00,0.3444,0.3466,0.3368,0.3465,10338452.25
2023-11-17 13:00:00+00:00,0.3465,0.3495,0.3426,0.343,7373309.25
2023-11-17 14:00:00+00:00,0.343,0.346,0.3343,0.3374,13228528.16
2023-11-17 15:00:00+00:00,0.3374,0.3385,0.3241,0.3259,22396126.57
2023-11-17 16:00:00+00:00,0.3259,0.3324,0.324,0.3292,9074563.76
2023-11-17 17:00:00+00:00,0.3292,0.3395,0.3286,0.3393,11601797.48
2023-11-17 18:00:00+00:00,0.3393,0.3416,0.3371,0.3412,3878674.7
2023-11-17 19:00:00+00:00,0.3412,0.3419,0.3369,0.338,2887206.2
2023-11-17 20:00:00+00:00,0.338,0.3428,0.3358,0.3365,4630269.82
2023-11-17 21:00:00+00:00,0.3365,0.3383,0.3348,0.338,5166459.92
2023-11-17 22:00:00+00:00,0.338,0.3427,0.3354,0.3409,6535988.98
2023-11-17 23:00:00+00:00,0.3409,0.3454,0.3403,0.342,5992170.26
2023-11-18 00:00:00+00:00,0.342,0.3421,0.3333,0.3336,5792241.01
2023-11-18 01:00:00+00:00,0.3336,0.3346,0.3277,0.3281,4292560.46
2023-11-18 02:00:00+00:00,0.3281,0.3296,0.3257,0.327,3621445.76
2023-11-18 03:00:00+00:00,0.327,0.3279,0.3245,0.325,3450589.79
2023-11-18 04:00:00+00:00,0.325,0.3269,0.3232,0.3235,3171054.45
2023-11-18 05:00:00+00:00,0.3235,0.3237,0.3161,0.3165,7381434.59
2023-11-18 06:00:00+00:00,0.3165,0.3186,0.3131,0.3135,6518517.34
2023-11-18 07:00:00+00:00,0.3135,0.319,0.31,0.3189,7908572.94
2023-11-18 08:00:00+00:00,0.3189,0.3214,0.3174,0.3193,6307719.43
2023-11-18 09:00:00+00:00,0.3193,0.3198,0.3177,0.3184,2510893.22
2023-11-18 10:00:00+00:00,0.3184,0.3221,0.3177,0.3217,2231893.18
2023-11-18 11:00:00+00:00,0.3217,0.3217,0.3181,0.3184,2790211.91
2023-11-18 12:00:00+00:00,0.3184,0.3208,0.3172,0.3194,3301952.79
2023-11-18 13:00:00+00:00,0.3194,0.3208,0.3143,0.3175,5000609.98
2023-11-18 14:00:00+00:00,0.3175,0.3235,0.3173,0.3199,5666092.7
2023-11-18 15:00:00+00:00,0.3199,0.3282,0.3196,0.3281,7169776.67
2023-11-18 16:00:00+00:00,0.3281,0.3327,0.3268,0.3272,7849739.46
2023-11-18 17:00:00+00:00,0.3272,0.3284,0.3249,0.3264,4125652.01
2023-11-18 18:00:00+00:00,0.3264,0.3297,0.325,0.3293,2976328.26
2023-11-18 19:00:00+00:00,0.3293,0.3305,0.3272,0.3278,3493252.32
2023-11-18 20:00:00+00:00,0.3278,0.3292,0.3255,0.3258,2003565.21
2023-11-18 21:00:00+00:00,0.3258,0.327,0.3248,0.3249,1375000.59
2023-11-18 22:00:00+00:00,0.3249,0.3285,0.3222,0.3253,3032631.61
2023-11-18 23:00:00+00:00,0.3253,0.3268,0.325,0.3261,2385038.17
2023-11-19 00:00:00+00:00,0.3261,0.3263,0.3215,0.3218,3985180.96
2023-11-19 01:00:00+00:00,0.3218,0.3233,0.3175,0.322,4212949.83
2023-11-19 02:00:00+00:00,0.322,0.3235,0.3187,0.3229,2579146.02
2023-11-19 03:00:00+00:00,0.3229,0.3267,0.3201,0.3259,2393699.34
2023-11-19 04:00:00+00:00,0.3259,0.326,0.3228,0.3242,1716993.24
2023-11-19 05:00:00+00:00,0.3242,0.3244,0.3211,0.3214,2381688.04
2023-11-19 06:00:00+00:00,0.3214,0.3303,0.3209,0.3289,5850263.07
2023-11-19 07:00:00+00:00,0.3289,0.329,0.3256,0.326,3866449.44
2023-11-19 08:00:00+00:00,0.326,0.3282,0.3224,0.3225,4463335.63
2023-11-19 09:00:00+00:00,0.3225,0.3248,0.3211,0.324,4264360.74
2023-11-19 10:00:00+00:00,0.324,0.324,0.3188,0.3189,2791582.37
2023-11-19 11:00:00+00:00,0.3189,0.3191,0.3152,0.3179,5264629.61
2023-11-19 12:00:00+00:00,0.3179,0.3183,0.315,0.3172,2834462.32
2023-11-19 13:00:00+00:00,0.3172,0.3204,0.317,0.32,3935450.45
2023-11-19 14:00:00+00:00,0.32,0.3213,0.3165,0.3212,3029678.15
2023-11-19 15:00:00+00:00,0.3212,0.3236,0.3194,0.3226,2517546.66
2023-11-19 16:00:00+00:00,0.3226,0.3249,0.3208,0.3217,2373982.83
2023-11-19 17:00:00+00:00,0.3217,0.3242,0.3214,0.3225,2375563.94
2023-11-19 18:00:00+00:00,0.3225,0.3293,0.3225,0.3278,7374836.88
2023-11-19 19:00:00+00:00,0.3278,0.335,0.3266,0.3339,4866933.62
2023-11-19 20:00:00+00:00,0.3339,0.3358,0.3303,0.3325,5583960.97
2023-11-19 21:00:00+00:00,0.3325,0.333,0.3304,0.3321,2211366.73
2023-11-19 22:00:00+00:00,0.3321,0.3326,0.329,0.3304,1868117.54
2023-11-19 23:00:00+00:00,0.3304,0.3374,0.3304,0.3343,6974755.27
2023-11-20 00:00:00+00:00,0.3343,0.3349,0.3309,0.3345,3175359.63
2023-11-20 01:00:00+00:00,0.3345,0.3388,0.3329,0.3337,4798306.08
2023-11-20 02:00:00+00:00,0.3337,0.3344,0.3309,0.3343,1997924.74
2023-11-20 03:00:00+00:00,0.3343,0.3344,0.3303,0.3318,2290106.32
2023-11-20 04:00:00+00:00,0.3318,0.3353,0.3306,0.3349,4056928.09
2023-11-20 05:00:00+00:00,0.3349,0.3351,0.3293,0.3317,2839273.79
2023-11-20 06:00:00+00:00,0.3317,0.3343,0.33,0.3343,2113067.85
2023-11-20 07:00:00+00:00,0.3343,0.3405,0.3316,0.3401,3842057.64
2023-11-20 08:00:00+00:00,0.3401,0.3482,0.336,0.341,19049769.68
2023-11-20 09:00:00+00:00,0.341,0.344,0.3398,0.3415,7031079.59
2023-11-20 10:00:00+00:00,0.3415,0.3415,0.3365,0.3386,5092484.42
2023-11-20 11:00:00+00:00,0.3386,0.34,0.3324,0.3355,6211808.72
2023-11-20 12:00:00+00:00,0.3355,0.3356,0.3323,0.3335,3913764.65
2023-11-20 13:00:00+00:00,0.3335,0.3347,0.3306,0.3309,5015418.33
2023-11-20 14:00:00+00:00,0.3309,0.3338,0.3261,0.3337,7736754.74
2023-11-20 15:00:00+00:00,0.3337,0.3345,0.3303,0.3322,3278001.91
2023-11-20 16:00:00+00:00,0.3322,0.3336,0.3235,0.3248,5297241.52
2023-11-20 17:00:00+00:00,0.3248,0.3318,0.3229,0.3289,9042231.88
2023-11-20 18:00:00+00:00,0.3289,0.3296,0.3207,0.3224,5960972.24
2023-11-20 19:00:00+00:00,0.3224,0.3233,0.3197,0.3206,4901323.45
2023-11-20 20:00:00+00:00,0.3206,0.3214,0.3179,0.3191,4285245.86
2023-11-20 21:00:00+00:00,0.3191,0.3192,0.3121,0.3136,7300209.83
2023-11-20 22:00:00+00:00,0.3136,0.3164,0.3118,0.313,3197734.72
2023-11-20 23:00:00+00:00,0.313,0.3146,0.3107,0.3113,4921321.38
2023-11-21 00:00:00+00:00,0.3113,0.3142,0.3102,0.3136,4619094.48
2023-11-21 01:00:00+00:00,0.3136,0.3172,0.3121,0.3157,2595443.16
2023-11-21 02:00:00+00:00,0.3157,0.3159,0.307,0.3073,6591378.33
2023-11-21 03:00:00+00:00,0.3073,0.3106,0.3069,0.3104,3688402.07
2023-11-21 04:00:00+00:00,0.3104,0.3104,0.3074,0.3086,2397593.8
2023-11-21 05:00:00+00:00,0.3086,0.3104,0.3075,0.3098,2150098.77
2023-11-21 06:00:00+00:00,0.3098,0.3125,0.3097,0.3113,2558123.76
2023-11-21 07:00:00+00:00,0.3113,0.3114,0.3055,0.3064,6932827.6
2023-11-21 08:00:00+00:00,0.3064,0.31,0.3061,0.3099,4327103.94
2023-11-21 09:00:00+00:00,0.3099,0.3116,0.3086,0.3086,3803610.09
2023-11-21 10:00:00+00:00,0.3086,0.3115,0.3083,0.3106,2415176.61
2023-11-21 11:00:00+00:00,0.3106,0.3112,0.3068,0.3075,3044714.93
2023-11-21 12:00:00+00:00,0.3075,0.3098,0.3069,0.3085,3105233.42
2023-11-21 13:00:00+00:00,0.3085,0.3086,0.3053,0.3053,3519447.61
2023-11-21 14:00:00+00:00,0.3053,0.3068,0.301,0.3068,11912620.96
2023-11-21 15:00:00+00:00,0.3068,0.3075,0.294,0.3045,25706133.91
2023-11-21 16:00:00+00:00,0.3045,0.307,0.3007,0.3032,8042096.24
2023-11-21 17:00:00+00:00,0.3032,0.3071,0.2901,0.2954,23993760.77
2023-11-21 18:00:00+00:00,0.2954,0.2954,0.286,0.2921,24524595.32
2023-11-21 19:00:00+00:00,0.2921,0.2965,0.2915,0.2934,6122337.59
2023-11-21 20:00:00+00:00,0.2934,0.2972,0.2907,0.2935,8735260.76
2023-11-21 21:00:00+00:00,0.2935,0.2966,0.2918,0.2924,4747055.05
2023-11-21 22:00:00+00:00,0.2924,0.2926,0.2782,0.2817,14841320.77
2023-11-21 23:00:00+00:00,0.2817,0.2864,0.2799,0.2823,9166552.42
2023-11-22 00:00:00+00:00,0.2823,0.2885,0.2808,0.288,11450777.47
2023-11-22 01:00:00+00:00,0.288,0.2893,0.2873,0.2873,2403739.24
2023-11-22 02:00:00+00:00,0.2873,0.2891,0.2858,0.289,4068307.54
2023-11-22 03:00:00+00:00,0.289,0.2907,0.2874,0.2904,2977187.01
2023-11-22 04:00:00+00:00,0.2904,0.2913,0.2886,0.291,2664506.03
2023-11-22 05:00:00+00:00,0.291,0.292,0.2903,0.2906,2843152.18
2023-11-22 06:00:00+00:00,0.2906,0.2942,0.2906,0.2926,4234202.61
2023-11-22 07:00:00+00:00,0.2926,0.2936,0.2913,0.2917,3416063.97
2023-11-22 08:00:00+00:00,0.2917,0.2936,0.2913,0.2935,2117272.29
2023-11-22 09:00:00+00:00,0.2935,0.2945,0.2926,0.294,2569480.07
2023-11-22 10:00:00+00:00,0.294,0.2942,0.2906,0.2931,3585533.08
2023-11-22 11:00:00+00:00,0.2931,0.2932,0.291,0.2914,2040447.09
2023-11-22 12:00:00+00:00,0.2914,0.2945,0.2911,0.2938,2447721.84
2023-11-22 13:00:00+00:00,0.2938,0.2957,0.2915,0.294,4756777.15
2023-11-22 14:00:00+00:00,0.294,0.2947,0.2893,0.2909,4916131.6
2023-11-22 15:00:00+00:00,0.2909,0.2931,0.2885,0.2913,3169451.54
2023-11-22 16:00:00+00:00,0.2913,0.2929,0.2863,0.2884,8065708.76
2023-11-22 17:00:00+00:00,0.2884,0.2914,0.2882,0.2909,2853657.97
2023-11-22 18:00:00+00:00,0.2909,0.2984,0.2904,0.2969,9765172.95
2023-11-22 19:00:00+00:00,0.2969,0.3009,0.2969,0.2995,9675178.04
2023-11-22 20:00:00+00:00,0.2995,0.3019,0.2975,0.3018,4280320.8
2023-11-22 21:00:00+00:00,0.3018,0.3044,0.2994,0.301,6697603.27
2023-11-22 22:00:00+00:00,0.301,0.3018,0.2982,0.2988,2982632.97
2023-11-22 23:00:00+00:00,0.2988,0.2994,0.2972,0.298,3668235.1
2023-11-23 00:00:00+00:00,0.298,0.2992,0.2963,0.2972,2732733.02
2023-11-23 01:00:00+00:00,0.2972,0.302,0.2969,0.3005,2776246.73
2023-11-23 02:00:00+00:00,0.3005,0.3012,0.2988,0.3004,2896874.17
2023-11-23 03:00:00+00:00,0.3004,0.3016,0.2997,0.3004,2874059.29
2023-11-23 04:00:00+00:00,0.3004,0.3024,0.2996,0.3018,4044164.47
2023-11-23 05:00:00+00:00,0.3018,0.302,0.2997,0.2997,1429399.11
2023-11-23 06:00:00+00:00,0.2997,0.3004,0.2983,0.3001,1839239.53
2023-11-23 07:00:00+00:00,0.3001,0.3027,0.3,0.3005,2400016.25
2023-11-23 08:00:00+00:00,0.3005,0.303,0.3003,0.3023,3492243.75
2023-11-23 09:00:00+00:00,0.3023,0.3054,0.3013,0.3053,4577878.27
2023-11-23 10:00:00+00:00,0.3053,0.3063,0.3019,0.302,4118349.14
2023-11-23 11:00:00+00:00,0.302,0.3025,0.2981,0.2993,5889965.97
2023-11-23 12:00:00+00:00,0.2993,0.3008,0.297,0.2976,3306305.92
2023-11-23 13:00:00+00:00,0.2976,0.2991,0.2968,0.2976,1947762.47
2023-11-23 14:00:00+00:00,0.2976,0.2995,0.2959,0.2967,2064839.05
2023-11-23 15:00:00+00:00,0.2967,0.2977,0.2936,0.2954,3808270.62
2023-11-23 16:00:00+00:00,0.2954,0.2984,0.2951,0.2974,1953535.17
2023-11-23 17:00:00+00:00,0.2974,0.3,0.2973,0.298,1779352.37
2023-11-23 18:00:00+00:00,0.298,0.3,0.2976,0.298,1219341.78
2023-11-23 19:00:00+00:00,0.298,0.2982,0.2954,0.2955,2306691.19
2023-11-23 20:00:00+00:00,0.2955,0.2974,0.2948,0.2969,2620266.85
2023-11-23 21:00:00+00:00,0.2969,0.2987,0.2968,0.2981,2830174.28
2023-11-23 22:00:00+00:00,0.2981,0.2996,0.2974,0.2995,976666.8
2023-11-23 23:00:00+00:00,0.2995,0.2995,0.297,0.2974,1761564.54
2023-11-24 00:00:00+00:00,0.2974,0.2999,0.2965,0.2997,1941416.23
2023-11-24 01:00:00+00:00,0.2997,0.3022,0.2994,0.2996,2103105.12
2023-11-24 02:00:00+00:00,0.2996,0.3015,0.2986,0.3006,1623219.47
2023-11-24 03:00:00+00:00,0.3006,0.3024,0.3001,0.3005,1934463.12
2023-11-24 04:00:00+00:00,0.3005,0.3009,0.2995,0.3,1052570.43
2023-11-24 05:00:00+00:00,0.3,0.3015,0.2983,0.3015,1315376.22
2023-11-24 06:00:00+00:00,0.3015,0.3027,0.3013,0.3015,2354087.34
2023-11-24 07:00:00+00:00,0.3015,0.3048,0.3003,0.3045,3031343.98
2023-11-24 08:00:00+00:00,0.3045,0.3052,0.3018,0.3021,2167784.92
2023-11-24 09:00:00+00:00,0.3021,0.3075,0.3006,0.3058,4577754.01
2023-11-24 10:00:00+00:00,0.3058,0.308,0.3041,0.3042,5029690.13
2023-11-24 11:00:00+00:00,0.3042,0.3068,0.3028,0.3031,8569854.9
2023-11-24 12:00:00+00:00,0.3031,0.3045,0.3026,0.3027,1949555.52
2023-11-24 13:00:00+00:00,0.3027,0.3037,0.3016,0.3033,2157417.97
2023-11-24 14:00:00+00:00,0.3033,0.3033,0.2997,0.3025,2442234.24
2023-11-24 15:00:00+00:00,0.3025,0.3084,0.3021,0.3062,7911958.1
2023-11-24 16:00:00+00:00,0.3062,0.3082,0.3012,0.3027,6001730.62
2023-11-24 17:00:00+00:00,0.3027,0.3057,0.3023,0.304,2491454.44
2023-11-24 18:00:00+00:00,0.304,0.3046,0.3011,0.3022,2968534.31
2023-11-24 19:00:00+00:00,0.3022,0.3022,0.2998,0.3013,2991885.82
2023-11-24 20:00:00+00:00,0.3013,0.3025,0.2997,0.3021,1278578.55
2023-11-24 21:00:00+00:00,0.3021,0.3046,0.3017,0.3025,1699453.11
2023-11-24 22:00:00+00:00,0.3025,0.3035,0.2996,0.3011,1807959.7
2023-11-24 23:00:00+00:00,0.3011,0.3025,0.2988,0.302,1348892.39
2023-11-25 00:00:00+00:00,0.302,0.307,0.2995,0.3043,2637567.58
2023-11-25 01:00:00+00:00,0.3043,0.3111,0.3042,0.31,3850149.82
2023-11-25 02:00:00+00:00,0.31,0.3149,0.3096,0.3148,5282823.05
2023-11-25 03:00:00+00:00,0.3148,0.3193,0.3143,0.3173,6331781.69
2023-11-25 04:00:00+00:00,0.3173,0.3201,0.3162,0.3187,5426911.72
2023-11-25 05:00:00+00:00,0.3187,0.319,0.3156,0.3174,4214081.67
2023-11-25 06:00:00+00:00,0.3174,0.3226,0.3165,0.3207,5759745.36
2023-11-25 07:00:00+00:00,0.3207,0.3226,0.3196,0.3218,3642515.33
2023-11-25 08:00:00+00:00,0.3218,0.3226,0.3191,0.3198,3664855.08
2023-11-25 09:00:00+00:00,0.3198,0.3206,0.3176,0.319,2703602.04
2023-11-25 10:00:00+00:00,0.319,0.3196,0.3153,0.3161,5220793.25
2023-11-25 11:00:00+00:00,0.3161,0.3169,0.313,0.315,3264488.49
2023-11-25 12:00:00+00:00,0.315,0.3155,0.3135,0.3145,2114866.3
2023-11-25 13:00:00+00:00,0.3145,0.3161,0.3124,0.3157,3688591.31
2023-11-25 14:00:00+00:00,0.3157,0.3176,0.3141,0.3151,5177112.52
2023-11-25 15:00:00+00:00,0.3151,0.3162,0.3131,0.3161,1640617.65
2023-11-25 16:00:00+00:00,0.3161,0.3192,0.316,0.3186,5542249.29
2023-11-25 17:00:00+00:00,0.3186,0.3198,0.3179,0.3187,2121021.22
2023-11-25 18:00:00+00:00,0.3187,0.3196,0.3168,0.3183,2245641.65
2023-11-25 19:00:00+00:00,0.3183,0.3186,0.3164,0.3171,2872491.41
2023-11-25 20:00:00+00:00,0.3171,0.3181,0.3159,0.3161,2203804.05
2023-11-25 21:00:00+00:00,0.3161,0.3174,0.3155,0.3166,1387750.35
2023-11-25 22:00:00+00:00,0.3166,0.3172,0.3157,0.3158,1026078.67
2023-11-25 23:00:00+00:00,0.3158,0.3178,0.3154,0.3178,1496984.02
2023-11-26 00:00:00+00:00,0.3178,0.3196,0.3172,0.3192,1992059.07
2023-11-26 01:00:00+00:00,0.3192,0.3192,0.3138,0.3155,4052778.5
2023-11-26 02:00:00+00:00,0.3155,0.3218,0.3148,0.3202,3606968.32
2023-11-26 03:00:00+00:00,0.3202,0.3208,0.3162,0.3168,1365610.72
2023-11-26 04:00:00+00:00,0.3168,0.3217,0.3162,0.3217,2104968.66
2023-11-26 05:00:00+00:00,0.3217,0.3225,0.3205,0.3212,2440803.14
2023-11-26 06:00:00+00:00,0.3212,0.3217,0.3184,0.3192,2067905.09
2023-11-26 07:00:00+00:00,0.3192,0.3193,0.3175,0.3177,1503590.44
2023-11-26 08:00:00+00:00,0.3177,0.3188,0.3169,0.3178,1395142.03
2023-11-26 09:00:00+00:00,0.3178,0.3186,0.3159,0.3168,3080674.5
2023-11-26 10:00:00+00:00,0.3168,0.3171,0.3145,0.3147,2273573.67
2023-11-26 11:00:00+00:00,0.3147,0.3162,0.3144,0.3146,2339989.31
2023-11-26 12:00:00+00:00,0.3146,0.3155,0.3112,0.3153,5222437.08
2023-11-26 13:00:00+00:00,0.3153,0.3156,0.3116,0.3143,4585468.97
2023-11-26 14:00:00+00:00,0.3143,0.3146,0.3093,0.3109,4826454.41
2023-11-26 15:00:00+00:00,0.3109,0.3137,0.3087,0.3098,3592176.39
2023-11-26 16:00:00+00:00,0.3098,0.3111,0.3016,0.3068,10391302.76
2023-11-26 17:00:00+00:00,0.3068,0.3082,0.306,0.3069,2083737.94
2023-11-26 18:00:00+00:00,0.3069,0.3092,0.3064,0.3088,1789701.6
2023-11-26 19:00:00+00:00,0.3088,0.3105,0.3082,0.3099,2066905.07
2023-11-26 20:00:00+00:00,0.3099,0.3132,0.3091,0.3116,2580165.06
2023-11-26 21:00:00+00:00,0.3116,0.3127,0.3094,0.3112,2407591.29
2023-11-26 22:00:00+00:00,0.3112,0.314,0.3108,0.3122,2769289.56
2023-11-26 23:00:00+00:00,0.3122,0.3123,0.3088,0.31,2232248.0
2023-11-27 00:00:00+00:00,0.31,0.3128,0.3089,0.3115,1934406.27
2023-11-27 01:00:00+00:00,0.3115,0.313,0.3084,0.3086,2002397.48
2023-11-27 02:00:00+00:00,0.3086,0.3088,0.3045,0.3057,3067681.55
2023-11-27 03:00:00+00:00,0.3057,0.3066,0.3021,0.3044,2246149.69
2023-11-27 04:00:00+00:00,0.3044,0.3058,0.3039,0.3058,1636995.15
2023-11-27 05:00:00+00:00,0.3058,0.3062,0.3041,0.3048,1338687.48
2023-11-27 06:00:00+00:00,0.3048,0.3069,0.3018,0.3021,2345999.8
2023-11-27 07:00:00+00:00,0.3021,0.3042,0.2981,0.3017,5679679.9
2023-11-27 08:00:00+00:00,0.3017,0.3027,0.2999,0.3004,1774142.02
2023-11-27 09:00:00+00:00,0.3004,0.3028,0.3003,0.3011,1932075.35
2023-11-27 10:00:00+00:00,0.3011,0.302,0.2968,0.2987,4082851.64
2023-11-27 11:00:00+00:00,0.2987,0.3005,0.297,0.2996,4261055.47
2023-11-27 12:00:00+00:00,0.2996,0.3002,0.2979,0.298,1988552.53
2023-11-27 13:00:00+00:00,0.298,0.2998,0.2959,0.2989,3066660.28
2023-11-27 14:00:00+00:00,0.2989,0.2998,0.2934,0.2945,3729245.57
2023-11-27 15:00:00+00:00,0.2945,0.2978,0.2921,0.2929,4377524.01
2023-11-27 16:00:00+00:00,0.2929,0.2965,0.2925,0.2965,3840532.1
2023-11-27 17:00:00+00:00,0.2965,0.298,0.2942,0.2946,3560886.63
2023-11-27 18:00:00+00:00,0.2946,0.2963,0.2937,0.2937,1872005.46
2023-11-27 19:00:00+00:00,0.2937,0.2952,0.29,0.2925,3109689.25
2023-11-27 20:00:00+00:00,0.2925,0.2944,0.2907,0.2914,2612323.94
2023-11-27 21:00:00+00:00,0.2914,0.2949,0.2907,0.2939,2170062.21
2023-11-27 22:00:00+00:00,0.2939,0.2942,0.2923,0.294,1320108.42
2023-11-27 23:00:00+00:00,0.294,0.2971,0.294,0.2963,1996168.91
2023-11-28 00:00:00+00:00,0.2963,0.2976,0.2949,0.2967,1430428.28
2023-11-28 01:00:00+00:00,0.2967,0.2968,0.2941,0.2945,814582.65
2023-11-28 02:00:00+00:00,0.2945,0.2945,0.2921,0.2939,1268141.51
2023-11-28 03:00:00+00:00,0.2939,0.2952,0.2921,0.2929,1764644.91
2023-11-28 04:00:00+00:00,0.2929,0.2943,0.29,0.2905,2144134.97
2023-11-28 05:00:00+00:00,0.2905,0.2908,0.2857,0.2872,6784488.34
2023-11-28 06:00:00+00:00,0.2872,0.2903,0.2862,0.2897,1976652.76
2023-11-28 07:00:00+00:00,0.2897,0.2903,0.287,0.2895,2237201.47
2023-11-28 08:00:00+00:00,0.2895,0.2899,0.2879,0.2879,1019364.53
2023-11-28 09:00:00+00:00,0.2879,0.292,0.287,0.2912,2777707.03
2023-11-28 10:00:00+00:00,0.2912,0.2917,0.2893,0.2917,1938709.05
2023-11-28 11:00:00+00:00,0.2917,0.2965,0.2911,0.2961,3115730.77
2023-11-28 12:00:00+00:00,0.2961,0.2973,0.2945,0.2951,3116273.14
2023-11-28 13:00:00+00:00,0.2951,0.2997,0.2942,0.2995,2809590.21
2023-11-28 14:00:00+00:00,0.2995,0.2999,0.2973,0.2979,3129645.9
2023-11-28 15:00:00+00:00,0.2979,0.3019,0.2966,0.3002,4864907.13
2023-11-28 16:00:00+00:00,0.3002,0.3043,0.2986,0.3043,5786773.67
2023-11-28 17:00:00+00:00,0.3043,0.3122,0.3022,0.3107,9333190.32
2023-11-28 18:00:00+00:00,0.3107,0.3149,0.31,0.3133,8760440.15
2023-11-28 19:00:00+00:00,0.3133,0.3152,0.3122,0.3138,5858100.68
2023-11-28 20:00:00+00:00,0.3138,0.3203,0.3137,0.3194,8037566.27
2023-11-28 21:00:00+00:00,0.3194,0.3208,0.316,0.3181,8532993.81
2023-11-28 22:00:00+00:00,0.3181,0.3203,0.317,0.3197,4321072.24
2023-11-28 23:00:00+00:00,0.3197,0.3207,0.3159,0.3172,6449275.68
2023-11-29 00:00:00+00:00,0.3172,0.3203,0.3159,0.319,2798328.02
2023-11-29 01:00:00+00:00,0.319,0.3212,0.3184,0.3185,3610091.65
2023-11-29 02:00:00+00:00,0.3185,0.3188,0.3161,0.3165,3124717.68
2023-11-29 03:00:00+00:00,0.3165,0.3175,0.3141,0.3151,2087605.05
2023-11-29 04:00:00+00:00,0.3151,0.3157,0.3118,0.3136,6772247.04
2023-11-29 05:00:00+00:00,0.3136,0.3156,0.3124,0.3143,3238681.65
2023-11-29 06:00:00+00:00,0.3143,0.317,0.3135,0.3163,2944310.12
2023-11-29 07:00:00+00:00,0.3163,0.317,0.3139,0.3149,3367426.66
2023-11-29 08:00:00+00:00,0.3149,0.3187,0.3143,0.3184,4652431.29
2023-11-29 09:00:00+00:00,0.3184,0.3203,0.3163,0.3169,5345831.22
2023-11-29 10:00:00+00:00,0.3169,0.3178,0.3109,0.3122,6209350.78
2023-11-29 11:00:00+00:00,0.3122,0.3138,0.3113,0.3127,3492772.47
2023-11-29 12:00:00+00:00,0.3127,0.3137,0.3101,0.3103,4009922.16
2023-11-29 13:00:00+00:00,0.3103,0.3111,0.3067,0.3074,6576006.38
2023-11-29 14:00:00+00:00,0.3074,0.3074,0.3024,0.3044,9802278.76
2023-11-29 15:00:00+00:00,0.3044,0.3055,0.3012,0.303,5091519.91
2023-11-29 16:00:00+00:00,0.303,0.3042,0.2991,0.2995,6085194.58
2023-11-29 17:00:00+00:00,0.2995,0.3015,0.2992,0.3008,2908792.09
2023-11-29 18:00:00+00:00,0.3008,0.3056,0.3007,0.3042,7019870.55
2023-11-29 19:00:00+00:00,0.3042,0.3052,0.3023,0.3034,1597742.52
2023-11-29 20:00:00+00:00,0.3034,0.3038,0.3,0.3013,2818299.62
2023-11-29 21:00:00+00:00,0.3013,0.3021,0.3004,0.3012,1796456.34
2023-11-29 22:00:00+00:00,0.3012,0.3032,0.3012,0.3025,1738871.04
2023-11-29 23:00:00+00:00,0.3025,0.3025,0.3003,0.3009,1780972.8
2023-11-30 00:00:00+00:00,0.3009,0.3027,0.3002,0.3009,1735839.29
2023-11-30 01:00:00+00:00,0.3009,0.3015,0.2985,0.2987,1935184.81
2023-11-30 02:00:00+00:00,0.2987,0.3027,0.2974,0.3022,2915990.34
2023-11-30 03:00:00+00:00,0.3022,0.3026,0.2997,0.3025,2141606.98
2023-11-30 04:00:00+00:00,0.3025,0.3054,0.3017,0.3018,3492571.14
2023-11-30 05:00:00+00:00,0.3018,0.302,0.2993,0.3011,2611827.54
2023-11-30 06:00:00+00:00,0.3011,0.303,0.2997,0.3015,2316811.67
2023-11-30 07:00:00+00:00,0.3015,0.3021,0.3003,0.3008,1170090.13
2023-11-30 08:00:00+00:00,0.3008,0.3012,0.2973,0.2981,5630065.78
2023-11-30 09:00:00+00:00,0.2981,0.301,0.296,0.3006,4827381.2
2023-11-30 10:00:00+00:00,0.3006,0.3027,0.3,0.3002,3000741.29
2023-11-30 11:00:00+00:00,0.3002,0.303,0.2997,0.3029,2261960.81
2023-11-30 12:00:00+00:00,0.3029,0.3031,0.3017,0.3025,1825831.86
2023-11-30 13:00:00+00:00,0.3025,0.3034,0.3002,0.3014,3259515.07
2023-11-30 14:00:00+00:00,0.3014,0.3014,0.2977,0.2992,4626288.77
2023-11-30 15:00:00+00:00,0.2992,0.3018,0.2976,0.3001,4274177.9
2023-11-30 16:00:00+00:00,0.3001,0.3017,0.2991,0.3014,1432890.28
2023-11-30 17:00:00+00:00,0.3014,0.304,0.3013,0.3034,3333828.98
2023-11-30 18:00:00+00:00,0.3034,0.3039,0.3022,0.3022,976065.39
2023-11-30 19:00:00+00:00,0.3022,0.3026,0.3012,0.3015,1065631.55
2023-11-30 20:00:00+00:00,0.3015,0.3024,0.3007,0.3017,1377579.2
2023-11-30 21:00:00+00:00,0.3017,0.3035,0.3013,0.3025,896621.56
2023-11-30 22:00:00+00:00,0.3025,0.3033,0.301,0.301,717886.56
2023-11-30 23:00:00+00:00,0.301,0.3041,0.3001,0.3036,1455680.52
2023-12-01 00:00:00+00:00,0.3036,0.3041,0.2994,0.3003,2215677.84
2023-12-01 01:00:00+00:00,0.3003,0.308,0.2993,0.3074,4165289.56
2023-12-01 02:00:00+00:00,0.3074,0.3083,0.3051,0.3076,2934427.55
2023-12-01 03:00:00+00:00,0.3076,0.3087,0.3065,0.3082,1704186.38
2023-12-01 04:00:00+00:00,0.3082,0.3121,0.3078,0.3112,2583113.98
2023-12-01 05:00:00+00:00,0.3112,0.3125,0.3101,0.3102,2312995.96
2023-12-01 06:00:00+00:00,0.3102,0.311,0.3085,0.3099,2813587.76
2023-12-01 07:00:00+00:00,0.3099,0.3123,0.3096,0.3112,7632982.98
2023-12-01 08:00:00+00:00,0.3112,0.3129,0.3106,0.3121,2563883.27
2023-12-01 09:00:00+00:00,0.3121,0.3164,0.312,0.3158,6065577.47
2023-12-01 10:00:00+00:00,0.3158,0.3191,0.3149,0.3151,8317866.14
2023-12-01 11:00:00+00:00,0.3151,0.318,0.3147,0.3174,4565712.52
2023-12-01 12:00:00+00:00,0.3174,0.3186,0.3134,0.3137,4323930.67
2023-12-01 13:00:00+00:00,0.3137,0.3142,0.3114,0.3121,4442035.23
2023-12-01 14:00:00+00:00,0.3121,0.3132,0.3107,0.3115,4484254.02
2023-12-01 15:00:00+00:00,0.3115,0.3142,0.3115,0.3133,1769525.62
2023-12-01 16:00:00+00:00,0.3133,0.3171,0.3128,0.3166,5141676.25
2023-12-01 17:00:00+00:00,0.3166,0.3167,0.3142,0.3155,2158470.47
2023-12-01 18:00:00+00:00,0.3155,0.3167,0.315,0.3155,1717123.44
2023-12-01 19:00:00+00:00,0.3155,0.3172,0.3141,0.3162,4696179.81
2023-12-01 20:00:00+00:00,0.3162,0.3164,0.3144,0.3145,1115825.31
2023-12-01 21:00:00+00:00,0.3145,0.3152,0.3139,0.3144,1143901.76
2023-12-01 22:00:00+00:00,0.3144,0.3157,0.3133,0.3136,1877012.09
2023-12-01 23:00:00+00:00,0.3136,0.3155,0.3131,0.3155,1871019.16
2023-12-02 00:00:00+00:00,0.3155,0.3179,0.3148,0.3166,7468807.0
2023-12-02 01:00:00+00:00,0.3166,0.3186,0.3159,0.3177,3673771.41
2023-12-02 02:00:00+00:00,0.3177,0.3198,0.3176,0.3186,5050420.93
2023-12-02 03:00:00+00:00,0.3186,0.3197,0.3183,0.3187,1832718.76
2023-12-02 04:00:00+00:00,0.3187,0.3203,0.3182,0.3203,1291452.63
2023-12-02 05:00:00+00:00,0.3203,0.3238,0.3197,0.3207,5461829.15
2023-12-02 06:00:00+00:00,0.3207,0.3213,0.3193,0.3204,1448889.28
2023-12-02 07:00:00+00:00,0.3204,0.3228,0.3198,0.3221,3255361.08
2023-12-02 08:00:00+00:00,0.3221,0.3253,0.3221,0.3247,4284314.27
2023-12-02 09:00:00+00:00,0.3247,0.3295,0.3247,0.3277,5736455.78
2023-12-02 10:00:00+00:00,0.3277,0.3286,0.3241,0.325,3926373.78
2023-12-02 11:00:00+00:00,0.325,0.3252,0.3216,0.323,4127555.35
2023-12-02 12:00:00+00:00,0.323,0.3236,0.3211,0.3229,3177365.12
2023-12-02 13:00:00+00:00,0.3229,0.3247,0.3209,0.3218,7625327.55
2023-12-02 14:00:00+00:00,0.3218,0.3223,0.3159,0.3185,4370993.55
2023-12-02 15:00:00+00:00,0.3185,0.3193,0.3165,0.3183,5995602.02
2023-12-02 16:00:00+00:00,0.3183,0.3194,0.3168,0.3187,3871557.58
2023-12-02 17:00:00+00:00,0.3187,0.3204,0.3182,0.3203,1751448.68
2023-12-02 18:00:00+00:00,0.3203,0.3244,0.3201,0.3216,6193539.77
2023-12-02 19:00:00+00:00,0.3216,0.3278,0.3215,0.327,13302447.92
2023-12-02 20:00:00+00:00,0.327,0.3281,0.3248,0.3269,8766678.18
2023-12-02 21:00:00+00:00,0.3269,0.3274,0.3243,0.3254,5223792.58
2023-12-02 22:00:00+00:00,0.3254,0.3258,0.3219,0.3227,3410878.61
2023-12-02 23:00:00+00:00,0.3227,0.3245,0.3226,0.3236,2390825.28
2023-12-03 00:00:00+00:00,0.3236,0.3256,0.3219,0.3255,4624129.07
2023-12-03 01:00:00+00:00,0.3255,0.3263,0.3231,0.3233,1532026.82
2023-12-03 02:00:00+00:00,0.3233,0.3244,0.3193,0.3207,4248262.16
2023-12-03 03:00:00+00:00,0.3207,0.3211,0.3186,0.3201,2648040.13
2023-12-03 04:00:00+00:00,0.3201,0.3212,0.3197,0.32,3548491.55
2023-12-03 05:00:00+00:00,0.32,0.3209,0.3192,0.3197,1789053.08
2023-12-03 06:00:00+00:00,0.3197,0.3204,0.3181,0.3191,1388759.49
2023-12-03 07:00:00+00:00,0.3191,0.3208,0.3189,0.3206,2960840.55
2023-12-03 08:00:00+00:00,0.3206,0.321,0.3174,0.3183,3788952.83
2023-12-03 09:00:00+00:00,0.3183,0.3206,0.318,0.3204,1886818.82
2023-12-03 10:00:00+00:00,0.3204,0.3205,0.3184,0.3198,2045471.62
2023-12-03 11:00:00+00:00,0.3198,0.3198,0.3174,0.319,3293234.83
2023-12-03 12:00:00+00:00,0.319,0.3192,0.3134,0.3151,3805175.54
2023-12-03 13:00:00+00:00,0.3151,0.3179,0.3147,0.3167,3594896.38
2023-12-03 14:00:00+00:00,0.3167,0.3172,0.3141,0.315,2886481.33
2023-12-03 15:00:00+00:00,0.315,0.3172,0.3149,0.3165,1532571.13
2023-12-03 16:00:00+00:00,0.3165,0.3172,0.3146,0.3165,4328778.26
2023-12-03 17:00:00+00:00,0.3165,0.3173,0.3132,0.3142,5895945.28
2023-12-03 18:00:00+00:00,0.3142,0.3152,0.3134,0.3138,4973833.26
2023-12-03 19:00:00+00:00,0.3138,0.314,0.3105,0.312,10171183.37
2023-12-03 20:00:00+00:00,0.312,0.3134,0.3107,0.3112,6738925.31
2023-12-03 21:00:00+00:00,0.3112,0.3127,0.31,0.3127,4630424.06
2023-12-03 22:00:00+00:00,0.3127,0.321,0.3126,0.3189,9171827.37
2023-12-03 23:00:00+00:00,0.3189,0.3197,0.3123,0.316,6743776.62
2023-12-04 00:00:00+00:00,0.316,0.3168,0.3141,0.3154,5105046.24
2023-12-04 01:00:00+00:00,0.3154,0.3225,0.3146,0.3211,6167962.4
2023-12-04 02:00:00+00:00,0.3211,0.3244,0.3202,0.322,5286076.13
2023-12-04 03:00:00+00:00,0.322,0.3239,0.321,0.3213,2820699.78
2023-12-04 04:00:00+00:00,0.3213,0.3259,0.3212,0.3254,4598473.73
2023-12-04 05:00:00+00:00,0.3254,0.3272,0.3215,0.3226,6492825.91
2023-12-04 06:00:00+00:00,0.3226,0.3262,0.3213,0.3248,5835090.05
2023-12-04 07:00:00+00:00,0.3248,0.3264,0.3201,0.3209,8030908.16
2023-12-04 08:00:00+00:00,0.3209,0.3283,0.3209,0.3256,9567026.27
2023-12-04 09:00:00+00:00,0.3256,0.3271,0.321,0.3212,4390064.53
2023-12-04 10:00:00+00:00,0.3212,0.3239,0.3205,0.3208,6694814.42
2023-12-04 11:00:00+00:00,0.3208,0.3217,0.2931,0.309,34063402.83
2023-12-04 12:00:00+00:00,0.309,0.3108,0.3054,0.3099,8671561.77
2023-12-04 13:00:00+00:00,0.3099,0.3114,0.3044,0.3056,10733583.3
2023-12-04 14:00:00+00:00,0.3056,0.3108,0.3011,0.3057,14984016.07
2023-12-04 15:00:00+00:00,0.3057,0.306,0.3019,0.3047,6283236.93
2023-12-04 16:00:00+00:00,0.3047,0.3099,0.3041,0.3095,4646524.79
2023-12-04 17:00:00+00:00,0.3095,0.3095,0.3065,0.3084,5601008.13
2023-12-04 18:00:00+00:00,0.3084,0.3104,0.3079,0.3086,5918692.46
2023-12-04 19:00:00+00:00,0.3086,0.3098,0.3079,0.3093,3853110.71
2023-12-04 20:00:00+00:00,0.3093,0.3118,0.3091,0.3105,4453075.21
2023-12-04 21:00:00+00:00,0.3105,0.314,0.3103,0.3132,3636243.88
2023-12-04 22:00:00+00:00,0.3132,0.3147,0.3103,0.3127,3873148.13
2023-12-04 23:00:00+00:00,0.3127,0.3277,0.3116,0.3273,12570106.13
2023-12-05 00:00:00+00:00,0.3273,0.3332,0.3256,0.3313,14866528.33
2023-12-05 01:00:00+00:00,0.3313,0.3362,0.3301,0.3305,10287588.25
2023-12-05 02:00:00+00:00,0.3305,0.3312,0.3233,0.3235,6807146.39
2023-12-05 03:00:00+00:00,0.3235,0.3252,0.3217,0.3221,3073819.23
2023-12-05 04:00:00+00:00,0.3221,0.3222,0.3185,0.3203,5640805.4
2023-12-05 05:00:00+00:00,0.3203,0.3246,0.3192,0.3233,3598275.68
2023-12-05 06:00:00+00:00,0.3233,0.3237,0.3175,0.3199,4149416.34
2023-12-05 07:00:00+00:00,0.3199,0.3202,0.3143,0.3176,6343796.71
2023-12-05 08:00:00+00:00,0.3176,0.3195,0.3147,0.3175,3777050.05
2023-12-05 09:00:00+00:00,0.3175,0.3213,0.3171,0.3198,5626454.24
2023-12-05 10:00:00+00:00,0.3198,0.3199,0.3153,0.3153,3453913.12
2023-12-05 11:00:00+00:00,0.3153,0.3189,0.3148,0.3175,2631641.7
2023-12-05 12:00:00+00:00,0.3175,0.3188,0.3165,0.3167,2417683.64
2023-12-05 13:00:00+00:00,0.3167,0.3184,0.3145,0.3146,4267865.62
2023-12-05 14:00:00+00:00,0.3146,0.3191,0.3135,0.3185,3833624.83
2023-12-05 15:00:00+00:00,0.3185,0.323,0.3168,0.3223,8794981.18
2023-12-05 16:00:00+00:00,0.3223,0.3245,0.3198,0.323,6280892.78
2023-12-05 17:00:00+00:00,0.323,0.3275,0.3205,0.3275,10553643.36
2023-12-05 18:00:00+00:00,0.3275,0.3333,0.3264,0.3291,11760629.31
2023-12-05 19:00:00+00:00,0.3291,0.3334,0.3289,0.3303,8419281.5
2023-12-05 20:00:00+00:00,0.3303,0.3311,0.328,0.3295,8428003.75
2023-12-05 21:00:00+00:00,0.3295,0.3346,0.3292,0.3334,5198480.49
2023-12-05 22:00:00+00:00,0.3334,0.3367,0.3323,0.3339,6580518.34
2023-12-05 23:00:00+00:00,0.3339,0.3382,0.3331,0.3341,8310859.25
2023-12-06 00:00:00+00:00,0.3341,0.347,0.3341,0.3456,11162002.6
2023-12-06 01:00:00+00:00,0.3456,0.3469,0.3391,0.3396,7277091.4
2023-12-06 02:00:00+00:00,0.3396,0.3419,0.3349,0.3393,8918564.2
2023-12-06 03:00:00+00:00,0.3393,0.3395,0.3344,0.3381,2991768.29
2023-12-06 04:00:00+00:00,0.3381,0.3391,0.3356,0.3379,3869519.65
2023-12-06 05:00:00+00:00,0.3379,0.3395,0.3288,0.3348,9373649.07
2023-12-06 06:00:00+00:00,0.3348,0.3361,0.3299,0.335,6473378.05
2023-12-06 07:00:00+00:00,0.335,0.3361,0.3322,0.3338,3639234.25
2023-12-06 08:00:00+00:00,0.3338,0.3402,0.3329,0.3396,4822656.15
2023-12-06 09:00:00+00:00,0.3396,0.3419,0.3361,0.3368,9223910.64
2023-12-06 10:00:00+00:00,0.3368,0.3385,0.3332,0.3348,6278211.69
2023-12-06 11:00:00+00:00,0.3348,0.3349,0.3237,0.3296,11577094.31
2023-12-06 12:00:00+00:00,0.3296,0.333,0.3278,0.3326,4131101.72
2023-12-06 13:00:00+00:00,0.3326,0.3353,0.3312,0.3325,5900702.43
2023-12-06 14:00:00+00:00,0.3325,0.3353,0.3278,0.3288,6694550.87
2023-12-06 15:00:00+00:00,0.3288,0.335,0.3279,0.3339,7147495.62
2023-12-06 16:00:00+00:00,0.3339,0.3366,0.3324,0.3346,5750478.81
2023-12-06 17:00:00+00:00,0.3346,0.3393,0.3341,0.3373,4263847.98
2023-12-06 18:00:00+00:00,0.3373,0.3412,0.3367,0.338,5769806.29
2023-12-06 19:00:00+00:00,0.338,0.3405,0.3376,0.3404,3197167.7
2023-12-06 20:00:00+00:00,0.3404,0.341,0.3354,0.3355,3001624.31
2023-12-06 21:00:00+00:00,0.3355,0.3419,0.3325,0.34,10693128.51
2023-12-06 22:00:00+00:00,0.34,0.3405,0.3328,0.336,4241816.18
2023-12-06 23:00:00+00:00,0.336,0.3413,0.3328,0.3359,7329804.74
2023-12-07 00:00:00+00:00,0.3359,0.3425,0.3349,0.3379,4251442.7
2023-12-07 01:00:00+00:00,0.3379,0.339,0.3318,0.333,2720777.6
2023-12-07 02:00:00+00:00,0.333,0.3341,0.3308,0.3313,3963022.55
2023-12-07 03:00:00+00:00,0.3313,0.3343,0.3297,0.3342,2450487.33
2023-12-07 04:00:00+00:00,0.3342,0.3425,0.3339,0.3408,5385015.34
2023-12-07 05:00:00+00:00,0.3408,0.3411,0.338,0.3381,3543303.07
2023-12-07 06:00:00+00:00,0.3381,0.3387,0.3363,0.337,2069352.3
2023-12-07 07:00:00+00:00,0.337,0.3401,0.3369,0.3389,1745849.06
2023-12-07 08:00:00+00:00,0.3389,0.3398,0.3328,0.3334,5833185.81
2023-12-07 09:00:00+00:00,0.3334,0.3369,0.3231,0.333,15415622.12
2023-12-07 10:00:00+00:00,0.333,0.3343,0.3287,0.3298,6433407.43
2023-12-07 11:00:00+00:00,0.3298,0.3329,0.3289,0.3306,2972292.84
2023-12-07 12:00:00+00:00,0.3306,0.34,0.3294,0.3387,7343103.72
2023-12-07 13:00:00+00:00,0.3387,0.3394,0.3312,0.333,4785240.58
2023-12-07 14:00:00+00:00,0.333,0.3356,0.3318,0.3341,3199762.21
2023-12-07 15:00:00+00:00,0.3341,0.3387,0.3333,0.337,5061416.4
2023-12-07 16:00:00+00:00,0.337,0.3449,0.3357,0.3446,8407043.21
2023-12-07 17:00:00+00:00,0.3446,0.3481,0.3418,0.3446,7992004.63
2023-12-07 18:00:00+00:00,0.3446,0.3482,0.3402,0.3409,7373583.21
2023-12-07 19:00:00+00:00,0.3409,0.3423,0.3349,0.3364,4832724.18
2023-12-07 20:00:00+00:00,0.3364,0.339,0.3343,0.3363,2463024.0
2023-12-07 21:00:00+00:00,0.3363,0.3436,0.3359,0.3405,4872306.09
2023-12-07 22:00:00+00:00,0.3405,0.3421,0.3378,0.3397,3529475.2
2023-12-07 23:00:00+00:00,0.3397,0.3435,0.3384,0.3427,2120021.65
2023-12-08 00:00:00+00:00,0.3427,0.3459,0.342,0.3445,6193487.93
2023-12-08 01:00:00+00:00,0.3445,0.3458,0.3413,0.3437,2265468.92
2023-12-08 02:00:00+00:00,0.3437,0.3458,0.3425,0.3454,1909658.36
2023-12-08 03:00:00+00:00,0.3454,0.3527,0.3447,0.3508,8282410.91
2023-12-08 04:00:00+00:00,0.3508,0.3538,0.3497,0.351,5896071.98
2023-12-08 05:00:00+00:00,0.351,0.3525,0.3485,0.3493,5217797.77
2023-12-08 06:00:00+00:00,0.3493,0.3506,0.3473,0.3494,3647439.62
2023-12-08 07:00:00+00:00,0.3494,0.354,0.3479,0.3515,7033890.07
2023-12-08 08:00:00+00:00,0.3515,0.3521,0.3488,0.3497,4220790.73
2023-12-08 09:00:00+00:00,0.3497,0.3564,0.3495,0.3526,5470710.46
2023-12-08 10:00:00+00:00,0.3526,0.3556,0.3522,0.3543,3561805.79
2023-12-08 11:00:00+00:00,0.3543,0.3645,0.3537,0.3634,11728684.75
2023-12-08 12:00:00+00:00,0.3634,0.3634,0.3577,0.3578,12608684.94
2023-12-08 13:00:00+00:00,0.3578,0.3626,0.3563,0.3577,9026328.7
2023-12-08 14:00:00+00:00,0.3577,0.366,0.3574,0.3639,10517703.61
2023-12-08 15:00:00+00:00,0.3639,0.3646,0.359,0.3638,9482856.02
2023-12-08 16:00:00+00:00,0.3638,0.3708,0.3637,0.3669,11897470.71
2023-12-08 17:00:00+00:00,0.3669,0.3672,0.3618,0.3632,9290214.23
2023-12-08 18:00:00+00:00,0.3632,0.3633,0.3609,0.3613,3770061.99
2023-12-08 19:00:00+00:00,0.3613,0.3691,0.3609,0.3686,5440517.95
2023-12-08 20:00:00+00:00,0.3686,0.3695,0.3661,0.3692,6265973.3
2023-12-08 21:00:00+00:00,0.3692,0.3698,0.3658,0.3691,6590196.7
2023-12-08 22:00:00+00:00,0.3691,0.3691,0.3646,0.365,2894327.83
2023-12-08 23:00:00+00:00,0.365,0.3688,0.3646,0.3686,3025603.36
2023-12-09 00:00:00+00:00,0.3686,0.3823,0.3685,0.3822,19040164.03
2023-12-09 01:00:00+00:00,0.3822,0.3896,0.3818,0.3851,15355857.5
2023-12-09 02:00:00+00:00,0.3851,0.3908,0.3851,0.3877,11220874.19
2023-12-09 03:00:00+00:00,0.3877,0.3884,0.3802,0.3808,6570332.85
2023-12-09 04:00:00+00:00,0.3808,0.389,0.3807,0.3862,8705366.3
2023-12-09 05:00:00+00:00,0.3862,0.3889,0.3854,0.3881,4548248.63
2023-12-09 06:00:00+00:00,0.3881,0.4118,0.3868,0.4101,28075560.3
2023-12-09 07:00:00+00:00,0.4101,0.4171,0.4081,0.4099,20621015.14
2023-12-09 08:00:00+00:00,0.4099,0.4173,0.3963,0.4044,28270532.59
2023-12-09 09:00:00+00:00,0.4044,0.4157,0.4021,0.4023,20482298.62
2023-12-09 10:00:00+00:00,0.4023,0.4117,0.4013,0.4104,10998616.06
2023-12-09 11:00:00+00:00,0.4104,0.4132,0.4069,0.4131,10194620.12
2023-12-09 12:00:00+00:00,0.4131,0.4222,0.4095,0.4144,15999651.08
2023-12-09 13:00:00+00:00,0.4144,0.4195,0.4076,0.419,11171267.57
2023-12-09 14:00:00+00:00,0.419,0.4299,0.4126,0.4169,30169314.65
2023-12-09 15:00:00+00:00,0.4169,0.4181,0.4068,0.4148,13717309.58
2023-12-09 16:00:00+00:00,0.4148,0.4159,0.4015,0.4091,17275468.37
2023-12-09 17:00:00+00:00,0.4091,0.4102,0.4024,0.4025,7593128.2
2023-12-09 18:00:00+00:00,0.4025,0.4147,0.4025,0.4124,7708117.35
2023-12-09 19:00:00+00:00,0.4124,0.4141,0.4091,0.4105,5006994.92
2023-12-09 20:00:00+00:00,0.4105,0.4129,0.4066,0.4089,6986441.13
2023-12-09 21:00:00+00:00,0.4089,0.4164,0.4051,0.4161,8806034.84
2023-12-09 22:00:00+00:00,0.4161,0.4168,0.4077,0.4081,6714612.25
2023-12-09 23:00:00+00:00,0.4081,0.4092,0.3958,0.398,12071797.2
2023-12-10 00:00:00+00:00,0.398,0.4062,0.3971,0.4029,7014803.38
2023-12-10 01:00:00+00:00,0.4029,0.4066,0.3999,0.4056,3385061.5
2023-12-10 02:00:00+00:00,0.4056,0.4106,0.4024,0.4045,5497272.99
2023-12-10 03:00:00+00:00,0.4045,0.4144,0.4044,0.4126,4846397.88
2023-12-10 04:00:00+00:00,0.4126,0.4173,0.41,0.4118,7823711.01
2023-12-10 05:00:00+00:00,0.4118,0.4147,0.411,0.4131,3333401.68
2023-12-10 06:00:00+00:00,0.4131,0.4134,0.4084,0.4111,4803581.84
2023-12-10 07:00:00+00:00,0.4111,0.4111,0.4018,0.4052,7938606.69
2023-12-10 08:00:00+00:00,0.4052,0.4067,0.3996,0.4015,6401469.85
2023-12-10 09:00:00+00:00,0.4015,0.4033,0.39,0.3902,11225367.51
2023-12-10 10:00:00+00:00,0.3902,0.3961,0.3901,0.3923,6072903.77
2023-12-10 11:00:00+00:00,0.3923,0.3939,0.3899,0.3901,5255403.84
2023-12-10 12:00:00+00:00,0.3901,0.3963,0.3843,0.3947,10479542.57
2023-12-10 13:00:00+00:00,0.3947,0.3958,0.3908,0.3951,4021518.46
2023-12-10 14:00:00+00:00,0.3951,0.398,0.3908,0.3953,5852306.07
2023-12-10 15:00:00+00:00,0.3953,0.398,0.3942,0.3957,3426200.98
2023-12-10 16:00:00+00:00,0.3957,0.3977,0.3921,0.3929,2787566.22
2023-12-10 17:00:00+00:00,0.3929,0.3935,0.3889,0.391,8585784.69
2023-12-10 18:00:00+00:00,0.391,0.3975,0.391,0.3964,4507356.8
2023-12-10 19:00:00+00:00,0.3964,0.4048,0.3963,0.4038,5835134.88
2023-12-10 20:00:00+00:00,0.4038,0.4155,0.403,0.4149,9967030.21
2023-12-10 21:00:00+00:00,0.4149,0.4151,0.4054,0.4061,6862371.11
2023-12-10 22:00:00+00:00,0.4061,0.4079,0.4039,0.4056,2045791.99
2023-12-10 23:00:00+00:00,0.4056,0.4073,0.3988,0.4036,3872199.05
2023-12-11 00:00:00+00:00,0.4036,0.407,0.3995,0.4013,4487892.31
2023-12-11 01:00:00+00:00,0.4013,0.4083,0.3951,0.4066,7588369.09
2023-12-11 02:00:00+00:00,0.4066,0.4069,0.3513,0.3702,38884678.29
2023-12-11 03:00:00+00:00,0.3702,0.3807,0.3694,0.3761,13473023.13
2023-12-11 04:00:00+00:00,0.3761,0.377,0.3674,0.3711,7617957.04
2023-12-11 05:00:00+00:00,0.3711,0.3746,0.368,0.3739,7483699.54
2023-12-11 06:00:00+00:00,0.3739,0.3739,0.3621,0.3701,8875157.54
2023-12-11 07:00:00+00:00,0.3701,0.374,0.3657,0.3663,6597567.05
2023-12-11 08:00:00+00:00,0.3663,0.3697,0.3628,0.367,6544906.13
2023-12-11 09:00:00+00:00,0.367,0.3724,0.366,0.3708,4393269.75
2023-12-11 10:00:00+00:00,0.3708,0.3723,0.369,0.3711,3494643.37
2023-12-11 11:00:00+00:00,0.3711,0.3745,0.3695,0.373,4925352.61
2023-12-11 12:00:00+00:00,0.373,0.3753,0.3684,0.3699,5032404.32
2023-12-11 13:00:00+00:00,0.3699,0.3717,0.3612,0.3654,5850320.46
2023-12-11 14:00:00+00:00,0.3654,0.3678,0.3582,0.3596,13872747.02
2023-12-11 15:00:00+00:00,0.3596,0.3646,0.3589,0.3645,7945020.27
2023-12-11 16:00:00+00:00,0.3645,0.3678,0.36,0.3677,6461674.83
2023-12-11 17:00:00+00:00,0.3677,0.3678,0.3585,0.3594,5260689.6
2023-12-11 18:00:00+00:00,0.3594,0.3601,0.3489,0.3566,14412380.26
2023-12-11 19:00:00+00:00,0.3566,0.3579,0.3513,0.3572,5832760.29
2023-12-11 20:00:00+00:00,0.3572,0.3579,0.353,0.3567,7052450.58
2023-12-11 21:00:00+00:00,0.3567,0.3637,0.3565,0.3636,5862803.45
2023-12-11 22:00:00+00:00,0.3636,0.3696,0.3625,0.3667,6919159.4
2023-12-11 23:00:00+00:00,0.3667,0.3668,0.3633,0.3642,1799401.56
2023-12-12 00:00:00+00:00,0.3642,0.3689,0.3631,0.3663,4877667.92
2023-12-12 01:00:00+00:00,0.3663,0.3734,0.3657,0.3724,7231394.53
2023-12-12 02:00:00+00:00,0.3724,0.387,0.3723,0.3851,13911046.93
2023-12-12 03:00:00+00:00,0.3851,0.3961,0.383,0.3899,17832636.3
2023-12-12 04:00:00+00:00,0.3899,0.3939,0.3809,0.3809,10655069.6
2023-12-12 05:00:00+00:00,0.3809,0.3869,0.3799,0.382,6177528.72
2023-12-12 06:00:00+00:00,0.382,0.3832,0.3767,0.3828,7653797.82
2023-12-12 07:00:00+00:00,0.3828,0.3897,0.3824,0.3878,5424086.98
2023-12-12 08:00:00+00:00,0.3878,0.3883,0.3817,0.3844,8496781.05
2023-12-12 09:00:00+00:00,0.3844,0.3844,0.38,0.3811,5556215.94
2023-12-12 10:00:00+00:00,0.3811,0.3843,0.3792,0.3826,4176195.37
2023-12-12 11:00:00+00:00,0.3826,0.3833,0.3772,0.3774,3252064.6
2023-12-12 12:00:00+00:00,0.3774,0.3958,0.3767,0.3954,10890918.89
2023-12-12 13:00:00+00:00,0.3954,0.4064,0.3926,0.403,22146682.54
2023-12-12 14:00:00+00:00,0.403,0.4098,0.3962,0.3997,23826511.03
2023-12-12 15:00:00+00:00,0.3997,0.4019,0.389,0.3904,19193622.98
2023-12-12 16:00:00+00:00,0.3904,0.392,0.3836,0.3852,12453279.78
2023-12-12 17:00:00+00:00,0.3852,0.3867,0.3766,0.3786,11715539.72
2023-12-12 18:00:00+00:00,0.3786,0.3965,0.3786,0.3907,13028462.4
2023-12-12 19:00:00+00:00,0.3907,0.3934,0.3846,0.3895,7166482.07
2023-12-12 20:00:00+00:00,0.3895,0.3913,0.3839,0.3885,4829761.56
2023-12-12 21:00:00+00:00,0.3885,0.3936,0.3816,0.3818,5540395.32
2023-12-12 22:00:00+00:00,0.3818,0.385,0.3796,0.3826,4959076.99
2023-12-12 23:00:00+00:00,0.3826,0.3954,0.3825,0.3937,6201660.81
2023-12-13 00:00:00+00:00,0.3937,0.3966,0.3892,0.3916,6264970.72
2023-12-13 01:00:00+00:00,0.3916,0.3923,0.371,0.3712,9124153.57
2023-12-13 02:00:00+00:00,0.3712,0.3744,0.3652,0.3741,11940531.27
2023-12-13 03:00:00+00:00,0.3741,0.3745,0.3636,0.3662,11092741.66
2023-12-13 04:00:00+00:00,0.3662,0.3703,0.365,0.3695,4320789.23
2023-12-13 05:00:00+00:00,0.3695,0.3726,0.366,0.3719,4484139.36
2023-12-13 06:00:00+00:00,0.3719,0.3725,0.3602,0.3611,10232047.15
2023-12-13 07:00:00+00:00,0.3611,0.3693,0.3586,0.3663,6180441.82
2023-12-13 08:00:00+00:00,0.3663,0.3704,0.3657,0.3698,4968290.7
2023-12-13 09:00:00+00:00,0.3698,0.3698,0.3669,0.3687,2679599.21
2023-12-13 10:00:00+00:00,0.3687,0.3696,0.3644,0.3663,4743829.0
2023-12-13 11:00:00+00:00,0.3663,0.3684,0.3614,0.3631,4612238.5
2023-12-13 12:00:00+00:00,0.3631,0.3685,0.3621,0.3667,3825158.49
2023-12-13 13:00:00+00:00,0.3667,0.3747,0.3652,0.3725,9715244.64
2023-12-13 14:00:00+00:00,0.3725,0.375,0.3692,0.3731,10066015.46
2023-12-13 15:00:00+00:00,0.3731,0.3828,0.3731,0.3818,8804817.69
2023-12-13 16:00:00+00:00,0.3818,0.3852,0.3756,0.3758,7804757.23
2023-12-13 17:00:00+00:00,0.3758,0.378,0.3726,0.375,5240920.37
2023-12-13 18:00:00+00:00,0.375,0.3817,0.3749,0.3792,4631017.91
2023-12-13 19:00:00+00:00,0.3792,0.395,0.3792,0.3939,15863249.58
2023-12-13 20:00:00+00:00,0.3939,0.3956,0.3872,0.3887,10540628.96
2023-12-13 21:00:00+00:00,0.3887,0.3922,0.3867,0.3909,4800711.85
2023-12-13 22:00:00+00:00,0.3909,0.3957,0.3882,0.3921,6141168.98
2023-12-13 23:00:00+00:00,0.3921,0.3964,0.3885,0.3924,4159278.6
2023-12-14 00:00:00+00:00,0.3924,0.3986,0.3902,0.3976,9192077.47
2023-12-14 01:00:00+00:00,0.3976,0.4028,0.3946,0.3986,7740367.38
2023-12-14 02:00:00+00:00,0.3986,0.4043,0.3934,0.4026,9904843.4
2023-12-14 03:00:00+00:00,0.4026,0.4046,0.3942,0.3956,6614053.29
2023-12-14 04:00:00+00:00,0.3956,0.4004,0.395,0.3968,4229866.43
2023-12-14 05:00:00+00:00,0.3968,0.4095,0.3967,0.4017,12543819.18
2023-12-14 06:00:00+00:00,0.4017,0.4048,0.3997,0.4019,5886376.03
2023-12-14 07:00:00+00:00,0.4019,0.4025,0.398,0.4002,4581643.84
2023-12-14 08:00:00+00:00,0.4002,0.4057,0.3971,0.3973,5687411.25
2023-12-14 09:00:00+00:00,0.3973,0.4105,0.3963,0.4093,9012941.68
2023-12-14 10:00:00+00:00,0.4093,0.4195,0.4089,0.4194,15158095.24
2023-12-14 11:00:00+00:00,0.4194,0.429,0.4186,0.4275,22459092.68
2023-12-14 12:00:00+00:00,0.4275,0.4358,0.424,0.4328,18192040.95
2023-12-14 13:00:00+00:00,0.4328,0.4342,0.4056,0.4223,35381830.96
2023-12-14 14:00:00+00:00,0.4223,0.4289,0.4132,0.4185,22762600.48
2023-12-14 15:00:00+00:00,0.4185,0.4225,0.4126,0.4178,11860019.84
2023-12-14 16:00:00+00:00,0.4178,0.4263,0.4144,0.4237,12979058.77
2023-12-14 17:00:00+00:00,0.4237,0.4289,0.4208,0.4225,11795068.14
2023-12-14 18:00:00+00:00,0.4225,0.4256,0.418,0.4206,6052253.9
2023-12-14 19:00:00+00:00,0.4206,0.4285,0.4205,0.4239,5949378.77
2023-12-14 20:00:00+00:00,0.4239,0.4254,0.416,0.4196,9477878.51
2023-12-14 21:00:00+00:00,0.4196,0.4428,0.4194,0.4411,17905546.54
2023-12-14 22:00:00+00:00,0.4411,0.4465,0.4373,0.4425,13207794.92
2023-12-14 23:00:00+00:00,0.4425,0.4444,0.4364,0.4381,6504688.82
2023-12-15 00:00:00+00:00,0.4381,0.4401,0.4318,0.4379,10565567.11
2023-12-15 01:00:00+00:00,0.4379,0.4389,0.4318,0.4357,5671974.79
2023-12-15 02:00:00+00:00,0.4357,0.4374,0.4245,0.428,12965839.75
2023-12-15 03:00:00+00:00,0.428,0.4294,0.4226,0.4253,7411232.32
2023-12-15 04:00:00+00:00,0.4253,0.4258,0.4202,0.422,5433838.35
2023-12-15 05:00:00+00:00,0.422,0.4232,0.4156,0.4164,6045159.19
2023-12-15 06:00:00+00:00,0.4164,0.4187,0.4152,0.4162,5287691.47
2023-12-15 07:00:00+00:00,0.4162,0.4232,0.4161,0.4183,9350884.45
2023-12-15 08:00:00+00:00,0.4183,0.4234,0.4155,0.4232,8819273.47
2023-12-15 09:00:00+00:00,0.4232,0.4295,0.4222,0.4241,6208415.02
2023-12-15 10:00:00+00:00,0.4241,0.4298,0.4224,0.4273,5198080.03
2023-12-15 11:00:00+00:00,0.4273,0.4302,0.423,0.4301,8213346.31
2023-12-15 12:00:00+00:00,0.4301,0.4328,0.4187,0.4202,9180935.58
2023-12-15 13:00:00+00:00,0.4202,0.4245,0.4167,0.4224,8624646.58
2023-12-15 14:00:00+00:00,0.4224,0.4281,0.4183,0.4262,10692237.52
2023-12-15 15:00:00+00:00,0.4262,0.4339,0.4169,0.4327,14351926.8
2023-12-15 16:00:00+00:00,0.4327,0.4408,0.4295,0.4325,14494722.99
2023-12-15 17:00:00+00:00,0.4325,0.4438,0.4325,0.4381,9850395.21
2023-12-15 18:00:00+00:00,0.4381,0.443,0.4345,0.443,7579355.89
2023-12-15 19:00:00+00:00,0.443,0.4579,0.4402,0.4532,18567155.34
2023-12-15 20:00:00+00:00,0.4532,0.4544,0.443,0.4445,11798618.69
2023-12-15 21:00:00+00:00,0.4445,0.4469,0.4372,0.439,6333997.11
2023-12-15 22:00:00+00:00,0.439,0.4401,0.4322,0.4326,5816739.48
2023-12-15 23:00:00+00:00,0.4326,0.4354,0.4222,0.4223,8069229.51
2023-12-16 00:00:00+00:00,0.4223,0.4283,0.4084,0.4138,15635265.36
2023-12-16 01:00:00+00:00,0.4138,0.4226,0.4134,0.4187,5496581.14
2023-12-16 02:00:00+00:00,0.4187,0.4273,0.4181,0.4272,2874131.27
2023-12-16 03:00:00+00:00,0.4272,0.4315,0.4235,0.424,6222023.64
2023-12-16 04:00:00+00:00,0.424,0.4292,0.4235,0.4267,2635249.21
2023-12-16 05:00:00+00:00,0.4267,0.4329,0.4252,0.4281,5141812.95
2023-12-16 06:00:00+00:00,0.4281,0.4287,0.4224,0.4245,3188991.41
2023-12-16 07:00:00+00:00,0.4245,0.4246,0.4199,0.4219,2502505.6
2023-12-16 08:00:00+00:00,0.4219,0.4224,0.4171,0.4175,5720819.72
2023-12-16 09:00:00+00:00,0.4175,0.4214,0.4175,0.4186,2812432.57
2023-12-16 10:00:00+00:00,0.4186,0.4202,0.416,0.4171,2996738.75
2023-12-16 11:00:00+00:00,0.4171,0.4222,0.4156,0.4219,3869707.72
2023-12-16 12:00:00+00:00,0.4219,0.425,0.4184,0.4242,5115184.94
2023-12-16 13:00:00+00:00,0.4242,0.4296,0.421,0.4277,6422156.6
2023-12-16 14:00:00+00:00,0.4277,0.4281,0.4194,0.4231,5907178.21
2023-12-16 15:00:00+00:00,0.4231,0.4365,0.4199,0.4356,7604165.96
2023-12-16 16:00:00+00:00,0.4356,0.4434,0.4303,0.4399,11538336.68
2023-12-16 17:00:00+00:00,0.4399,0.4419,0.4332,0.4339,7637997.55
2023-12-16 18:00:00+00:00,0.4339,0.4342,0.4188,0.4217,9045198.54
2023-12-16 19:00:00+00:00,0.4217,0.4252,0.4151,0.4185,7872400.34
2023-12-16 20:00:00+00:00,0.4185,0.4246,0.4158,0.4175,9357725.52
2023-12-16 21:00:00+00:00,0.4175,0.4207,0.4137,0.4149,4353871.93
2023-12-16 22:00:00+00:00,0.4149,0.4195,0.4122,0.4181,4280116.86
2023-12-16 23:00:00+00:00,0.4181,0.419,0.4116,0.4187,3911369.04
2023-12-17 00:00:00+00:00,0.4187,0.4221,0.4184,0.4188,3676998.86
2023-12-17 01:00:00+00:00,0.4188,0.424,0.4145,0.4195,4084942.99
2023-12-17 02:00:00+00:00,0.4195,0.4246,0.4186,0.4237,3463441.62
2023-12-17 03:00:00+00:00,0.4237,0.4255,0.4195,0.421,4397431.04
2023-12-17 04:00:00+00:00,0.421,0.4265,0.4196,0.4207,3001760.11
2023-12-17 05:00:00+00:00,0.4207,0.4271,0.4149,0.4189,4756100.57
2023-12-17 06:00:00+00:00,0.4189,0.4264,0.4114,0.4165,7179576.3
2023-12-17 07:00:00+00:00,0.4165,0.4179,0.4049,0.4058,6846157.42
2023-12-17 08:00:00+00:00,0.4058,0.4111,0.4051,0.4105,3666378.79
2023-12-17 09:00:00+00:00,0.4105,0.4159,0.409,0.4152,3918163.28
2023-12-17 10:00:00+00:00,0.4152,0.4198,0.4139,0.4159,4544475.78
2023-12-17 11:00:00+00:00,0.4159,0.4187,0.4123,0.4166,3139771.18
2023-12-17 12:00:00+00:00,0.4166,0.419,0.4114,0.4144,3906995.99
2023-12-17 13:00:00+00:00,0.4144,0.4154,0.4033,0.4053,8017538.94
2023-12-17 14:00:00+00:00,0.4053,0.4119,0.4002,0.4046,8108567.72
2023-12-17 15:00:00+00:00,0.4046,0.4105,0.4027,0.4096,4607146.99
2023-12-17 16:00:00+00:00,0.4096,0.4147,0.4053,0.4147,3960450.24
2023-12-17 17:00:00+00:00,0.4147,0.4207,0.4135,0.4152,6770128.22
2023-12-17 18:00:00+00:00,0.4152,0.416,0.4085,0.4141,4193546.4
2023-12-17 19:00:00+00:00,0.4141,0.4165,0.4121,0.4126,2683191.27
2023-12-17 20:00:00+00:00,0.4126,0.4152,0.4104,0.4133,1777653.93
2023-12-17 21:00:00+00:00,0.4133,0.4138,0.4077,0.4098,2452583.49
2023-12-17 22:00:00+00:00,0.4098,0.41,0.4,0.4018,5443901.3
2023-12-17 23:00:00+00:00,0.4018,0.4018,0.3925,0.3936,9436923.36
2023-12-18 00:00:00+00:00,0.3936,0.4015,0.3926,0.3992,4251605.97
2023-12-18 01:00:00+00:00,0.3992,0.4031,0.3902,0.3926,6199606.71
2023-12-18 02:00:00+00:00,0.3926,0.3996,0.3908,0.3934,6626392.66
2023-12-18 03:00:00+00:00,0.3934,0.3978,0.3924,0.3927,4543433.47
2023-12-18 04:00:00+00:00,0.3927,0.3971,0.3916,0.3965,2473002.78
2023-12-18 05:00:00+00:00,0.3965,0.3996,0.392,0.3948,6103696.08
2023-12-18 06:00:00+00:00,0.3948,0.4013,0.3917,0.4011,5239028.38
2023-12-18 07:00:00+00:00,0.4011,0.4027,0.3906,0.3925,6519247.87
2023-12-18 08:00:00+00:00,0.3925,0.3968,0.3853,0.3951,10526026.94
2023-12-18 09:00:00+00:00,0.3951,0.3959,0.3829,0.3883,8593505.67
2023-12-18 10:00:00+00:00,0.3883,0.3885,0.3745,0.3833,15733938.44
2023-12-18 11:00:00+00:00,0.3833,0.3904,0.3826,0.39,4918178.38
2023-12-18 12:00:00+00:00,0.39,0.3921,0.3852,0.3892,5244053.42
2023-12-18 13:00:00+00:00,0.3892,0.4099,0.3876,0.4066,14740296.43
2023-12-18 14:00:00+00:00,0.4066,0.4158,0.4047,0.412,11035465.01
2023-12-18 15:00:00+00:00,0.412,0.4139,0.4062,0.4075,9797938.18
2023-12-18 16:00:00+00:00,0.4075,0.4117,0.405,0.4078,6303577.4
2023-12-18 17:00:00+00:00,0.4078,0.4091,0.4051,0.4058,4173089.93
2023-12-18 18:00:00+00:00,0.4058,0.4067,0.4013,0.4046,7193422.97
2023-12-18 19:00:00+00:00,0.4046,0.4103,0.4038,0.4055,4351899.51
2023-12-18 20:00:00+00:00,0.4055,0.4134,0.4026,0.4109,5090368.6
2023-12-18 21:00:00+00:00,0.4109,0.4165,0.4107,0.4154,6575633.52
2023-12-18 22:00:00+00:00,0.4154,0.4162,0.4099,0.4145,6293258.55
2023-12-18 23:00:00+00:00,0.4145,0.4186,0.412,0.4135,4327276.78
2023-12-19 00:00:00+00:00,0.4135,0.4184,0.4098,0.4122,4441523.94
2023-12-19 01:00:00+00:00,0.4122,0.4194,0.4112,0.4186,3507781.73
2023-12-19 02:00:00+00:00,0.4186,0.4203,0.4134,0.4138,6424671.87
2023-12-19 03:00:00+00:00,0.4138,0.4157,0.4116,0.4127,4865060.3
2023-12-19 04:00:00+00:00,0.4127,0.4145,0.4069,0.4101,5123305.38
2023-12-19 05:00:00+00:00,0.4101,0.4119,0.4091,0.4108,2831437.63
2023-12-19 06:00:00+00:00,0.4108,0.4126,0.4078,0.4084,4807217.57
2023-12-19 07:00:00+00:00,0.4084,0.4118,0.4075,0.41,4003096.58
2023-12-19 08:00:00+00:00,0.41,0.4155,0.4064,0.4073,6180658.46
2023-12-19 09:00:00+00:00,0.4073,0.4097,0.403,0.407,4205881.41
2023-12-19 10:00:00+00:00,0.407,0.4143,0.4045,0.4124,7124471.89
2023-12-19 11:00:00+00:00,0.4124,0.4205,0.411,0.4122,8908258.95
2023-12-19 12:00:00+00:00,0.4122,0.4178,0.4077,0.41,6948724.45
2023-12-19 13:00:00+00:00,0.41,0.4122,0.408,0.4084,4286409.77
2023-12-19 14:00:00+00:00,0.4084,0.4142,0.4003,0.4082,13623101.03
2023-12-19 15:00:00+00:00,0.4082,0.4188,0.4051,0.4112,12967034.63
2023-12-19 16:00:00+00:00,0.4112,0.4136,0.4057,0.4068,5652472.96
2023-12-19 17:00:00+00:00,0.4068,0.4079,0.393,0.394,9951054.42
2023-12-19 18:00:00+00:00,0.394,0.4079,0.3921,0.4075,10758431.77
2023-12-19 19:00:00+00:00,0.4075,0.4105,0.4043,0.4077,5859414.7
2023-12-19 20:00:00+00:00,0.4077,0.4096,0.4022,0.4034,3158580.88
2023-12-19 21:00:00+00:00,0.4034,0.4066,0.403,0.4053,2182904.25
2023-12-19 22:00:00+00:00,0.4053,0.4059,0.398,0.399,3036718.8
2023-12-19 23:00:00+00:00,0.399,0.4005,0.3963,0.3979,2594204.71
2023-12-20 00:00:00+00:00,0.3979,0.4028,0.3971,0.4022,2819730.63
2023-12-20 01:00:00+00:00,0.4022,0.4024,0.393,0.3947,2842138.9
2023-12-20 02:00:00+00:00,0.3947,0.3998,0.3902,0.3995,3972959.48
2023-12-20 03:00:00+00:00,0.3995,0.4033,0.3989,0.4031,2523952.79
2023-12-20 04:00:00+00:00,0.4031,0.416,0.401,0.4138,5521189.65
2023-12-20 05:00:00+00:00,0.4138,0.4154,0.406,0.4089,5988077.18
2023-12-20 06:00:00+00:00,0.4089,0.4126,0.407,0.4117,6565571.19
2023-12-20 07:00:00+00:00,0.4117,0.4247,0.4116,0.4229,11619317.62
2023-12-20 08:00:00+00:00,0.4229,0.4287,0.4197,0.425,10320391.54
2023-12-20 09:00:00+00:00,0.425,0.4284,0.4235,0.4268,7894049.18
2023-12-20 10:00:00+00:00,0.4268,0.4306,0.4238,0.4238,10536382.8
2023-12-20 11:00:00+00:00,0.4238,0.4258,0.4203,0.4237,6911866.19
2023-12-20 12:00:00+00:00,0.4237,0.4322,0.4237,0.4314,17018138.2
2023-12-20 13:00:00+00:00,0.4314,0.4354,0.4293,0.4352,9306067.52
2023-12-20 14:00:00+00:00,0.4352,0.4365,0.4274,0.4289,12184709.0
2023-12-20 15:00:00+00:00,0.4289,0.4356,0.4269,0.4319,7875561.33
2023-12-20 16:00:00+00:00,0.4319,0.4342,0.4272,0.4294,7017132.0
2023-12-20 17:00:00+00:00,0.4294,0.4399,0.428,0.4392,12056590.34
2023-12-20 18:00:00+00:00,0.4392,0.4527,0.4383,0.4526,17548918.06
2023-12-20 19:00:00+00:00,0.4526,0.4557,0.4412,0.4421,14745960.68
2023-12-20 20:00:00+00:00,0.4421,0.4459,0.4329,0.4389,14226642.38
2023-12-20 21:00:00+00:00,0.4389,0.4494,0.4381,0.4452,8498987.31
2023-12-20 22:00:00+00:00,0.4452,0.4489,0.4415,0.4421,10497185.05
2023-12-20 23:00:00+00:00,0.4421,0.45,0.4418,0.4475,6219001.7
2023-12-21 00:00:00+00:00,0.4475,0.4548,0.4441,0.4458,14394825.49
2023-12-21 01:00:00+00:00,0.4458,0.4536,0.4442,0.4523,10912120.1
2023-12-21 02:00:00+00:00,0.4523,0.4575,0.4447,0.4504,24716942.54
2023-12-21 03:00:00+00:00,0.4504,0.4534,0.4435,0.4483,12952852.59
2023-12-21 04:00:00+00:00,0.4483,0.4502,0.4445,0.4489,5543627.08
2023-12-21 05:00:00+00:00,0.4489,0.4491,0.4376,0.4387,7312985.49
2023-12-21 06:00:00+00:00,0.4387,0.4418,0.4357,0.4417,6724280.81
2023-12-21 07:00:00+00:00,0.4417,0.4441,0.4388,0.443,7136382.94
2023-12-21 08:00:00+00:00,0.443,0.4489,0.4407,0.4434,7513386.93
2023-12-21 09:00:00+00:00,0.4434,0.4514,0.4433,0.4462,10027784.94
2023-12-21 10:00:00+00:00,0.4462,0.4666,0.446,0.4619,23244343.48
2023-12-21 11:00:00+00:00,0.4619,0.4736,0.4606,0.4645,19250207.42
2023-12-21 12:00:00+00:00,0.4645,0.4689,0.4603,0.4642,10615786.58
2023-12-21 13:00:00+00:00,0.4642,0.4732,0.4604,0.4721,10304966.89
2023-12-21 14:00:00+00:00,0.4721,0.4778,0.4654,0.47,24245929.67
2023-12-21 15:00:00+00:00,0.47,0.4766,0.4672,0.4755,21605729.9
2023-12-21 16:00:00+00:00,0.4755,0.4896,0.4738,0.4805,29908062.19
2023-12-21 17:00:00+00:00,0.4805,0.4948,0.4777,0.4912,22746605.76
2023-12-21 18:00:00+00:00,0.4912,0.4977,0.4858,0.4874,22078914.05
2023-12-21 19:00:00+00:00,0.4874,0.4952,0.4823,0.4893,16168799.6
2023-12-21 20:00:00+00:00,0.4893,0.4919,0.4863,0.4885,10964744.47
2023-12-21 21:00:00+00:00,0.4885,0.4886,0.4778,0.4807,12092692.81
2023-12-21 22:00:00+00:00,0.4807,0.4861,0.4792,0.4841,5115344.24
2023-12-21 23:00:00+00:00,0.4841,0.49,0.4825,0.4876,5824358.83
2023-12-22 00:00:00+00:00,0.4876,0.4993,0.4863,0.4989,15208108.95
2023-12-22 01:00:00+00:00,0.4989,0.5037,0.4938,0.5019,12976750.03
2023-12-22 02:00:00+00:00,0.5019,0.5179,0.5011,0.5075,25282768.37
2023-12-22 03:00:00+00:00,0.5075,0.5125,0.4937,0.5002,18059120.61
2023-12-22 04:00:00+00:00,0.5002,0.5032,0.4958,0.5022,11794107.79
2023-12-22 05:00:00+00:00,0.5022,0.5051,0.4964,0.4986,12422620.67
2023-12-22 06:00:00+00:00,0.4986,0.5051,0.4859,0.4885,12495837.12
2023-12-22 07:00:00+00:00,0.4885,0.4928,0.4809,0.4844,11589307.29
2023-12-22 08:00:00+00:00,0.4844,0.5017,0.4839,0.4961,16469345.12
2023-12-22 09:00:00+00:00,0.4961,0.4976,0.4708,0.478,14864688.81
2023-12-22 10:00:00+00:00,0.478,0.4824,0.4748,0.4803,6883602.7
2023-12-22 11:00:00+00:00,0.4803,0.4842,0.4779,0.4835,5468835.48
2023-12-22 12:00:00+00:00,0.4835,0.4876,0.477,0.4811,8316540.58
2023-12-22 13:00:00+00:00,0.4811,0.485,0.4764,0.4831,7054864.32
2023-12-22 14:00:00+00:00,0.4831,0.4842,0.4732,0.4804,9027550.53
2023-12-22 15:00:00+00:00,0.4804,0.4963,0.4761,0.4906,11358984.16
2023-12-22 16:00:00+00:00,0.4906,0.4944,0.4811,0.4866,7054148.8
2023-12-22 17:00:00+00:00,0.4866,0.4912,0.4831,0.4865,5046379.22
2023-12-22 18:00:00+00:00,0.4865,0.4907,0.4841,0.4902,4690601.85
2023-12-22 19:00:00+00:00,0.4902,0.4911,0.4809,0.4845,6544415.79
2023-12-22 20:00:00+00:00,0.4845,0.4912,0.484,0.4882,3353255.05
2023-12-22 21:00:00+00:00,0.4882,0.4942,0.4857,0.4941,4002278.83
2023-12-22 22:00:00+00:00,0.4941,0.4943,0.487,0.4879,2493121.54
2023-12-22 23:00:00+00:00,0.4879,0.4937,0.4864,0.4886,3340845.55
2023-12-23 00:00:00+00:00,0.4886,0.4935,0.4841,0.4841,6333196.27
2023-12-23 01:00:00+00:00,0.4841,0.4868,0.4769,0.4776,6461148.96
2023-12-23 02:00:00+00:00,0.4776,0.4934,0.4764,0.4904,10230503.72
2023-12-23 03:00:00+00:00,0.4904,0.492,0.478,0.4788,4818020.06
2023-12-23 04:00:00+00:00,0.4788,0.4878,0.4778,0.4815,4346389.52
2023-12-23 05:00:00+00:00,0.4815,0.4937,0.4807,0.4908,5100226.02
2023-12-23 06:00:00+00:00,0.4908,0.4976,0.4897,0.4961,5901460.27
2023-12-23 07:00:00+00:00,0.4961,0.5011,0.4913,0.4963,6970747.51
2023-12-23 08:00:00+00:00,0.4963,0.5086,0.495,0.5082,12277003.33
2023-12-23 09:00:00+00:00,0.5082,0.509,0.501,0.5026,9372927.9
2023-12-23 10:00:00+00:00,0.5026,0.5045,0.4953,0.4994,8131128.89
2023-12-23 11:00:00+00:00,0.4994,0.5013,0.4949,0.4966,4402831.49
2023-12-23 12:00:00+00:00,0.4966,0.4992,0.4927,0.4978,4535823.33
2023-12-23 13:00:00+00:00,0.4978,0.4983,0.4914,0.4918,4910430.8
2023-12-23 14:00:00+00:00,0.4918,0.4999,0.4897,0.4962,6328660.46
2023-12-23 15:00:00+00:00,0.4962,0.4989,0.4917,0.498,4712754.65
2023-12-23 16:00:00+00:00,0.498,0.5002,0.4965,0.4995,5156916.4
2023-12-23 17:00:00+00:00,0.4995,0.5062,0.4993,0.5061,6289638.08
2023-12-23 18:00:00+00:00,0.5061,0.5118,0.5033,0.5075,9197373.63
2023-12-23 19:00:00+00:00,0.5075,0.5179,0.5075,0.515,14486596.71
2023-12-23 20:00:00+00:00,0.515,0.5246,0.511,0.5226,9142722.6
2023-12-23 21:00:00+00:00,0.5226,0.5266,0.5149,0.5246,9889510.29
2023-12-23 22:00:00+00:00,0.5246,0.5252,0.5166,0.5195,10729635.5
2023-12-23 23:00:00+00:00,0.5195,0.5207,0.5121,0.5155,12544795.31
2023-12-24 00:00:00+00:00,0.5155,0.52,0.51,0.5148,9064531.4
2023-12-24 01:00:00+00:00,0.5148,0.5229,0.5118,0.5144,9652236.18
2023-12-24 02:00:00+00:00,0.5144,0.5277,0.5142,0.5189,6434346.72
2023-12-24 03:00:00+00:00,0.5189,0.524,0.5166,0.5217,5707987.94
2023-12-24 04:00:00+00:00,0.5217,0.5313,0.5201,0.5299,10182727.18
2023-12-24 05:00:00+00:00,0.5299,0.5313,0.506,0.5112,13096954.8
2023-12-24 06:00:00+00:00,0.5112,0.514,0.4986,0.5009,16069230.75
2023-12-24 07:00:00+00:00,0.5009,0.5094,0.4991,0.508,9312060.11
2023-12-24 08:00:00+00:00,0.508,0.5142,0.5028,0.513,6910830.14
2023-12-24 09:00:00+00:00,0.513,0.5231,0.5107,0.5172,10736295.93
2023-12-24 10:00:00+00:00,0.5172,0.5173,0.5026,0.511,9873375.34
2023-12-24 11:00:00+00:00,0.511,0.5184,0.5097,0.5177,6191304.29
2023-12-24 12:00:00+00:00,0.5177,0.5263,0.5119,0.5216,9452837.92
2023-12-24 13:00:00+00:00,0.5216,0.5292,0.5183,0.5273,7274157.73
2023-12-24 14:00:00+00:00,0.5273,0.5375,0.5267,0.529,13743224.15
2023-12-24 15:00:00+00:00,0.529,0.54,0.5262,0.5367,12400429.07
2023-12-24 16:00:00+00:00,0.5367,0.5488,0.5331,0.5409,16297161.58
2023-12-24 17:00:00+00:00,0.5409,0.5423,0.536,0.5374,7188670.45
2023-12-24 18:00:00+00:00,0.5374,0.5424,0.5355,0.5422,6648387.55
2023-12-24 19:00:00+00:00,0.5422,0.5428,0.5325,0.5367,7343712.68
2023-12-24 20:00:00+00:00,0.5367,0.54,0.5253,0.5281,10380963.97
2023-12-24 21:00:00+00:00,0.5281,0.5304,0.5232,0.5255,7141021.88
2023-12-24 22:00:00+00:00,0.5255,0.5272,0.5106,0.5182,14090952.13
2023-12-24 23:00:00+00:00,0.5182,0.5311,0.5155,0.5262,8456849.04
2023-12-25 00:00:00+00:00,0.5262,0.537,0.5161,0.521,11427621.06
2023-12-25 01:00:00+00:00,0.521,0.5295,0.5208,0.5247,6652449.31
2023-12-25 02:00:00+00:00,0.5247,0.5306,0.5168,0.5218,6036515.57
2023-12-25 03:00:00+00:00,0.5218,0.5257,0.5199,0.5219,3529143.62
2023-12-25 04:00:00+00:00,0.5219,0.5388,0.5215,0.534,8379430.9
2023-12-25 05:00:00+00:00,0.534,0.5449,0.5302,0.5446,6034372.28
2023-12-25 06:00:00+00:00,0.5446,0.5554,0.5435,0.553,13838213.35
2023-12-25 07:00:00+00:00,0.553,0.5576,0.5434,0.5447,19736833.86
2023-12-25 08:00:00+00:00,0.5447,0.5479,0.541,0.542,11988696.38
2023-12-25 09:00:00+00:00,0.542,0.5446,0.5318,0.5352,11922692.38
2023-12-25 10:00:00+00:00,0.5352,0.5377,0.5301,0.5313,5821371.21
2023-12-25 11:00:00+00:00,0.5313,0.5424,0.5274,0.5379,9903360.28
2023-12-25 12:00:00+00:00,0.5379,0.545,0.5317,0.5447,6662059.27
2023-12-25 13:00:00+00:00,0.5447,0.5481,0.5413,0.5417,7247451.17
2023-12-25 14:00:00+00:00,0.5417,0.554,0.5391,0.5528,7075210.84
2023-12-25 15:00:00+00:00,0.5528,0.5587,0.5482,0.5572,9184226.5
2023-12-25 16:00:00+00:00,0.5572,0.5667,0.5456,0.5498,13161846.62
2023-12-25 17:00:00+00:00,0.5498,0.5552,0.5453,0.5478,9058122.14
2023-12-25 18:00:00+00:00,0.5478,0.5588,0.5478,0.5536,6832338.26
2023-12-25 19:00:00+00:00,0.5536,0.5543,0.5423,0.5436,5391956.56
2023-12-25 20:00:00+00:00,0.5436,0.5455,0.5377,0.5432,7582719.23
2023-12-25 21:00:00+00:00,0.5432,0.5465,0.5357,0.5461,6773137.42
2023-12-25 22:00:00+00:00,0.5461,0.5585,0.546,0.5528,8004604.19
2023-12-25 23:00:00+00:00,0.5528,0.5593,0.5512,0.556,3021131.37
2023-12-26 00:00:00+00:00,0.556,0.5614,0.5509,0.5533,5032242.7
2023-12-26 01:00:00+00:00,0.5533,0.556,0.5474,0.5542,3997145.19
2023-12-26 02:00:00+00:00,0.5542,0.5624,0.5538,0.5587,4845176.92
2023-12-26 03:00:00+00:00,0.5587,0.5651,0.5546,0.5644,5251477.01
2023-12-26 04:00:00+00:00,0.5644,0.5668,0.5595,0.5642,5939872.33
2023-12-26 05:00:00+00:00,0.5642,0.5644,0.5339,0.5395,16587072.4
2023-12-26 06:00:00+00:00,0.5395,0.5463,0.5333,0.5362,12548667.83
2023-12-26 07:00:00+00:00,0.5362,0.5466,0.5319,0.5406,9469274.15
2023-12-26 08:00:00+00:00,0.5406,0.5426,0.5341,0.5426,6959568.43
2023-12-26 09:00:00+00:00,0.5426,0.5429,0.5296,0.5351,9257185.69
2023-12-26 10:00:00+00:00,0.5351,0.5442,0.5333,0.5421,7188445.36
2023-12-26 11:00:00+00:00,0.5421,0.5433,0.5377,0.5422,4841474.38
2023-12-26 12:00:00+00:00,0.5422,0.5477,0.5393,0.5476,6465010.97
2023-12-26 13:00:00+00:00,0.5476,0.5556,0.5469,0.5502,10717999.33
2023-12-26 14:00:00+00:00,0.5502,0.5558,0.5423,0.5472,8119662.34
2023-12-26 15:00:00+00:00,0.5472,0.5478,0.5291,0.53,11000452.74
2023-12-26 16:00:00+00:00,0.53,0.5375,0.5281,0.5321,8786070.49
2023-12-26 17:00:00+00:00,0.5321,0.5328,0.488,0.5081,28836065.18
2023-12-26 18:00:00+00:00,0.5081,0.514,0.502,0.5107,10980432.41
2023-12-26 19:00:00+00:00,0.5107,0.5162,0.5073,0.5099,8191216.05
2023-12-26 20:00:00+00:00,0.5099,0.5174,0.5086,0.5147,7870102.05
2023-12-26 21:00:00+00:00,0.5147,0.5213,0.5128,0.517,6223220.41
2023-12-26 22:00:00+00:00,0.517,0.5286,0.5169,0.5273,5184347.7
2023-12-26 23:00:00+00:00,0.5273,0.5382,0.5247,0.5377,5459728.39
2023-12-27 00:00:00+00:00,0.5377,0.5435,0.5298,0.5298,9022546.17
2023-12-27 01:00:00+00:00,0.5298,0.5323,0.5256,0.5299,4001626.64
2023-12-27 02:00:00+00:00,0.5299,0.5304,0.5144,0.5155,7011274.89
2023-12-27 03:00:00+00:00,0.5155,0.5179,0.5047,0.507,7283353.68
2023-12-27 04:00:00+00:00,0.507,0.5144,0.5069,0.5089,3303041.39
2023-12-27 05:00:00+00:00,0.5089,0.5137,0.5061,0.5136,3558403.01
2023-12-27 06:00:00+00:00,0.5136,0.5159,0.5101,0.5107,4627287.27
2023-12-27 07:00:00+00:00,0.5107,0.5117,0.5057,0.5069,3861148.74
2023-12-27 08:00:00+00:00,0.5069,0.5205,0.5061,0.5188,8928721.64
2023-12-27 09:00:00+00:00,0.5188,0.5194,0.5143,0.5145,4028340.58
2023-12-27 10:00:00+00:00,0.5145,0.5262,0.5137,0.526,6078399.29
2023-12-27 11:00:00+00:00,0.526,0.5277,0.522,0.5242,4104586.26
2023-12-27 12:00:00+00:00,0.5242,0.5259,0.5186,0.5196,4733210.33
2023-12-27 13:00:00+00:00,0.5196,0.5235,0.5136,0.5139,5811773.55
2023-12-27 14:00:00+00:00,0.5139,0.515,0.5039,0.5068,14039984.67
2023-12-27 15:00:00+00:00,0.5068,0.5092,0.4961,0.5012,12776434.86
2023-12-27 16:00:00+00:00,0.5012,0.5107,0.4983,0.5077,9214388.95
2023-12-27 17:00:00+00:00,0.5077,0.513,0.5049,0.5123,7535104.74
2023-12-27 18:00:00+00:00,0.5123,0.5163,0.5082,0.5156,5584599.43
2023-12-27 19:00:00+00:00,0.5156,0.5158,0.5075,0.5082,3926632.37
2023-12-27 20:00:00+00:00,0.5082,0.5153,0.5077,0.5119,2932805.02
2023-12-27 21:00:00+00:00,0.5119,0.5157,0.5066,0.5111,6304414.24
2023-12-27 22:00:00+00:00,0.5111,0.5138,0.5007,0.5037,4396997.9
2023-12-27 23:00:00+00:00,0.5037,0.5068,0.5035,0.5064,2107193.28
2023-12-28 00:00:00+00:00,0.5064,0.5199,0.5047,0.5172,7949151.22
2023-12-28 01:00:00+00:00,0.5172,0.5193,0.51,0.5123,4322494.38
2023-12-28 02:00:00+00:00,0.5123,0.5143,0.5033,0.5035,4205915.01
2023-12-28 03:00:00+00:00,0.5035,0.5063,0.5013,0.5039,3638011.65
2023-12-28 04:00:00+00:00,0.5039,0.5098,0.5016,0.5032,2989799.3
2023-12-28 05:00:00+00:00,0.5032,0.5045,0.4934,0.4976,7269797.39
2023-12-28 06:00:00+00:00,0.4976,0.4977,0.4866,0.4884,10151120.64
2023-12-28 07:00:00+00:00,0.4884,0.4946,0.4867,0.4942,9400775.14
2023-12-28 08:00:00+00:00,0.4942,0.4943,0.4884,0.4893,4404887.15
2023-12-28 09:00:00+00:00,0.4893,0.4945,0.488,0.4907,4102836.08
2023-12-28 10:00:00+00:00,0.4907,0.4963,0.4893,0.4929,4611642.31
2023-12-28 11:00:00+00:00,0.4929,0.4963,0.4906,0.4932,6729829.25
2023-12-28 12:00:00+00:00,0.4932,0.4965,0.4812,0.4829,11805683.89
2023-12-28 13:00:00+00:00,0.4829,0.4885,0.4769,0.483,7555910.83
2023-12-28 14:00:00+00:00,0.483,0.4846,0.4709,0.4805,16086702.17
2023-12-28 15:00:00+00:00,0.4805,0.4826,0.4761,0.4792,6383912.42
2023-12-28 16:00:00+00:00,0.4792,0.4796,0.4727,0.4781,5975704.05
2023-12-28 17:00:00+00:00,0.4781,0.4852,0.478,0.4826,8283069.1
2023-12-28 18:00:00+00:00,0.4826,0.4862,0.4806,0.483,3025206.52
2023-12-28 19:00:00+00:00,0.483,0.4861,0.4824,0.4853,2188269.36
2023-12-28 20:00:00+00:00,0.4853,0.4857,0.4774,0.4837,2349108.2
2023-12-28 21:00:00+00:00,0.4837,0.4859,0.4776,0.4792,2405793.2
2023-12-28 22:00:00+00:00,0.4792,0.4845,0.4779,0.4841,3004761.77
2023-12-28 23:00:00+00:00,0.4841,0.4848,0.4801,0.4804,2667902.41
2023-12-29 00:00:00+00:00,0.4804,0.4838,0.4738,0.4778,3944132.98
2023-12-29 01:00:00+00:00,0.4778,0.4845,0.4718,0.4793,8363216.96
2023-12-29 02:00:00+00:00,0.4793,0.4896,0.4775,0.4884,6643110.46
2023-12-29 03:00:00+00:00,0.4884,0.4914,0.4874,0.4893,3309249.41
2023-12-29 04:00:00+00:00,0.4893,0.4924,0.4873,0.4914,2630153.09
2023-12-29 05:00:00+00:00,0.4914,0.492,0.4864,0.4898,2610480.2
2023-12-29 06:00:00+00:00,0.4898,0.4954,0.4878,0.4952,5752581.64
2023-12-29 07:00:00+00:00,0.4952,0.5042,0.4882,0.4898,13013711.89
2023-12-29 08:00:00+00:00,0.4898,0.498,0.4895,0.4979,4720648.83
2023-12-29 09:00:00+00:00,0.4979,0.5056,0.4957,0.5011,8259973.42
2023-12-29 10:00:00+00:00,0.5011,0.5062,0.4997,0.5,4760654.95
2023-12-29 11:00:00+00:00,0.5,0.5049,0.4981,0.5026,4150504.86
2023-12-29 12:00:00+00:00,0.5026,0.5045,0.498,0.4998,3768320.99
2023-12-29 13:00:00+00:00,0.4998,0.5012,0.4947,0.499,4609634.59
2023-12-29 14:00:00+00:00,0.499,0.4994,0.4916,0.4983,4632326.55
2023-12-29 15:00:00+00:00,0.4983,0.4984,0.4765,0.4819,8737549.67
2023-12-29 16:00:00+00:00,0.4819,0.4858,0.4725,0.4735,9946404.05
2023-12-29 17:00:00+00:00,0.4735,0.4788,0.471,0.4758,6385386.07
2023-12-29 18:00:00+00:00,0.4758,0.4816,0.4748,0.4812,4528325.59
2023-12-29 19:00:00+00:00,0.4812,0.4813,0.4757,0.4798,3559968.52
2023-12-29 20:00:00+00:00,0.4798,0.4798,0.4746,0.4759,1734718.96
2023-12-29 21:00:00+00:00,0.4759,0.4799,0.4728,0.4743,2484517.89
2023-12-29 22:00:00+00:00,0.4743,0.4746,0.4627,0.4705,7048252.77
2023-12-29 23:00:00+00:00,0.4705,0.4762,0.4703,0.4754,2252362.23
2023-12-30 00:00:00+00:00,0.4754,0.4772,0.4746,0.4753,1539383.93
2023-12-30 01:00:00+00:00,0.4753,0.4807,0.4739,0.4781,1673592.74
2023-12-30 02:00:00+00:00,0.4781,0.4786,0.4659,0.4664,8677266.56
2023-12-30 03:00:00+00:00,0.4664,0.4703,0.4641,0.4651,3504169.8
2023-12-30 04:00:00+00:00,0.4651,0.4692,0.4648,0.4669,1793283.42
2023-12-30 05:00:00+00:00,0.4669,0.4706,0.4664,0.4705,2819227.98
2023-12-30 06:00:00+00:00,0.4705,0.4716,0.469,0.47,1518169.01
2023-12-30 07:00:00+00:00,0.47,0.4717,0.4666,0.4674,1547811.19
2023-12-30 08:00:00+00:00,0.4674,0.4679,0.4587,0.4597,5325656.7
2023-12-30 09:00:00+00:00,0.4597,0.4633,0.457,0.4614,5406010.54
2023-12-30 10:00:00+00:00,0.4614,0.4648,0.4592,0.4644,2876897.95
2023-12-30 11:00:00+00:00,0.4644,0.4689,0.4643,0.4685,2269749.21
2023-12-30 12:00:00+00:00,0.4685,0.4735,0.4682,0.4687,3880579.15
2023-12-30 13:00:00+00:00,0.4687,0.4707,0.4672,0.4699,1768145.06
2023-12-30 14:00:00+00:00,0.4699,0.4756,0.4671,0.4709,4013071.4
2023-12-30 15:00:00+00:00,0.4709,0.4775,0.4683,0.4755,3703282.66
2023-12-30 16:00:00+00:00,0.4755,0.477,0.4707,0.4715,4631276.08
2023-12-30 17:00:00+00:00,0.4715,0.4741,0.4701,0.4717,2548300.62
2023-12-30 18:00:00+00:00,0.4717,0.4724,0.4676,0.4697,2321361.44
2023-12-30 19:00:00+00:00,0.4697,0.4703,0.4677,0.4682,1684699.64
2023-12-30 20:00:00+00:00,0.4682,0.4691,0.4663,0.4667,1504451.62
2023-12-30 21:00:00+00:00,0.4667,0.4707,0.4665,0.4705,1645058.96
2023-12-30 22:00:00+00:00,0.4705,0.4709,0.4629,0.4651,1845905.17
2023-12-30 23:00:00+00:00,0.4651,0.468,0.4645,0.4654,1301203.87
2023-12-31 00:00:00+00:00,0.4654,0.4707,0.4638,0.4696,1741549.95
2023-12-31 01:00:00+00:00,0.4696,0.4714,0.4657,0.4659,1390857.48
2023-12-31 02:00:00+00:00,0.4659,0.4669,0.4593,0.4625,1938974.81
2023-12-31 03:00:00+00:00,0.4625,0.4636,0.4603,0.4632,1995190.41
2023-12-31 04:00:00+00:00,0.4632,0.47,0.4627,0.4673,2468970.45
2023-12-31 05:00:00+00:00,0.4673,0.4732,0.4667,0.4698,1348596.93
2023-12-31 06:00:00+00:00,0.4698,0.4746,0.4696,0.4738,1481564.96
2023-12-31 07:00:00+00:00,0.4738,0.4829,0.4737,0.4814,5426717.57
2023-12-31 08:00:00+00:00,0.4814,0.4834,0.4754,0.4762,4657168.29
2023-12-31 09:00:00+00:00,0.4762,0.4811,0.4753,0.4795,2519259.27
2023-12-31 10:00:00+00:00,0.4795,0.4802,0.4772,0.4774,1916230.49
2023-12-31 11:00:00+00:00,0.4774,0.4777,0.475,0.4753,1163979.64
2023-12-31 12:00:00+00:00,0.4753,0.4816,0.4729,0.4755,3251603.15
2023-12-31 13:00:00+00:00,0.4755,0.4782,0.4727,0.4758,2314847.0
2023-12-31 14:00:00+00:00,0.4758,0.4794,0.4749,0.4773,1886467.05
2023-12-31 15:00:00+00:00,0.4773,0.4823,0.475,0.4807,13056688.77
2023-12-31 16:00:00+00:00,0.4807,0.4869,0.4802,0.4855,5685062.94
2023-12-31 17:00:00+00:00,0.4855,0.4871,0.482,0.4861,3635902.07
2023-12-31 18:00:00+00:00,0.4861,0.4885,0.4799,0.4809,6372062.96
2023-12-31 19:00:00+00:00,0.4809,0.4851,0.4803,0.4827,2096344.07
2023-12-31 20:00:00+00:00,0.4827,0.4831,0.4786,0.481,4026662.01
2023-12-31 21:00:00+00:00,0.481,0.4899,0.481,0.485,4339322.27
2023-12-31 22:00:00+00:00,0.485,0.4868,0.4576,0.4681,7924762.98
2023-12-31 23:00:00+00:00,0.4681,0.4755,0.4672,0.4737,5113596.47
2024-01-01 00:00:00+00:00,0.4737,0.4876,0.4736,0.4828,5349753.72
2024-01-01 01:00:00+00:00,0.4828,0.487,0.478,0.4852,2644795.74
2024-01-01 02:00:00+00:00,0.4852,0.4876,0.4792,0.4798,2073488.79
2024-01-01 03:00:00+00:00,0.4798,0.4808,0.4706,0.4712,4167199.06
2024-01-01 04:00:00+00:00,0.4712,0.4732,0.464,0.4701,2942645.9
2024-01-01 05:00:00+00:00,0.4701,0.4762,0.468,0.4699,2068256.68
2024-01-01 06:00:00+00:00,0.4699,0.4862,0.4694,0.4849,4949309.05
2024-01-01 07:00:00+00:00,0.4849,0.4897,0.482,0.4857,6532310.73
2024-01-01 08:00:00+00:00,0.4857,0.488,0.4819,0.4842,1924838.96
2024-01-01 09:00:00+00:00,0.4842,0.4888,0.4817,0.4873,1994050.31
2024-01-01 10:00:00+00:00,0.4873,0.493,0.4854,0.4916,2667847.11
2024-01-01 11:00:00+00:00,0.4916,0.493,0.4871,0.4894,5076869.26
2024-01-01 12:00:00+00:00,0.4894,0.4951,0.4894,0.4924,3424202.54
2024-01-01 13:00:00+00:00,0.4924,0.5021,0.4907,0.5003,9682134.68
2024-01-01 14:00:00+00:00,0.5003,0.503,0.4953,0.4986,5728270.44
2024-01-01 15:00:00+00:00,0.4986,0.5083,0.4981,0.5065,8836482.61
2024-01-01 16:00:00+00:00,0.5065,0.5092,0.5031,0.5038,3554893.77
2024-01-01 17:00:00+00:00,0.5038,0.504,0.4973,0.5019,3880727.11
2024-01-01 18:00:00+00:00,0.5019,0.5043,0.4974,0.4992,5036300.86
2024-01-01 19:00:00+00:00,0.4992,0.5043,0.4988,0.5026,3227242.4
2024-01-01 20:00:00+00:00,0.5026,0.5059,0.5008,0.501,2389339.04
2024-01-01 21:00:00+00:00,0.501,0.5029,0.4978,0.5008,2369892.64
2024-01-01 22:00:00+00:00,0.5008,0.5043,0.499,0.5023,1589527.55
2024-01-01 23:00:00+00:00,0.5023,0.5055,0.5005,0.5047,2170494.74
2024-01-02 00:00:00+00:00,0.5047,0.51,0.4984,0.5091,5059801.34
2024-01-02 01:00:00+00:00,0.5091,0.512,0.5005,0.5067,7533480.75
2024-01-02 02:00:00+00:00,0.5067,0.5156,0.5057,0.5121,4530149.65
2024-01-02 03:00:00+00:00,0.5121,0.5126,0.5065,0.5086,3471574.2
2024-01-02 04:00:00+00:00,0.5086,0.5095,0.5045,0.5088,2814372.68
2024-01-02 05:00:00+00:00,0.5088,0.5098,0.5047,0.5051,1866719.77
2024-01-02 06:00:00+00:00,0.5051,0.5077,0.5028,0.5028,1831981.53
2024-01-02 07:00:00+00:00,0.5028,0.5145,0.5028,0.5143,5079117.13
2024-01-02 08:00:00+00:00,0.5143,0.5163,0.5083,0.5136,4762407.63
2024-01-02 09:00:00+00:00,0.5136,0.5188,0.5127,0.518,4103710.11
2024-01-02 10:00:00+00:00,0.518,0.5194,0.5087,0.5122,5729179.32
2024-01-02 11:00:00+00:00,0.5122,0.5129,0.5001,0.5048,6014634.17
2024-01-02 12:00:00+00:00,0.5048,0.5066,0.5,0.5001,4304394.53
2024-01-02 13:00:00+00:00,0.5001,0.5034,0.4981,0.5003,4629098.61
2024-01-02 14:00:00+00:00,0.5003,0.5029,0.4882,0.4917,8358917.04
2024-01-02 15:00:00+00:00,0.4917,0.4941,0.4867,0.4897,6505142.13
2024-01-02 16:00:00+00:00,0.4897,0.4936,0.4856,0.4934,3437339.77
2024-01-02 17:00:00+00:00,0.4934,0.4939,0.4847,0.4891,4888605.12
2024-01-02 18:00:00+00:00,0.4891,0.4902,0.4838,0.4861,3627961.9
2024-01-02 19:00:00+00:00,0.4861,0.489,0.4827,0.4865,2397986.31
2024-01-02 20:00:00+00:00,0.4865,0.4899,0.4819,0.4822,2412972.03
2024-01-02 21:00:00+00:00,0.4822,0.4863,0.4804,0.4857,2197363.54
2024-01-02 22:00:00+00:00,0.4857,0.4899,0.4851,0.4892,2770265.92
2024-01-02 23:00:00+00:00,0.4892,0.4893,0.4841,0.4869,1640037.81
2024-01-03 00:00:00+00:00,0.4869,0.4944,0.4867,0.4914,2974977.46
2024-01-03 01:00:00+00:00,0.4914,0.494,0.4906,0.4935,1745096.17
2024-01-03 02:00:00+00:00,0.4935,0.4954,0.4906,0.4913,1493728.54
2024-01-03 03:00:00+00:00,0.4913,0.4947,0.4899,0.4911,3240175.13
2024-01-03 04:00:00+00:00,0.4911,0.4935,0.486,0.4905,6137235.15
2024-01-03 05:00:00+00:00,0.4905,0.4956,0.4899,0.4946,1776155.08
2024-01-03 06:00:00+00:00,0.4946,0.4959,0.4931,0.4958,3326401.15
2024-01-03 07:00:00+00:00,0.4958,0.4963,0.4873,0.4894,3634341.13
2024-01-03 08:00:00+00:00,0.4894,0.495,0.4889,0.4947,1977963.58
2024-01-03 09:00:00+00:00,0.4947,0.4983,0.4933,0.4962,6881521.71
2024-01-03 10:00:00+00:00,0.4962,0.4982,0.4937,0.4964,3611779.83
2024-01-03 11:00:00+00:00,0.4964,0.4966,0.4735,0.478,8552862.98
2024-01-03 12:00:00+00:00,0.478,0.4784,0.4043,0.4439,72484544.07
2024-01-03 13:00:00+00:00,0.4439,0.444,0.4267,0.4316,17210083.07
2024-01-03 14:00:00+00:00,0.4316,0.4319,0.4156,0.4233,16225264.38
2024-01-03 15:00:00+00:00,0.4233,0.4422,0.4229,0.4394,17369454.69
2024-01-03 16:00:00+00:00,0.4394,0.4414,0.4281,0.4326,15040457.39
2024-01-03 17:00:00+00:00,0.4326,0.4342,0.429,0.4335,9589965.21
2024-01-03 18:00:00+00:00,0.4335,0.4367,0.4214,0.4248,8650332.74
2024-01-03 19:00:00+00:00,0.4248,0.434,0.4247,0.4298,3877627.46
2024-01-03 20:00:00+00:00,0.4298,0.4357,0.4291,0.4341,3036193.43
2024-01-03 21:00:00+00:00,0.4341,0.4394,0.4323,0.4386,3084281.06
2024-01-03 22:00:00+00:00,0.4386,0.4389,0.4296,0.4316,3528785.45
2024-01-03 23:00:00+00:00,0.4316,0.4316,0.4262,0.4312,1959927.39
2024-01-04 00:00:00+00:00,0.4312,0.4367,0.4297,0.4301,4421026.77
2024-01-04 01:00:00+00:00,0.4301,0.4307,0.4223,0.4266,3143024.25
2024-01-04 02:00:00+00:00,0.4266,0.4346,0.4261,0.4341,2229520.71
2024-01-04 03:00:00+00:00,0.4341,0.4347,0.4286,0.4319,2173943.2
2024-01-04 04:00:00+00:00,0.4319,0.4343,0.4305,0.434,2993928.65
2024-01-04 05:00:00+00:00,0.434,0.4389,0.4324,0.4358,3907526.27
2024-01-04 06:00:00+00:00,0.4358,0.4388,0.4344,0.4377,1639302.23
2024-01-04 07:00:00+00:00,0.4377,0.439,0.4312,0.4315,3202529.57
2024-01-04 08:00:00+00:00,0.4315,0.434,0.4284,0.4328,3736667.14
2024-01-04 09:00:00+00:00,0.4328,0.4362,0.4325,0.4342,2974921.57
2024-01-04 10:00:00+00:00,0.4342,0.4344,0.4261,0.431,4675518.05
2024-01-04 11:00:00+00:00,0.431,0.4352,0.4297,0.4314,2665155.91
2024-01-04 12:00:00+00:00,0.4314,0.4351,0.4291,0.4332,3701997.0
2024-01-04 13:00:00+00:00,0.4332,0.4332,0.4282,0.4301,3799481.42
2024-01-04 14:00:00+00:00,0.4301,0.4366,0.4272,0.4364,5595932.18
2024-01-04 15:00:00+00:00,0.4364,0.4499,0.4351,0.4492,12766708.54
2024-01-04 16:00:00+00:00,0.4492,0.4493,0.437,0.4421,7126506.23
2024-01-04 17:00:00+00:00,0.4421,0.4505,0.4402,0.4499,8378096.92
2024-01-04 18:00:00+00:00,0.4499,0.4563,0.447,0.4504,7427966.8
2024-01-04 19:00:00+00:00,0.4504,0.4549,0.4489,0.449,6043929.53
2024-01-04 20:00:00+00:00,0.449,0.4587,0.4488,0.4522,6544231.86
2024-01-04 21:00:00+00:00,0.4522,0.4555,0.4489,0.4515,4396469.9
2024-01-04 22:00:00+00:00,0.4515,0.4557,0.4484,0.4496,2716809.88
2024-01-04 23:00:00+00:00,0.4496,0.4518,0.4473,0.4495,1954622.69
2024-01-05 00:00:00+00:00,0.4495,0.4538,0.4459,0.4491,3404311.98
2024-01-05 01:00:00+00:00,0.4491,0.4491,0.4099,0.4288,16966530.37
2024-01-05 02:00:00+00:00,0.4288,0.4359,0.4285,0.4307,8485004.99
2024-01-05 03:00:00+00:00,0.4307,0.433,0.4267,0.427,2550616.48
2024-01-05 04:00:00+00:00,0.427,0.4297,0.4232,0.4275,4849982.04
2024-01-05 05:00:00+00:00,0.4275,0.4336,0.4263,0.4329,3228495.5
2024-01-05 06:00:00+00:00,0.4329,0.4355,0.4295,0.4349,2565610.57
2024-01-05 07:00:00+00:00,0.4349,0.4374,0.4331,0.4367,5186978.57
2024-01-05 08:00:00+00:00,0.4367,0.4398,0.435,0.435,3520036.23
2024-01-05 09:00:00+00:00,0.435,0.4394,0.435,0.4362,2988189.61
2024-01-05 10:00:00+00:00,0.4362,0.4367,0.423,0.426,6823471.89
2024-01-05 11:00:00+00:00,0.426,0.4288,0.4221,0.4224,3234151.86
2024-01-05 12:00:00+00:00,0.4224,0.4295,0.4189,0.4282,4352969.41
2024-01-05 13:00:00+00:00,0.4282,0.4311,0.4252,0.4278,3206887.09
2024-01-05 14:00:00+00:00,0.4278,0.4298,0.416,0.4174,7906443.95
2024-01-05 15:00:00+00:00,0.4174,0.4219,0.4131,0.418,5843489.07
2024-01-05 16:00:00+00:00,0.418,0.4205,0.4056,0.4073,9062204.85
2024-01-05 17:00:00+00:00,0.4073,0.4134,0.4035,0.4118,7109157.14
2024-01-05 18:00:00+00:00,0.4118,0.4139,0.4094,0.4109,3041612.61
2024-01-05 19:00:00+00:00,0.4109,0.4141,0.4096,0.4103,3383110.16
2024-01-05 20:00:00+00:00,0.4103,0.4191,0.4101,0.4178,4109377.66
2024-01-05 21:00:00+00:00,0.4178,0.418,0.4115,0.4177,2080569.21
2024-01-05 22:00:00+00:00,0.4177,0.4199,0.4146,0.4174,1466726.71
2024-01-05 23:00:00+00:00,0.4174,0.4236,0.4174,0.4236,2146233.0
2024-01-06 00:00:00+00:00,0.4236,0.4238,0.4145,0.4177,2640259.22
2024-01-06 01:00:00+00:00,0.4177,0.4177,0.4126,0.414,1968617.97
2024-01-06 02:00:00+00:00,0.414,0.4152,0.411,0.4144,1233395.9
2024-01-06 03:00:00+00:00,0.4144,0.4156,0.4123,0.4135,938228.13
2024-01-06 04:00:00+00:00,0.4135,0.415,0.4087,0.4087,1601848.19
2024-01-06 05:00:00+00:00,0.4087,0.4097,0.393,0.3977,11363091.28
2024-01-06 06:00:00+00:00,0.3977,0.3989,0.3871,0.3902,7810139.4
2024-01-06 07:00:00+00:00,0.3902,0.3961,0.3876,0.3953,6175304.18
2024-01-06 08:00:00+00:00,0.3953,0.3988,0.3902,0.3987,6003773.79
2024-01-06 09:00:00+00:00,0.3987,0.4023,0.3975,0.3994,3379157.36
2024-01-06 10:00:00+00:00,0.3994,0.4028,0.3973,0.4006,1651585.71
2024-01-06 11:00:00+00:00,0.4006,0.403,0.3985,0.4013,2026669.5
2024-01-06 12:00:00+00:00,0.4013,0.4034,0.3976,0.398,2483851.69
2024-01-06 13:00:00+00:00,0.398,0.4008,0.3956,0.4002,2114973.19
2024-01-06 14:00:00+00:00,0.4002,0.4057,0.3996,0.4044,4969291.44
2024-01-06 15:00:00+00:00,0.4044,0.4051,0.4,0.4025,3102847.38
2024-01-06 16:00:00+00:00,0.4025,0.4063,0.4003,0.4018,2558872.72
2024-01-06 17:00:00+00:00,0.4018,0.4044,0.4002,0.4041,1910242.73
2024-01-06 18:00:00+00:00,0.4041,0.4062,0.401,0.402,1977048.64
2024-01-06 19:00:00+00:00,0.402,0.4026,0.3977,0.3993,1820741.75
2024-01-06 20:00:00+00:00,0.3993,0.4017,0.3983,0.3997,1966594.39
2024-01-06 21:00:00+00:00,0.3997,0.4023,0.3966,0.4019,1598724.56
2024-01-06 22:00:00+00:00,0.4019,0.4021,0.3963,0.3989,1263569.92
2024-01-06 23:00:00+00:00,0.3989,0.4009,0.3932,0.4003,2132148.08
2024-01-07 00:00:00+00:00,0.4003,0.4073,0.3985,0.4043,2856032.36
2024-01-07 01:00:00+00:00,0.4043,0.4073,0.4007,0.4007,2746909.66
2024-01-07 02:00:00+00:00,0.4007,0.4035,0.397,0.3991,1372185.92
2024-01-07 03:00:00+00:00,0.3991,0.403,0.3982,0.4009,2228220.91
2024-01-07 04:00:00+00:00,0.4009,0.4046,0.4004,0.4038,1677504.33
2024-01-07 05:00:00+00:00,0.4038,0.4076,0.4025,0.4057,1743496.49
2024-01-07 06:00:00+00:00,0.4057,0.4097,0.4031,0.4056,2714594.49
2024-01-07 07:00:00+00:00,0.4056,0.4069,0.4021,0.4037,2066257.11
2024-01-07 08:00:00+00:00,0.4037,0.4057,0.3981,0.3985,3489375.97
2024-01-07 09:00:00+00:00,0.3985,0.4005,0.3941,0.395,2830446.9
2024-01-07 10:00:00+00:00,0.395,0.4005,0.3948,0.3982,2372307.59
2024-01-07 11:00:00+00:00,0.3982,0.4008,0.397,0.3983,1472690.77
2024-01-07 12:00:00+00:00,0.3983,0.4001,0.3955,0.3995,1717248.23
2024-01-07 13:00:00+00:00,0.3995,0.4066,0.3993,0.4049,2699854.91
2024-01-07 14:00:00+00:00,0.4049,0.4065,0.4012,0.405,2746281.0
2024-01-07 15:00:00+00:00,0.405,0.4052,0.3952,0.3975,3935363.04
2024-01-07 16:00:00+00:00,0.3975,0.3993,0.3875,0.3901,5505951.7
2024-01-07 17:00:00+00:00,0.3901,0.3977,0.3886,0.3958,4342583.33
2024-01-07 18:00:00+00:00,0.3958,0.3999,0.3956,0.3979,2171481.23
2024-01-07 19:00:00+00:00,0.3979,0.4019,0.3966,0.401,2153246.61
2024-01-07 20:00:00+00:00,0.401,0.402,0.3972,0.3981,1866585.5
2024-01-07 21:00:00+00:00,0.3981,0.3998,0.3932,0.3945,2325728.57
2024-01-07 22:00:00+00:00,0.3945,0.3945,0.3775,0.3805,8326933.23
2024-01-07 23:00:00+00:00,0.3805,0.3846,0.3757,0.38,5957603.79
2024-01-08 00:00:00+00:00,0.38,0.3823,0.3746,0.375,7688147.66
2024-01-08 01:00:00+00:00,0.375,0.3805,0.3735,0.3756,5065870.47
2024-01-08 02:00:00+00:00,0.3756,0.3782,0.3521,0.3605,18014392.72
2024-01-08 03:00:00+00:00,0.3605,0.3627,0.348,0.3576,14093155.84
2024-01-08 04:00:00+00:00,0.3576,0.3664,0.355,0.3659,6158802.22
2024-01-08 05:00:00+00:00,0.3659,0.3661,0.3604,0.365,3963442.13
2024-01-08 06:00:00+00:00,0.365,0.3732,0.3637,0.3686,7060473.74
2024-01-08 07:00:00+00:00,0.3686,0.3731,0.3646,0.3661,4053220.68
2024-01-08 08:00:00+00:00,0.3661,0.3709,0.3641,0.3648,2960258.42
2024-01-08 09:00:00+00:00,0.3648,0.3658,0.3593,0.3602,3020700.66
2024-01-08 10:00:00+00:00,0.3602,0.3694,0.3592,0.3686,3668162.56
2024-01-08 11:00:00+00:00,0.3686,0.3731,0.3667,0.373,5231234.81
2024-01-08 12:00:00+00:00,0.373,0.3823,0.373,0.3817,9641923.84
2024-01-08 13:00:00+00:00,0.3817,0.3874,0.3787,0.3791,8124522.04
2024-01-08 14:00:00+00:00,0.3791,0.3856,0.3784,0.3803,6982684.55
2024-01-08 15:00:00+00:00,0.3803,0.3845,0.379,0.3812,5482944.31
2024-01-08 16:00:00+00:00,0.3812,0.3841,0.3774,0.3792,4595026.39
2024-01-08 17:00:00+00:00,0.3792,0.3866,0.3782,0.3865,3207901.8
2024-01-08 18:00:00+00:00,0.3865,0.3996,0.3864,0.3972,14886287.78
2024-01-08 19:00:00+00:00,0.3972,0.4018,0.3925,0.4013,6571316.21
2024-01-08 20:00:00+00:00,0.4013,0.4021,0.3941,0.3957,4042446.19
2024-01-08 21:00:00+00:00,0.3957,0.4024,0.3955,0.3981,3510493.57
2024-01-08 22:00:00+00:00,0.3981,0.4023,0.3965,0.4022,2619542.57
2024-01-08 23:00:00+00:00,0.4022,0.4055,0.4006,0.4014,3967436.55
2024-01-09 00:00:00+00:00,0.4014,0.4052,0.392,0.3986,6332405.48
2024-01-09 01:00:00+00:00,0.3986,0.3997,0.3923,0.3952,3169674.29
2024-01-09 02:00:00+00:00,0.3952,0.3978,0.3939,0.3958,2634108.39
2024-01-09 03:00:00+00:00,0.3958,0.3959,0.3924,0.3946,2176900.36
2024-01-09 04:00:00+00:00,0.3946,0.4043,0.394,0.4028,3889204.1
2024-01-09 05:00:00+00:00,0.4028,0.4028,0.3947,0.3969,2434877.4
2024-01-09 06:00:00+00:00,0.3969,0.3975,0.3938,0.3963,2086976.49
2024-01-09 07:00:00+00:00,0.3963,0.3986,0.3945,0.3963,1533542.53
2024-01-09 08:00:00+00:00,0.3963,0.3998,0.3898,0.3903,4269355.32
2024-01-09 09:00:00+00:00,0.3903,0.393,0.3853,0.3862,4250281.08
2024-01-09 10:00:00+00:00,0.3862,0.3907,0.3858,0.388,3081898.49
2024-01-09 11:00:00+00:00,0.388,0.3942,0.3879,0.391,3102475.87
2024-01-09 12:00:00+00:00,0.391,0.3929,0.3743,0.3775,9654218.94
2024-01-09 13:00:00+00:00,0.3775,0.3846,0.3752,0.3828,9801444.5
2024-01-09 14:00:00+00:00,0.3828,0.3846,0.373,0.3732,5771900.61
2024-01-09 15:00:00+00:00,0.3732,0.3795,0.3708,0.3752,6021135.97
2024-01-09 16:00:00+00:00,0.3752,0.3761,0.3674,0.371,5366620.79
2024-01-09 17:00:00+00:00,0.371,0.3726,0.3676,0.37,3612050.51
2024-01-09 18:00:00+00:00,0.37,0.3756,0.3682,0.3747,2940794.61
2024-01-09 19:00:00+00:00,0.3747,0.3749,0.3652,0.3698,2970659.41
2024-01-09 20:00:00+00:00,0.3698,0.3706,0.3603,0.3614,4509452.95
2024-01-09 21:00:00+00:00,0.3614,0.3785,0.3614,0.3659,25796558.35
2024-01-09 22:00:00+00:00,0.3659,0.3781,0.3645,0.3734,4827589.94
2024-01-09 23:00:00+00:00,0.3734,0.3765,0.3703,0.3756,2371440.56
2024-01-10 00:00:00+00:00,0.3756,0.3812,0.3733,0.3786,4034349.73
2024-01-10 01:00:00+00:00,0.3786,0.3816,0.3778,0.381,3061003.34
2024-01-10 02:00:00+00:00,0.381,0.3834,0.3775,0.3778,3067183.59
2024-01-10 03:00:00+00:00,0.3778,0.385,0.3769,0.3845,2659441.34
2024-01-10 04:00:00+00:00,0.3845,0.3851,0.3812,0.3821,2106439.98
2024-01-10 05:00:00+00:00,0.3821,0.384,0.3791,0.3838,1923139.89
2024-01-10 06:00:00+00:00,0.3838,0.384,0.3783,0.3802,2505261.04
2024-01-10 07:00:00+00:00,0.3802,0.3807,0.3756,0.3762,2646922.63
2024-01-10 08:00:00+00:00,0.3762,0.3776,0.3713,0.374,3589934.86
2024-01-10 09:00:00+00:00,0.374,0.3873,0.3729,0.3872,4059657.28
2024-01-10 10:00:00+00:00,0.3872,0.3902,0.3842,0.3869,7644206.29
2024-01-10 11:00:00+00:00,0.3869,0.3899,0.384,0.3877,3537458.81
2024-01-10 12:00:00+00:00,0.3877,0.388,0.3665,0.3708,10361806.79
2024-01-10 13:00:00+00:00,0.3708,0.3771,0.3682,0.3721,5441774.15
2024-01-10 14:00:00+00:00,0.3721,0.3749,0.3696,0.3707,4134096.76
2024-01-10 15:00:00+00:00,0.3707,0.3841,0.3686,0.384,5968923.46
2024-01-10 16:00:00+00:00,0.384,0.3926,0.3837,0.3876,10185700.98
2024-01-10 17:00:00+00:00,0.3876,0.3947,0.3874,0.3932,5123926.2
2024-01-10 18:00:00+00:00,0.3932,0.3992,0.39,0.3929,6551369.81
2024-01-10 19:00:00+00:00,0.3929,0.3975,0.3908,0.3938,4681489.25
2024-01-10 20:00:00+00:00,0.3938,0.3953,0.3838,0.3952,11909199.15
2024-01-10 21:00:00+00:00,0.3952,0.4229,0.3927,0.4217,23571443.03
2024-01-10 22:00:00+00:00,0.4217,0.4372,0.4171,0.434,17586119.42
2024-01-10 23:00:00+00:00,0.434,0.4393,0.4219,0.4256,12717961.45
2024-01-11 00:00:00+00:00,0.4256,0.4284,0.4212,0.4267,7925306.17
2024-01-11 01:00:00+00:00,0.4267,0.429,0.4215,0.4255,3728980.02
2024-01-11 02:00:00+00:00,0.4255,0.4302,0.4244,0.4279,2113950.52
2024-01-11 03:00:00+00:00,0.4279,0.4358,0.4252,0.4354,4664815.46
2024-01-11 04:00:00+00:00,0.4354,0.4379,0.4317,0.4321,3313995.03
2024-01-11 05:00:00+00:00,0.4321,0.4322,0.4227,0.4282,3429074.29
2024-01-11 06:00:00+00:00,0.4282,0.4284,0.4186,0.4209,3852212.05
2024-01-11 07:00:00+00:00,0.4209,0.4266,0.4209,0.4255,2060353.37
2024-01-11 08:00:00+00:00,0.4255,0.4316,0.4239,0.4294,2604896.31
2024-01-11 09:00:00+00:00,0.4294,0.4307,0.4273,0.428,2458436.49
2024-01-11 10:00:00+00:00,0.428,0.4366,0.4277,0.4365,3619179.51
2024-01-11 11:00:00+00:00,0.4365,0.4419,0.4336,0.4416,6320786.67
2024-01-11 12:00:00+00:00,0.4416,0.4453,0.44,0.4449,8232658.96
2024-01-11 13:00:00+00:00,0.4449,0.4449,0.4302,0.4367,11862968.45
2024-01-11 14:00:00+00:00,0.4367,0.4428,0.4264,0.4412,11389018.6
2024-01-11 15:00:00+00:00,0.4412,0.442,0.4219,0.4299,16684654.01
2024-01-11 16:00:00+00:00,0.4299,0.4319,0.414,0.4228,14494771.65
2024-01-11 17:00:00+00:00,0.4228,0.4289,0.4195,0.4269,4255793.32
2024-01-11 18:00:00+00:00,0.4269,0.4287,0.4233,0.4269,3050204.61
2024-01-11 19:00:00+00:00,0.4269,0.4306,0.4245,0.4303,1896572.1
2024-01-11 20:00:00+00:00,0.4303,0.4326,0.4207,0.422,3424800.6
2024-01-11 21:00:00+00:00,0.422,0.4255,0.4213,0.4219,1955009.27
2024-01-11 22:00:00+00:00,0.4219,0.4238,0.4186,0.4237,2737326.5
2024-01-11 23:00:00+00:00,0.4237,0.4239,0.4213,0.4231,2766565.56
2024-01-12 00:00:00+00:00,0.4231,0.4254,0.4197,0.423,3287734.89
2024-01-12 01:00:00+00:00,0.423,0.4233,0.4144,0.4203,2996193.82
2024-01-12 02:00:00+00:00,0.4203,0.4236,0.4195,0.423,1413018.56
2024-01-12 03:00:00+00:00,0.423,0.4232,0.4187,0.4203,2035728.5
2024-01-12 04:00:00+00:00,0.4203,0.4241,0.4193,0.4203,1578306.69
2024-01-12 05:00:00+00:00,0.4203,0.4262,0.4196,0.4253,2828014.55
2024-01-12 06:00:00+00:00,0.4253,0.4274,0.4223,0.4227,2040212.75
2024-01-12 07:00:00+00:00,0.4227,0.4236,0.4175,0.4202,2789613.15
2024-01-12 08:00:00+00:00,0.4202,0.4204,0.4136,0.4167,4201117.02
2024-01-12 09:00:00+00:00,0.4167,0.4198,0.4129,0.4185,2827758.97
2024-01-12 10:00:00+00:00,0.4185,0.4204,0.4165,0.4203,3241803.71
2024-01-12 11:00:00+00:00,0.4203,0.4242,0.4195,0.422,2470876.58
2024-01-12 12:00:00+00:00,0.422,0.4267,0.4176,0.4203,3764403.18
2024-01-12 13:00:00+00:00,0.4203,0.4255,0.4188,0.4238,3353863.44
2024-01-12 14:00:00+00:00,0.4238,0.4299,0.4217,0.4264,4991378.49
2024-01-12 15:00:00+00:00,0.4264,0.4275,0.4092,0.4117,13447953.53
2024-01-12 16:00:00+00:00,0.4117,0.4162,0.4011,0.4055,12306534.56
2024-01-12 17:00:00+00:00,0.4055,0.4084,0.3931,0.4066,10667630.93
2024-01-12 18:00:00+00:00,0.4066,0.4074,0.4001,0.4028,3853275.33
2024-01-12 19:00:00+00:00,0.4028,0.4033,0.3992,0.4019,3306630.07
2024-01-12 20:00:00+00:00,0.4019,0.4063,0.4014,0.4047,2038980.88
2024-01-12 21:00:00+00:00,0.4047,0.4056,0.3912,0.3951,6237393.49
2024-01-12 22:00:00+00:00,0.3951,0.3953,0.3759,0.3896,13805621.61
2024-01-12 23:00:00+00:00,0.3896,0.3926,0.3889,0.3921,3428350.48
2024-01-13 00:00:00+00:00,0.3921,0.3936,0.3854,0.3856,5199300.93
2024-01-13 01:00:00+00:00,0.3856,0.3865,0.3764,0.3855,4694578.16
2024-01-13 02:00:00+00:00,0.3855,0.3881,0.3844,0.385,1769922.46
2024-01-13 03:00:00+00:00,0.385,0.3873,0.3829,0.3855,1065879.83
2024-01-13 04:00:00+00:00,0.3855,0.3887,0.3849,0.388,1560972.58
2024-01-13 05:00:00+00:00,0.388,0.395,0.3871,0.3937,3789944.97
2024-01-13 06:00:00+00:00,0.3937,0.3941,0.391,0.3938,2366204.61
2024-01-13 07:00:00+00:00,0.3938,0.3949,0.3927,0.3929,1857328.9
2024-01-13 08:00:00+00:00,0.3929,0.3961,0.3928,0.3958,1826845.65
2024-01-13 09:00:00+00:00,0.3958,0.3963,0.3915,0.3926,1649357.66
2024-01-13 10:00:00+00:00,0.3926,0.394,0.3906,0.3925,2205335.85
2024-01-13 11:00:00+00:00,0.3925,0.3952,0.3912,0.3941,1564410.79
2024-01-13 12:00:00+00:00,0.3941,0.3969,0.3921,0.3935,2219506.0
2024-01-13 13:00:00+00:00,0.3935,0.3954,0.3922,0.3928,1254660.31
2024-01-13 14:00:00+00:00,0.3928,0.3953,0.3911,0.3932,1653230.6
2024-01-13 15:00:00+00:00,0.3932,0.3984,0.393,0.3974,3002031.47
2024-01-13 16:00:00+00:00,0.3974,0.3977,0.3935,0.3943,1956803.14
2024-01-13 17:00:00+00:00,0.3943,0.3969,0.3925,0.396,1308419.85
2024-01-13 18:00:00+00:00,0.396,0.3967,0.3936,0.3951,2099321.69
2024-01-13 19:00:00+00:00,0.3951,0.3994,0.395,0.3976,2435680.14
2024-01-13 20:00:00+00:00,0.3976,0.3985,0.3958,0.3976,1622575.85
2024-01-13 21:00:00+00:00,0.3976,0.399,0.3963,0.3987,911020.79
2024-01-13 22:00:00+00:00,0.3987,0.4006,0.3965,0.3999,1364093.8
2024-01-13 23:00:00+00:00,0.3999,0.4002,0.3957,0.3961,1510132.52
2024-01-14 00:00:00+00:00,0.3961,0.3979,0.391,0.3922,2807735.86
2024-01-14 01:00:00+00:00,0.3922,0.3954,0.392,0.3938,1776304.18
2024-01-14 02:00:00+00:00,0.3938,0.3943,0.39,0.3927,1572088.86
2024-01-14 03:00:00+00:00,0.3927,0.3934,0.3905,0.3915,1339701.06
2024-01-14 04:00:00+00:00,0.3915,0.3923,0.3878,0.388,2227260.55
2024-01-14 05:00:00+00:00,0.388,0.3954,0.388,0.3944,1524503.99
2024-01-14 06:00:00+00:00,0.3944,0.398,0.3942,0.3956,1840100.31
2024-01-14 07:00:00+00:00,0.3956,0.3959,0.3911,0.3922,2768983.63
2024-01-14 08:00:00+00:00,0.3922,0.3961,0.3907,0.3959,1112347.31
2024-01-14 09:00:00+00:00,0.3959,0.3969,0.3929,0.3967,1050174.62
2024-01-14 10:00:00+00:00,0.3967,0.3967,0.3933,0.3935,1085123.75
2024-01-14 11:00:00+00:00,0.3935,0.3948,0.3915,0.3923,880398.89
2024-01-14 12:00:00+00:00,0.3923,0.396,0.3919,0.392,2148910.14
2024-01-14 13:00:00+00:00,0.392,0.3962,0.3917,0.396,3562273.73
2024-01-14 14:00:00+00:00,0.396,0.404,0.396,0.4004,4765372.32
2024-01-14 15:00:00+00:00,0.4004,0.4035,0.3994,0.401,2076375.4
2024-01-14 16:00:00+00:00,0.401,0.4031,0.3943,0.3955,3467000.29
2024-01-14 17:00:00+00:00,0.3955,0.3999,0.3942,0.3998,2431657.43
2024-01-14 18:00:00+00:00,0.3998,0.4001,0.3925,0.3947,3156865.93
2024-01-14 19:00:00+00:00,0.3947,0.3947,0.3848,0.385,4593693.64
2024-01-14 20:00:00+00:00,0.385,0.3887,0.3745,0.3845,7583879.41
2024-01-14 21:00:00+00:00,0.3845,0.3908,0.3827,0.3908,2936603.75
2024-01-14 22:00:00+00:00,0.3908,0.3927,0.3863,0.3882,1755871.98
2024-01-14 23:00:00+00:00,0.3882,0.3886,0.3805,0.3821,4054012.23
2024-01-15 00:00:00+00:00,0.3821,0.3869,0.3804,0.3848,3406137.59
2024-01-15 01:00:00+00:00,0.3848,0.3888,0.3832,0.3888,1211007.16
2024-01-15 02:00:00+00:00,0.3888,0.3945,0.3877,0.3945,1612285.65
2024-01-15 03:00:00+00:00,0.3945,0.3982,0.3932,0.3939,1431539.3
2024-01-15 04:00:00+00:00,0.3939,0.3952,0.3914,0.3941,1021771.73
2024-01-15 05:00:00+00:00,0.3941,0.3956,0.3912,0.3927,1275250.07
2024-01-15 06:00:00+00:00,0.3927,0.3936,0.3892,0.3896,1161572.85
2024-01-15 07:00:00+00:00,0.3896,0.3901,0.3872,0.3893,998189.65
2024-01-15 08:00:00+00:00,0.3893,0.3924,0.3878,0.3915,1427601.5
2024-01-15 09:00:00+00:00,0.3915,0.3966,0.3899,0.3957,1676855.6
2024-01-15 10:00:00+00:00,0.3957,0.3983,0.3946,0.3956,1593220.59
2024-01-15 11:00:00+00:00,0.3956,0.3969,0.3931,0.3967,1691031.51
2024-01-15 12:00:00+00:00,0.3967,0.4002,0.3943,0.3965,3328598.67
2024-01-15 13:00:00+00:00,0.3965,0.3999,0.3957,0.3961,2443432.03
2024-01-15 14:00:00+00:00,0.3961,0.3961,0.3843,0.385,5067447.85
2024-01-15 15:00:00+00:00,0.385,0.3881,0.3809,0.3824,4285152.85
2024-01-15 16:00:00+00:00,0.3824,0.3879,0.3817,0.3878,1874296.24
2024-01-15 17:00:00+00:00,0.3878,0.3928,0.3875,0.3924,2848718.2
2024-01-15 18:00:00+00:00,0.3924,0.3998,0.3912,0.3949,3417942.83
2024-01-15 19:00:00+00:00,0.3949,0.3982,0.3936,0.3967,3221634.66
2024-01-15 20:00:00+00:00,0.3967,0.4009,0.3966,0.3981,4921150.77
2024-01-15 21:00:00+00:00,0.3981,0.4002,0.3958,0.396,2802125.25
2024-01-15 22:00:00+00:00,0.396,0.3962,0.39,0.391,6260342.38
2024-01-15 23:00:00+00:00,0.391,0.3916,0.3861,0.3874,4414592.69
2024-01-16 00:00:00+00:00,0.3874,0.391,0.3868,0.3904,1788610.1
2024-01-16 01:00:00+00:00,0.3904,0.3948,0.3893,0.3905,1737290.1
2024-01-16 02:00:00+00:00,0.3905,0.3914,0.3866,0.3874,3823159.61
2024-01-16 03:00:00+00:00,0.3874,0.3928,0.3873,0.3926,1728631.41
2024-01-16 04:00:00+00:00,0.3926,0.395,0.3905,0.3912,1172443.68
2024-01-16 05:00:00+00:00,0.3912,0.3938,0.3889,0.3892,1572368.79
2024-01-16 06:00:00+00:00,0.3892,0.3915,0.3877,0.3911,1329051.93
2024-01-16 07:00:00+00:00,0.3911,0.3915,0.388,0.3906,2135944.82
2024-01-16 08:00:00+00:00,0.3906,0.3946,0.3898,0.3941,2182329.91
2024-01-16 09:00:00+00:00,0.3941,0.3975,0.393,0.3952,2246502.15
2024-01-16 10:00:00+00:00,0.3952,0.3985,0.3937,0.3979,2900798.75
2024-01-16 11:00:00+00:00,0.3979,0.3986,0.3939,0.3972,3181314.86
2024-01-16 12:00:00+00:00,0.3972,0.4074,0.3966,0.4073,7897598.53
2024-01-16 13:00:00+00:00,0.4073,0.4095,0.403,0.4036,9250740.51
2024-01-16 14:00:00+00:00,0.4036,0.4072,0.3938,0.4032,9339434.48
2024-01-16 15:00:00+00:00,0.4032,0.4208,0.3995,0.4203,14087575.48
2024-01-16 16:00:00+00:00,0.4203,0.4237,0.414,0.4146,10311367.93
2024-01-16 17:00:00+00:00,0.4146,0.4171,0.4126,0.4156,4956184.47
2024-01-16 18:00:00+00:00,0.4156,0.416,0.4108,0.4117,3133549.61
2024-01-16 19:00:00+00:00,0.4117,0.4165,0.41,0.4154,2849110.44
2024-01-16 20:00:00+00:00,0.4154,0.42,0.4144,0.4163,6485016.26
2024-01-16 21:00:00+00:00,0.4163,0.4196,0.4162,0.4178,2428862.56
2024-01-16 22:00:00+00:00,0.4178,0.4196,0.4157,0.4168,1940924.73
2024-01-16 23:00:00+00:00,0.4168,0.4185,0.4146,0.4149,1126035.0
2024-01-17 00:00:00+00:00,0.4149,0.4188,0.4148,0.4151,2411749.12
2024-01-17 01:00:00+00:00,0.4151,0.4204,0.4126,0.4134,2800074.52
2024-01-17 02:00:00+00:00,0.4134,0.4144,0.4112,0.4125,1853363.88
2024-01-17 03:00:00+00:00,0.4125,0.4135,0.41,0.4101,1433581.53
2024-01-17 04:00:00+00:00,0.4101,0.4107,0.4083,0.409,3009597.26
2024-01-17 05:00:00+00:00,0.409,0.4113,0.4074,0.4077,2216065.91
2024-01-17 06:00:00+00:00,0.4077,0.4087,0.4043,0.4045,2636940.2
2024-01-17 07:00:00+00:00,0.4045,0.4054,0.4012,0.4016,3167106.74
2024-01-17 08:00:00+00:00,0.4016,0.4068,0.3994,0.4058,3325462.11
2024-01-17 09:00:00+00:00,0.4058,0.4125,0.4054,0.4108,3438815.45
2024-01-17 10:00:00+00:00,0.4108,0.4134,0.4086,0.4116,3395648.71
2024-01-17 11:00:00+00:00,0.4116,0.4118,0.4069,0.4079,3016487.94
2024-01-17 12:00:00+00:00,0.4079,0.4091,0.4038,0.409,7616469.78
2024-01-17 13:00:00+00:00,0.409,0.4092,0.3999,0.4024,7251252.35
2024-01-17 14:00:00+00:00,0.4024,0.4055,0.398,0.4009,6087062.39
2024-01-17 15:00:00+00:00,0.4009,0.4031,0.3977,0.3991,4390156.2
2024-01-17 16:00:00+00:00,0.3991,0.4014,0.3981,0.4013,2159854.28
2024-01-17 17:00:00+00:00,0.4013,0.4014,0.3951,0.3987,3798424.59
2024-01-17 18:00:00+00:00,0.3987,0.4004,0.3965,0.4003,2195249.67
2024-01-17 19:00:00+00:00,0.4003,0.4011,0.398,0.399,2462861.0
2024-01-17 20:00:00+00:00,0.399,0.4031,0.399,0.4009,1484409.56
2024-01-17 21:00:00+00:00,0.4009,0.4036,0.4001,0.4002,1842992.01
2024-01-17 22:00:00+00:00,0.4002,0.4014,0.3952,0.3986,5845580.5
2024-01-17 23:00:00+00:00,0.3986,0.3996,0.3937,0.3995,2090726.13
2024-01-18 00:00:00+00:00,0.3995,0.4001,0.395,0.3986,2775932.24
2024-01-18 01:00:00+00:00,0.3986,0.4017,0.3907,0.3947,3953420.59
2024-01-18 02:00:00+00:00,0.3947,0.3971,0.3945,0.3954,1349246.44
2024-01-18 03:00:00+00:00,0.3954,0.396,0.3931,0.3951,761435.48
2024-01-18 04:00:00+00:00,0.3951,0.3981,0.3946,0.3951,1074822.6
2024-01-18 05:00:00+00:00,0.3951,0.3958,0.3932,0.3956,1078853.67
2024-01-18 06:00:00+00:00,0.3956,0.4023,0.3956,0.4001,3863564.95
2024-01-18 07:00:00+00:00,0.4001,0.4016,0.3986,0.3998,1511347.07
2024-01-18 08:00:00+00:00,0.3998,0.401,0.3979,0.3982,3007032.58
2024-01-18 09:00:00+00:00,0.3982,0.4002,0.3961,0.3966,1499240.17
2024-01-18 10:00:00+00:00,0.3966,0.3988,0.3923,0.3937,1874421.57
2024-01-18 11:00:00+00:00,0.3937,0.3956,0.3921,0.3929,2244089.82
2024-01-18 12:00:00+00:00,0.3929,0.393,0.3839,0.3863,6527932.39
2024-01-18 13:00:00+00:00,0.3863,0.3886,0.3831,0.3876,3428295.86
2024-01-18 14:00:00+00:00,0.3876,0.3918,0.3866,0.3917,1904220.63
2024-01-18 15:00:00+00:00,0.3917,0.3938,0.3903,0.3912,1941405.84
2024-01-18 16:00:00+00:00,0.3912,0.3922,0.3772,0.3832,6961355.21
2024-01-18 17:00:00+00:00,0.3832,0.3833,0.3748,0.3781,9103527.27
2024-01-18 18:00:00+00:00,0.3781,0.379,0.3712,0.3759,4592981.18
2024-01-18 19:00:00+00:00,0.3759,0.3769,0.3638,0.3668,7049234.23
2024-01-18 20:00:00+00:00,0.3668,0.3726,0.3657,0.3703,8191322.79
2024-01-18 21:00:00+00:00,0.3703,0.3717,0.3673,0.3699,3108087.31
2024-01-18 22:00:00+00:00,0.3699,0.3721,0.3667,0.3715,2351513.77
2024-01-18 23:00:00+00:00,0.3715,0.3715,0.3685,0.3699,2280196.36
2024-01-19 00:00:00+00:00,0.3699,0.3717,0.3638,0.3675,3338894.24
2024-01-19 01:00:00+00:00,0.3675,0.3677,0.3596,0.3644,3123144.92
2024-01-19 02:00:00+00:00,0.3644,0.3652,0.3584,0.3616,1813201.5
2024-01-19 03:00:00+00:00,0.3616,0.3641,0.3563,0.364,4205085.79
2024-01-19 04:00:00+00:00,0.364,0.3663,0.3632,0.3639,2527142.76
2024-01-19 05:00:00+00:00,0.3639,0.3667,0.3632,0.3663,1638862.33
2024-01-19 06:00:00+00:00,0.3663,0.3696,0.3658,0.3689,3255606.09
2024-01-19 07:00:00+00:00,0.3689,0.3692,0.3638,0.3654,5578910.92
2024-01-19 08:00:00+00:00,0.3654,0.3681,0.3637,0.3673,2278620.28
2024-01-19 09:00:00+00:00,0.3673,0.3686,0.3645,0.3672,1977426.59
2024-01-19 10:00:00+00:00,0.3672,0.3691,0.3662,0.3686,3882889.47
2024-01-19 11:00:00+00:00,0.3686,0.3687,0.3657,0.3676,2287207.13
2024-01-19 12:00:00+00:00,0.3676,0.3682,0.3653,0.3667,1745848.6
2024-01-19 13:00:00+00:00,0.3667,0.3683,0.3655,0.3673,1605374.59
2024-01-19 14:00:00+00:00,0.3673,0.3674,0.3603,0.3627,4402132.42
2024-01-19 15:00:00+00:00,0.3627,0.3633,0.3579,0.3591,4133687.03
2024-01-19 16:00:00+00:00,0.3591,0.3606,0.3445,0.3488,14070131.48
2024-01-19 17:00:00+00:00,0.3488,0.3562,0.3465,0.3559,6406668.21
2024-01-19 18:00:00+00:00,0.3559,0.3635,0.3525,0.3625,8067094.95
2024-01-19 19:00:00+00:00,0.3625,0.3655,0.3593,0.3646,5580455.68
2024-01-19 20:00:00+00:00,0.3646,0.3683,0.3618,0.3623,2789804.79
2024-01-19 21:00:00+00:00,0.3623,0.3633,0.3596,0.3628,2621243.5
2024-01-19 22:00:00+00:00,0.3628,0.3631,0.36,0.3606,2726061.6
2024-01-19 23:00:00+00:00,0.3606,0.3633,0.3597,0.3627,1226971.06
2024-01-20 00:00:00+00:00,0.3627,0.3629,0.3557,0.356,1538334.54
2024-01-20 01:00:00+00:00,0.356,0.3634,0.3557,0.363,1448278.96
2024-01-20 02:00:00+00:00,0.363,0.3641,0.3608,0.3629,817859.41
2024-01-20 03:00:00+00:00,0.3629,0.364,0.362,0.3636,1005122.71
2024-01-20 04:00:00+00:00,0.3636,0.3641,0.3608,0.363,1413143.52
2024-01-20 05:00:00+00:00,0.363,0.3642,0.3617,0.3625,1550368.62
2024-01-20 06:00:00+00:00,0.3625,0.3658,0.3625,0.365,1341565.13
2024-01-20 07:00:00+00:00,0.365,0.3673,0.365,0.365,1269801.46
2024-01-20 08:00:00+00:00,0.365,0.368,0.3636,0.3665,2297146.78
2024-01-20 09:00:00+00:00,0.3665,0.3691,0.3615,0.363,2772887.1
2024-01-20 10:00:00+00:00,0.363,0.3692,0.363,0.3673,1352235.66
2024-01-20 11:00:00+00:00,0.3673,0.3693,0.3654,0.3683,1790751.13
2024-01-20 12:00:00+00:00,0.3683,0.3705,0.3675,0.3682,1833299.34
2024-01-20 13:00:00+00:00,0.3682,0.3692,0.3662,0.3669,1326989.01
2024-01-20 14:00:00+00:00,0.3669,0.3681,0.3635,0.3663,3476000.58
2024-01-20 15:00:00+00:00,0.3663,0.3692,0.3638,0.3664,1507047.74
2024-01-20 16:00:00+00:00,0.3664,0.3677,0.3648,0.3653,979129.47
2024-01-20 17:00:00+00:00,0.3653,0.3672,0.3633,0.3664,1126717.64
2024-01-20 18:00:00+00:00,0.3664,0.3664,0.3643,0.3656,1454327.82
2024-01-20 19:00:00+00:00,0.3656,0.3685,0.3655,0.368,1406571.61
2024-01-20 20:00:00+00:00,0.368,0.3724,0.3674,0.3701,2573291.79
2024-01-20 21:00:00+00:00,0.3701,0.3716,0.3694,0.3695,1545723.43
2024-01-20 22:00:00+00:00,0.3695,0.3732,0.3695,0.3722,1612677.17
2024-01-20 23:00:00+00:00,0.3722,0.3729,0.37,0.3717,586834.9
2024-01-21 00:00:00+00:00,0.3717,0.3717,0.3675,0.3682,1809811.22
2024-01-21 01:00:00+00:00,0.3682,0.3719,0.3677,0.3693,828440.78
2024-01-21 02:00:00+00:00,0.3693,0.3747,0.3691,0.3747,902945.49
2024-01-21 03:00:00+00:00,0.3747,0.376,0.373,0.3737,1040607.74
2024-01-21 04:00:00+00:00,0.3737,0.375,0.3728,0.3736,1243652.51
2024-01-21 05:00:00+00:00,0.3736,0.3739,0.3703,0.3706,2312557.23
2024-01-21 06:00:00+00:00,0.3706,0.3712,0.3689,0.3704,928179.81
2024-01-21 07:00:00+00:00,0.3704,0.3729,0.37,0.3716,1569083.38
2024-01-21 08:00:00+00:00,0.3716,0.3737,0.3713,0.3721,1277593.78
2024-01-21 09:00:00+00:00,0.3721,0.3746,0.372,0.3741,1432069.89
2024-01-21 10:00:00+00:00,0.3741,0.3772,0.3736,0.3764,2938819.99
2024-01-21 11:00:00+00:00,0.3764,0.3766,0.3726,0.373,2373226.43
2024-01-21 12:00:00+00:00,0.373,0.3744,0.3715,0.3722,2032013.97
2024-01-21 13:00:00+00:00,0.3722,0.3743,0.3721,0.3742,1103698.57
2024-01-21 14:00:00+00:00,0.3742,0.3749,0.3724,0.373,1160026.25
2024-01-21 15:00:00+00:00,0.373,0.3736,0.3678,0.3698,2118193.71
2024-01-21 16:00:00+00:00,0.3698,0.3705,0.3661,0.3687,1794513.48
2024-01-21 17:00:00+00:00,0.3687,0.3704,0.3684,0.3704,532988.98
2024-01-21 18:00:00+00:00,0.3704,0.3706,0.3683,0.3695,878614.02
2024-01-21 19:00:00+00:00,0.3695,0.3704,0.3686,0.3702,776172.05
2024-01-21 20:00:00+00:00,0.3702,0.371,0.3664,0.3673,1264781.89
2024-01-21 21:00:00+00:00,0.3673,0.3688,0.3665,0.3688,1002265.02
2024-01-21 22:00:00+00:00,0.3688,0.3689,0.3653,0.3659,943729.37
2024-01-21 23:00:00+00:00,0.3659,0.3667,0.3615,0.3629,2276457.36
2024-01-22 00:00:00+00:00,0.3629,0.3664,0.3617,0.3645,1834574.05
2024-01-22 01:00:00+00:00,0.3645,0.3654,0.3569,0.3587,4365512.22
2024-01-22 02:00:00+00:00,0.3587,0.3597,0.3546,0.356,2356702.53
2024-01-22 03:00:00+00:00,0.356,0.3591,0.3548,0.3576,2155398.68
2024-01-22 04:00:00+00:00,0.3576,0.3579,0.3533,0.3539,1874087.51
2024-01-22 05:00:00+00:00,0.3539,0.3605,0.3521,0.3601,3575736.39
2024-01-22 06:00:00+00:00,0.3601,0.3618,0.3575,0.3592,1773701.68
2024-01-22 07:00:00+00:00,0.3592,0.3593,0.3559,0.357,1608384.36
2024-01-22 08:00:00+00:00,0.357,0.3574,0.3496,0.3531,4307736.82
2024-01-22 09:00:00+00:00,0.3531,0.3567,0.3505,0.3528,3185769.7
2024-01-22 10:00:00+00:00,0.3528,0.3538,0.3462,0.3515,6085606.08
2024-01-22 11:00:00+00:00,0.3515,0.3542,0.3504,0.3515,2080204.31
2024-01-22 12:00:00+00:00,0.3515,0.3522,0.3488,0.3513,2938033.62
2024-01-22 13:00:00+00:00,0.3513,0.3567,0.3513,0.3535,2329574.31
2024-01-22 14:00:00+00:00,0.3535,0.3543,0.346,0.349,3107159.98
2024-01-22 15:00:00+00:00,0.349,0.3495,0.3421,0.3477,6213214.69
2024-01-22 16:00:00+00:00,0.3477,0.3494,0.3442,0.3446,2432911.36
2024-01-22 17:00:00+00:00,0.3446,0.3482,0.3434,0.3475,1837827.54
2024-01-22 18:00:00+00:00,0.3475,0.3493,0.3434,0.3475,3400272.52
2024-01-22 19:00:00+00:00,0.3475,0.3501,0.3361,0.3422,13959090.45
2024-01-22 20:00:00+00:00,0.3422,0.349,0.3419,0.3466,4147921.94
2024-01-22 21:00:00+00:00,0.3466,0.3467,0.3422,0.3437,1950129.43
2024-01-22 22:00:00+00:00,0.3437,0.3459,0.3375,0.341,3256709.39
2024-01-22 23:00:00+00:00,0.341,0.3424,0.3374,0.3385,2711473.45
2024-01-23 00:00:00+00:00,0.3385,0.3408,0.3356,0.3406,2823227.0
2024-01-23 01:00:00+00:00,0.3406,0.343,0.3383,0.3418,1799779.46
2024-01-23 02:00:00+00:00,0.3418,0.3454,0.3411,0.3448,1461634.03
2024-01-23 03:00:00+00:00,0.3448,0.3453,0.3412,0.3414,1835036.01
2024-01-23 04:00:00+00:00,0.3414,0.3443,0.3412,0.3413,1332646.24
2024-01-23 05:00:00+00:00,0.3413,0.3429,0.3407,0.3422,817944.78
2024-01-23 06:00:00+00:00,0.3422,0.3423,0.3384,0.3386,1121208.66
2024-01-23 07:00:00+00:00,0.3386,0.3389,0.3311,0.3334,3298604.04
2024-01-23 08:00:00+00:00,0.3334,0.3351,0.3234,0.3267,9297928.68
2024-01-23 09:00:00+00:00,0.3267,0.3282,0.313,0.3178,16268264.34
2024-01-23 10:00:00+00:00,0.3178,0.3221,0.3172,0.3188,7510195.78
2024-01-23 11:00:00+00:00,0.3188,0.3208,0.3169,0.319,3665962.36
2024-01-23 12:00:00+00:00,0.319,0.3212,0.3148,0.3169,7728706.71
2024-01-23 13:00:00+00:00,0.3169,0.317,0.3122,0.3125,5311286.69
2024-01-23 14:00:00+00:00,0.3125,0.3169,0.307,0.3166,11302945.38
2024-01-23 15:00:00+00:00,0.3166,0.3227,0.3164,0.3204,6552771.61
2024-01-23 16:00:00+00:00,0.3204,0.3259,0.3178,0.3246,9451372.67
2024-01-23 17:00:00+00:00,0.3246,0.3268,0.3225,0.3228,4232571.43
2024-01-23 18:00:00+00:00,0.3228,0.3264,0.3198,0.3199,3244774.71
2024-01-23 19:00:00+00:00,0.3199,0.322,0.3185,0.3187,4686761.61
2024-01-23 20:00:00+00:00,0.3187,0.322,0.3177,0.3206,2930276.98
2024-01-23 21:00:00+00:00,0.3206,0.3221,0.315,0.319,8251495.02
2024-01-23 22:00:00+00:00,0.319,0.3245,0.3183,0.323,4179151.3
2024-01-23 23:00:00+00:00,0.323,0.3297,0.3224,0.3294,6943823.35
2024-01-24 00:00:00+00:00,0.3294,0.3325,0.3276,0.3314,5932522.32
2024-01-24 01:00:00+00:00,0.3314,0.3314,0.3249,0.3251,3433077.18
2024-01-24 02:00:00+00:00,0.3251,0.3315,0.3246,0.3275,9763350.21
2024-01-24 03:00:00+00:00,0.3275,0.33,0.327,0.3287,2092768.31
2024-01-24 04:00:00+00:00,0.3287,0.3306,0.328,0.3285,1273573.11
2024-01-24 05:00:00+00:00,0.3285,0.3327,0.3285,0.3307,3641392.29
2024-01-24 06:00:00+00:00,0.3307,0.3332,0.3281,0.333,4622193.24
2024-01-24 07:00:00+00:00,0.333,0.3375,0.3314,0.337,5302383.46
2024-01-24 08:00:00+00:00,0.337,0.3427,0.3367,0.3405,6872318.01
2024-01-24 09:00:00+00:00,0.3405,0.3432,0.3392,0.3422,4989996.22
2024-01-24 10:00:00+00:00,0.3422,0.3458,0.3407,0.3429,4677250.55
2024-01-24 11:00:00+00:00,0.3429,0.3435,0.3391,0.3402,3508660.93
2024-01-24 12:00:00+00:00,0.3402,0.3436,0.3394,0.3395,2999236.53
2024-01-24 13:00:00+00:00,0.3395,0.3408,0.3363,0.3378,2395827.78
2024-01-24 14:00:00+00:00,0.3378,0.3414,0.3364,0.3376,2869251.56
2024-01-24 15:00:00+00:00,0.3376,0.3412,0.3364,0.3395,2614765.07
2024-01-24 16:00:00+00:00,0.3395,0.3416,0.3376,0.3413,1997979.64
2024-01-24 17:00:00+00:00,0.3413,0.3424,0.3396,0.3419,3207153.6
2024-01-24 18:00:00+00:00,0.3419,0.3427,0.3355,0.3367,8394149.66
2024-01-24 19:00:00+00:00,0.3367,0.3378,0.3343,0.3366,1578753.15
2024-01-24 20:00:00+00:00,0.3366,0.3389,0.334,0.3349,1890311.72
2024-01-24 21:00:00+00:00,0.3349,0.3373,0.3347,0.3371,2616472.19
2024-01-24 22:00:00+00:00,0.3371,0.3394,0.3366,0.3381,1622839.3
2024-01-24 23:00:00+00:00,0.3381,0.3427,0.3381,0.3416,2335319.18
2024-01-25 00:00:00+00:00,0.3416,0.3435,0.3398,0.3415,3388926.58
2024-01-25 01:00:00+00:00,0.3415,0.3426,0.3385,0.3393,5610884.58
2024-01-25 02:00:00+00:00,0.3393,0.3403,0.3369,0.3374,1126195.47
2024-01-25 03:00:00+00:00,0.3374,0.3396,0.3373,0.3391,443579.98
2024-01-25 04:00:00+00:00,0.3391,0.3405,0.337,0.3375,844557.26
2024-01-25 05:00:00+00:00,0.3375,0.3377,0.3333,0.3357,4348780.32
2024-01-25 06:00:00+00:00,0.3357,0.3391,0.335,0.3387,936835.21
2024-01-25 07:00:00+00:00,0.3387,0.3414,0.3376,0.3413,1445949.04
2024-01-25 08:00:00+00:00,0.3413,0.3418,0.3388,0.3389,2057640.38
2024-01-25 09:00:00+00:00,0.3389,0.3403,0.3384,0.3384,2764381.7
2024-01-25 10:00:00+00:00,0.3384,0.3389,0.3351,0.3388,2865076.65
2024-01-25 11:00:00+00:00,0.3388,0.3424,0.3373,0.3393,2610861.26
2024-01-25 12:00:00+00:00,0.3393,0.3405,0.3323,0.3341,3369967.93
2024-01-25 13:00:00+00:00,0.3341,0.3372,0.3327,0.3333,5538136.51
2024-01-25 14:00:00+00:00,0.3333,0.3368,0.332,0.3341,3773347.22
2024-01-25 15:00:00+00:00,0.3341,0.3349,0.3298,0.3311,2667568.09
2024-01-25 16:00:00+00:00,0.3311,0.3329,0.3294,0.3297,1806442.56
2024-01-25 17:00:00+00:00,0.3297,0.3334,0.3277,0.3332,2026200.26
2024-01-25 18:00:00+00:00,0.3332,0.3387,0.333,0.3338,5037194.75
2024-01-25 19:00:00+00:00,0.3338,0.3377,0.3326,0.3362,1232046.24
2024-01-25 20:00:00+00:00,0.3362,0.3362,0.3328,0.3347,1909607.04
2024-01-25 21:00:00+00:00,0.3347,0.3371,0.3336,0.3356,1236169.34
2024-01-25 22:00:00+00:00,0.3356,0.3367,0.333,0.3361,1122605.21
2024-01-25 23:00:00+00:00,0.3361,0.3362,0.334,0.3353,1203618.83
2024-01-26 00:00:00+00:00,0.3353,0.3354,0.3313,0.3339,1147223.81
2024-01-26 01:00:00+00:00,0.3339,0.3364,0.3319,0.3354,825589.01
2024-01-26 02:00:00+00:00,0.3354,0.3405,0.3352,0.3402,3843935.07
2024-01-26 03:00:00+00:00,0.3402,0.3407,0.3383,0.3384,1492272.47
2024-01-26 04:00:00+00:00,0.3384,0.3406,0.3383,0.3386,846748.32
2024-01-26 05:00:00+00:00,0.3386,0.3395,0.3378,0.338,1529166.61
2024-01-26 06:00:00+00:00,0.338,0.3391,0.3361,0.3362,1372458.69
2024-01-26 07:00:00+00:00,0.3362,0.3375,0.3356,0.3364,1274809.57
2024-01-26 08:00:00+00:00,0.3364,0.3394,0.3364,0.3388,983043.16
2024-01-26 09:00:00+00:00,0.3388,0.344,0.3386,0.3404,2939263.93
2024-01-26 10:00:00+00:00,0.3404,0.3494,0.3398,0.3489,4462681.51
2024-01-26 11:00:00+00:00,0.3489,0.3551,0.3482,0.3546,11533603.96
2024-01-26 12:00:00+00:00,0.3546,0.3554,0.3499,0.3512,4026020.23
2024-01-26 13:00:00+00:00,0.3512,0.3523,0.3472,0.3486,3373150.2
2024-01-26 14:00:00+00:00,0.3486,0.3545,0.3483,0.3544,3346357.47
2024-01-26 15:00:00+00:00,0.3544,0.3586,0.3529,0.3582,5063951.5
2024-01-26 16:00:00+00:00,0.3582,0.3617,0.3576,0.3616,6089914.1
2024-01-26 17:00:00+00:00,0.3616,0.362,0.3586,0.3619,4055477.13
2024-01-26 18:00:00+00:00,0.3619,0.3653,0.3613,0.3634,4786815.35
2024-01-26 19:00:00+00:00,0.3634,0.3648,0.3612,0.3636,2837476.06
2024-01-26 20:00:00+00:00,0.3636,0.3678,0.3598,0.3611,5653783.54
2024-01-26 21:00:00+00:00,0.3611,0.3619,0.3597,0.3605,2592618.18
2024-01-26 22:00:00+00:00,0.3605,0.3613,0.3586,0.361,2489181.3
2024-01-26 23:00:00+00:00,0.361,0.3634,0.3606,0.3628,1805348.97
2024-01-27 00:00:00+00:00,0.3628,0.3684,0.3624,0.3681,4510913.54
2024-01-27 01:00:00+00:00,0.3681,0.369,0.3644,0.3659,2363148.79
2024-01-27 02:00:00+00:00,0.3659,0.3683,0.3659,0.3679,1460866.5
2024-01-27 03:00:00+00:00,0.3679,0.3684,0.3665,0.3682,1774233.82
2024-01-27 04:00:00+00:00,0.3682,0.3709,0.3679,0.3682,2754820.9
2024-01-27 05:00:00+00:00,0.3682,0.3699,0.3634,0.3644,2506217.41
2024-01-27 06:00:00+00:00,0.3644,0.3659,0.3629,0.3631,2161766.58
2024-01-27 07:00:00+00:00,0.3631,0.3644,0.3614,0.3626,4790317.93
2024-01-27 08:00:00+00:00,0.3626,0.3643,0.3613,0.362,1394153.56
2024-01-27 09:00:00+00:00,0.362,0.3656,0.3613,0.3645,2075961.98
2024-01-27 10:00:00+00:00,0.3645,0.3658,0.3636,0.3643,1236829.09
2024-01-27 11:00:00+00:00,0.3643,0.3645,0.3622,0.3624,1201236.51
2024-01-27 12:00:00+00:00,0.3624,0.3639,0.3614,0.3619,1776372.63
2024-01-27 13:00:00+00:00,0.3619,0.3647,0.3612,0.3645,1124065.63
2024-01-27 14:00:00+00:00,0.3645,0.3683,0.3643,0.3657,2136406.53
2024-01-27 15:00:00+00:00,0.3657,0.371,0.3654,0.3699,3429460.76
2024-01-27 16:00:00+00:00,0.3699,0.373,0.3683,0.3683,4795954.22
2024-01-27 17:00:00+00:00,0.3683,0.3719,0.3679,0.37,1376113.18
2024-01-27 18:00:00+00:00,0.37,0.373,0.3694,0.3707,2542259.81
2024-01-27 19:00:00+00:00,0.3707,0.3737,0.3707,0.3725,2114176.72
2024-01-27 20:00:00+00:00,0.3725,0.3759,0.3724,0.3733,3364174.64
2024-01-27 21:00:00+00:00,0.3733,0.3752,0.373,0.3744,1746388.72
2024-01-27 22:00:00+00:00,0.3744,0.3748,0.3722,0.3743,1498067.86
2024-01-27 23:00:00+00:00,0.3743,0.3746,0.3716,0.3733,2059579.67
2024-01-28 00:00:00+00:00,0.3733,0.3827,0.3732,0.3823,4640107.09
2024-01-28 01:00:00+00:00,0.3823,0.3882,0.382,0.3868,6097216.88
2024-01-28 02:00:00+00:00,0.3868,0.3909,0.384,0.3856,5251248.04
2024-01-28 03:00:00+00:00,0.3856,0.3895,0.3844,0.3894,1914882.36
2024-01-28 04:00:00+00:00,0.3894,0.3962,0.3882,0.3941,7822708.37
2024-01-28 05:00:00+00:00,0.3941,0.3949,0.3857,0.3886,7146985.3
2024-01-28 06:00:00+00:00,0.3886,0.3889,0.3854,0.388,3843640.43
2024-01-28 07:00:00+00:00,0.388,0.3905,0.3841,0.3856,4426120.88
2024-01-28 08:00:00+00:00,0.3856,0.3912,0.3836,0.3881,4029743.23
2024-01-28 09:00:00+00:00,0.3881,0.3888,0.3858,0.3868,1872160.23
2024-01-28 10:00:00+00:00,0.3868,0.3885,0.3848,0.3865,2224287.39
2024-01-28 11:00:00+00:00,0.3865,0.3879,0.3817,0.3843,2481803.78
2024-01-28 12:00:00+00:00,0.3843,0.3851,0.3794,0.3829,5584183.73
2024-01-28 13:00:00+00:00,0.3829,0.3841,0.381,0.3824,2340343.65
2024-01-28 14:00:00+00:00,0.3824,0.3837,0.3785,0.3793,2715641.87
2024-01-28 15:00:00+00:00,0.3793,0.3815,0.3774,0.3799,3829443.86
2024-01-28 16:00:00+00:00,0.3799,0.3814,0.3775,0.3802,2605916.18
2024-01-28 17:00:00+00:00,0.3802,0.3802,0.3757,0.3786,2260590.23
2024-01-28 18:00:00+00:00,0.3786,0.3794,0.3753,0.3764,3218780.84
2024-01-28 19:00:00+00:00,0.3764,0.3781,0.3721,0.3724,8526460.88
2024-01-28 20:00:00+00:00,0.3724,0.3757,0.3682,0.3751,5871823.28
2024-01-28 21:00:00+00:00,0.3751,0.3761,0.3729,0.3754,1937030.61
2024-01-28 22:00:00+00:00,0.3754,0.3775,0.3719,0.3739,5211480.17
2024-01-28 23:00:00+00:00,0.3739,0.3762,0.3722,0.3755,1408957.69
2024-01-29 00:00:00+00:00,0.3755,0.3772,0.3729,0.3741,1881806.88
2024-01-29 01:00:00+00:00,0.3741,0.3798,0.3741,0.3778,2881098.27
2024-01-29 02:00:00+00:00,0.3778,0.381,0.3776,0.379,1404644.8
2024-01-29 03:00:00+00:00,0.379,0.3847,0.379,0.3814,1847677.29
2024-01-29 04:00:00+00:00,0.3814,0.3827,0.3793,0.3827,1846082.3
2024-01-29 05:00:00+00:00,0.3827,0.3847,0.3813,0.3819,2099220.13
2024-01-29 06:00:00+00:00,0.3819,0.3845,0.3813,0.3819,1605006.12
2024-01-29 07:00:00+00:00,0.3819,0.3854,0.3786,0.3795,2187180.45
2024-01-29 08:00:00+00:00,0.3795,0.3849,0.3771,0.3841,3143906.54
2024-01-29 09:00:00+00:00,0.3841,0.3883,0.3815,0.3857,4661842.36
2024-01-29 10:00:00+00:00,0.3857,0.3873,0.3839,0.3849,2385790.87
2024-01-29 11:00:00+00:00,0.3849,0.3852,0.3825,0.3836,2638201.63
2024-01-29 12:00:00+00:00,0.3836,0.3867,0.3801,0.3824,2729778.1
2024-01-29 13:00:00+00:00,0.3824,0.383,0.3766,0.3781,2874359.8
2024-01-29 14:00:00+00:00,0.3781,0.3803,0.3745,0.3768,5623880.04
2024-01-29 15:00:00+00:00,0.3768,0.3881,0.3746,0.3866,5691357.49
2024-01-29 16:00:00+00:00,0.3866,0.3908,0.3827,0.3908,9025642.75
2024-01-29 17:00:00+00:00,0.3908,0.3953,0.3878,0.389,7848403.32
2024-01-29 18:00:00+00:00,0.389,0.3907,0.3871,0.3888,1878678.57
2024-01-29 19:00:00+00:00,0.3888,0.391,0.3857,0.386,2789398.84
2024-01-29 20:00:00+00:00,0.386,0.3885,0.3857,0.3882,1270616.82
2024-01-29 21:00:00+00:00,0.3882,0.3883,0.386,0.3862,1464441.52
2024-01-29 22:00:00+00:00,0.3862,0.3884,0.386,0.387,950401.79
2024-01-29 23:00:00+00:00,0.387,0.3875,0.3841,0.385,1785688.33
2024-01-30 00:00:00+00:00,0.385,0.3855,0.3806,0.3814,2110574.68
2024-01-30 01:00:00+00:00,0.3814,0.3876,0.3807,0.3834,2179114.75
2024-01-30 02:00:00+00:00,0.3834,0.3873,0.3819,0.3826,5900226.91
2024-01-30 03:00:00+00:00,0.3826,0.3833,0.3787,0.3807,5618489.2
2024-01-30 04:00:00+00:00,0.3807,0.3827,0.3801,0.3826,2185066.22
2024-01-30 05:00:00+00:00,0.3826,0.3829,0.3802,0.3818,1359377.97
2024-01-30 06:00:00+00:00,0.3818,0.3824,0.3792,0.3814,1258599.46
2024-01-30 07:00:00+00:00,0.3814,0.3855,0.3812,0.3833,3106787.4
2024-01-30 08:00:00+00:00,0.3833,0.3878,0.3818,0.386,2225698.7
2024-01-30 09:00:00+00:00,0.386,0.3883,0.3845,0.3848,2056165.29
2024-01-30 10:00:00+00:00,0.3848,0.3899,0.3846,0.388,4503604.68
2024-01-30 11:00:00+00:00,0.388,0.3907,0.3868,0.3896,3925033.3
2024-01-30 12:00:00+00:00,0.3896,0.3896,0.3797,0.381,4803265.94
2024-01-30 13:00:00+00:00,0.381,0.3825,0.377,0.3788,4893828.94
2024-01-30 14:00:00+00:00,0.3788,0.3801,0.3764,0.3797,3749515.19
2024-01-30 15:00:00+00:00,0.3797,0.3837,0.3777,0.382,2753637.06
2024-01-30 16:00:00+00:00,0.382,0.3948,0.3788,0.3936,11376179.91
2024-01-30 17:00:00+00:00,0.3936,0.3942,0.3903,0.3914,4504332.62
2024-01-30 18:00:00+00:00,0.3914,0.392,0.3879,0.3886,2589913.38
2024-01-30 19:00:00+00:00,0.3886,0.3891,0.3863,0.3886,1934360.81
2024-01-30 20:00:00+00:00,0.3886,0.3899,0.3868,0.3879,1686520.1
2024-01-30 21:00:00+00:00,0.3879,0.3893,0.3861,0.3876,1772702.62
2024-01-30 22:00:00+00:00,0.3876,0.3877,0.3797,0.3798,4166740.39
2024-01-30 23:00:00+00:00,0.3798,0.3814,0.3729,0.3745,7593166.41
2024-01-31 00:00:00+00:00,0.3745,0.376,0.366,0.3711,6720721.33
2024-01-31 01:00:00+00:00,0.3711,0.3732,0.3696,0.3717,1784423.69
2024-01-31 02:00:00+00:00,0.3717,0.3724,0.3677,0.3706,1936579.37
2024-01-31 03:00:00+00:00,0.3706,0.3718,0.3699,0.3708,1097622.14
2024-01-31 04:00:00+00:00,0.3708,0.3711,0.368,0.3691,1687032.63
2024-01-31 05:00:00+00:00,0.3691,0.3697,0.3655,0.3684,3371742.43
2024-01-31 06:00:00+00:00,0.3684,0.3694,0.3648,0.3657,1920666.25
2024-01-31 07:00:00+00:00,0.3657,0.3694,0.3657,0.3683,2023829.08
2024-01-31 08:00:00+00:00,0.3683,0.3686,0.3616,0.3634,7580464.46
2024-01-31 09:00:00+00:00,0.3634,0.3635,0.3582,0.3586,6392192.76
2024-01-31 10:00:00+00:00,0.3586,0.3614,0.3562,0.3569,5648081.58
2024-01-31 11:00:00+00:00,0.3569,0.3604,0.356,0.3602,4111771.23
2024-01-31 12:00:00+00:00,0.3602,0.3608,0.3587,0.3596,2386797.18
2024-01-31 13:00:00+00:00,0.3596,0.3618,0.3579,0.3599,3448985.08
2024-01-31 14:00:00+00:00,0.3599,0.3618,0.3559,0.3591,4261053.2
2024-01-31 15:00:00+00:00,0.3591,0.3643,0.3538,0.3631,5915321.53
2024-01-31 16:00:00+00:00,0.3631,0.3655,0.3618,0.3652,5761704.87
2024-01-31 17:00:00+00:00,0.3652,0.3677,0.3636,0.3676,2967237.64
2024-01-31 18:00:00+00:00,0.3676,0.3677,0.3648,0.3653,2039272.87
2024-01-31 19:00:00+00:00,0.3653,0.368,0.361,0.3652,3640270.36
2024-01-31 20:00:00+00:00,0.3652,0.3655,0.3574,0.3576,4560935.51
2024-01-31 21:00:00+00:00,0.3576,0.3598,0.3506,0.3538,6485197.56
2024-01-31 22:00:00+00:00,0.3538,0.3572,0.3491,0.3553,5481400.07
2024-01-31 23:00:00+00:00,0.3553,0.3564,0.352,0.3525,2557038.01
2024-02-01 00:00:00+00:00,0.3525,0.3543,0.3496,0.3525,4223471.83
2024-02-01 01:00:00+00:00,0.3525,0.3525,0.3434,0.3446,7585480.32
2024-02-01 02:00:00+00:00,0.3446,0.3495,0.3441,0.3489,3770865.63
2024-02-01 03:00:00+00:00,0.3489,0.3496,0.3469,0.3478,1665883.28
2024-02-01 04:00:00+00:00,0.3478,0.3499,0.3459,0.349,3204427.73
2024-02-01 05:00:00+00:00,0.349,0.35,0.3461,0.3476,2068194.85
2024-02-01 06:00:00+00:00,0.3476,0.3481,0.3442,0.3468,2824805.91
2024-02-01 07:00:00+00:00,0.3468,0.3508,0.3453,0.3486,3545170.39
2024-02-01 08:00:00+00:00,0.3486,0.3499,0.347,0.349,2411225.13
2024-02-01 09:00:00+00:00,0.349,0.3501,0.3474,0.3484,2265443.03
2024-02-01 10:00:00+00:00,0.3484,0.35,0.3469,0.3478,1137890.36
2024-02-01 11:00:00+00:00,0.3478,0.3484,0.3456,0.3462,1612514.32
2024-02-01 12:00:00+00:00,0.3462,0.3483,0.3454,0.3468,1846607.69
2024-02-01 13:00:00+00:00,0.3468,0.3481,0.3445,0.3479,2349269.58
2024-02-01 14:00:00+00:00,0.3479,0.3517,0.3471,0.3507,4053817.94
2024-02-01 15:00:00+00:00,0.3507,0.3546,0.3502,0.3502,6347687.57
2024-02-01 16:00:00+00:00,0.3502,0.3509,0.3458,0.3502,3424982.26
2024-02-01 17:00:00+00:00,0.3502,0.3543,0.35,0.3522,3704701.74
2024-02-01 18:00:00+00:00,0.3522,0.3522,0.3491,0.35,2045874.15
2024-02-01 19:00:00+00:00,0.35,0.3536,0.3494,0.3528,1711863.16
2024-02-01 20:00:00+00:00,0.3528,0.3544,0.3511,0.3528,1732338.59
2024-02-01 21:00:00+00:00,0.3528,0.3558,0.3525,0.3556,1967344.12
2024-02-01 22:00:00+00:00,0.3556,0.3556,0.3523,0.3533,1389041.56
2024-02-01 23:00:00+00:00,0.3533,0.3554,0.3528,0.3551,1027415.96
2024-02-02 00:00:00+00:00,0.3551,0.3592,0.354,0.3581,2309688.43
2024-02-02 01:00:00+00:00,0.3581,0.3609,0.3576,0.3604,2080396.4
2024-02-02 02:00:00+00:00,0.3604,0.3614,0.3577,0.361,2246224.53
2024-02-02 03:00:00+00:00,0.361,0.3614,0.3587,0.3588,992084.7
2024-02-02 04:00:00+00:00,0.3588,0.3598,0.3568,0.3577,881525.28
2024-02-02 05:00:00+00:00,0.3577,0.359,0.3562,0.3586,1275159.98
2024-02-02 06:00:00+00:00,0.3586,0.3608,0.358,0.3599,2568717.76
2024-02-02 07:00:00+00:00,0.3599,0.3647,0.3591,0.3639,3300393.8
2024-02-02 08:00:00+00:00,0.3639,0.3647,0.3603,0.3616,2485839.56
2024-02-02 09:00:00+00:00,0.3616,0.3631,0.3607,0.3617,1829082.41
2024-02-02 10:00:00+00:00,0.3617,0.365,0.361,0.3649,2540121.04
2024-02-02 11:00:00+00:00,0.3649,0.3656,0.3629,0.3649,2170312.35
2024-02-02 12:00:00+00:00,0.3649,0.3655,0.3618,0.3622,3031772.95
2024-02-02 13:00:00+00:00,0.3622,0.3627,0.3545,0.3558,6413602.44
2024-02-02 14:00:00+00:00,0.3558,0.3586,0.355,0.3563,6826212.64
2024-02-02 15:00:00+00:00,0.3563,0.3632,0.3562,0.363,4395437.05
2024-02-02 16:00:00+00:00,0.363,0.3645,0.3603,0.362,3201471.92
2024-02-02 17:00:00+00:00,0.362,0.3624,0.3567,0.3569,2391129.12
2024-02-02 18:00:00+00:00,0.3569,0.3579,0.3555,0.3569,1513562.88
2024-02-02 19:00:00+00:00,0.3569,0.3581,0.3553,0.3577,1394563.38
2024-02-02 20:00:00+00:00,0.3577,0.3592,0.3568,0.3575,717818.66
2024-02-02 21:00:00+00:00,0.3575,0.3607,0.3574,0.3583,1711278.15
2024-02-02 22:00:00+00:00,0.3583,0.3619,0.358,0.3616,1202722.05
2024-02-02 23:00:00+00:00,0.3616,0.3618,0.3599,0.3613,759154.75
2024-02-03 00:00:00+00:00,0.3613,0.3653,0.3611,0.3633,2173664.5
2024-02-03 01:00:00+00:00,0.3633,0.3662,0.3632,0.3644,2216755.8
2024-02-03 02:00:00+00:00,0.3644,0.3645,0.3628,0.3634,906746.72
2024-02-03 03:00:00+00:00,0.3634,0.3649,0.3622,0.3626,1288408.95
2024-02-03 04:00:00+00:00,0.3626,0.3635,0.3615,0.3629,811492.55
2024-02-03 05:00:00+00:00,0.3629,0.3649,0.3617,0.3649,1082918.33
2024-02-03 06:00:00+00:00,0.3649,0.365,0.3626,0.3626,1441015.62
2024-02-03 07:00:00+00:00,0.3626,0.3632,0.3584,0.3589,1777125.49
2024-02-03 08:00:00+00:00,0.3589,0.3607,0.3561,0.3563,4304970.88
2024-02-03 09:00:00+00:00,0.3563,0.3596,0.3559,0.3591,1087772.8
2024-02-03 10:00:00+00:00,0.3591,0.3603,0.3586,0.359,894721.84
2024-02-03 11:00:00+00:00,0.359,0.3596,0.3577,0.3581,867110.56
2024-02-03 12:00:00+00:00,0.3581,0.3596,0.3575,0.3583,649032.31
2024-02-03 13:00:00+00:00,0.3583,0.3602,0.3581,0.359,737665.99
2024-02-03 14:00:00+00:00,0.359,0.359,0.3559,0.3571,867842.21
2024-02-03 15:00:00+00:00,0.3571,0.3591,0.3537,0.358,2191609.2
2024-02-03 16:00:00+00:00,0.358,0.3594,0.357,0.3579,1231990.48
2024-02-03 17:00:00+00:00,0.3579,0.3617,0.3578,0.3605,2355775.87
2024-02-03 18:00:00+00:00,0.3605,0.3606,0.3572,0.3575,1179588.39
2024-02-03 19:00:00+00:00,0.3575,0.3595,0.3571,0.3595,596779.17
2024-02-03 20:00:00+00:00,0.3595,0.3597,0.3576,0.3581,555910.14
2024-02-03 21:00:00+00:00,0.3581,0.3588,0.3564,0.3579,1134665.05
2024-02-03 22:00:00+00:00,0.3579,0.3586,0.3574,0.3578,506680.38
2024-02-03 23:00:00+00:00,0.3578,0.3594,0.3551,0.3569,1513175.38
2024-02-04 00:00:00+00:00,0.3569,0.3569,0.3503,0.354,2540926.63
2024-02-04 01:00:00+00:00,0.354,0.3561,0.3524,0.3558,1052053.09
2024-02-04 02:00:00+00:00,0.3558,0.3569,0.355,0.3558,508757.9
2024-02-04 03:00:00+00:00,0.3558,0.3603,0.3558,0.3576,1854320.76
2024-02-04 04:00:00+00:00,0.3576,0.3577,0.3526,0.3532,1572683.66
2024-02-04 05:00:00+00:00,0.3532,0.3543,0.3492,0.3493,5595201.95
2024-02-04 06:00:00+00:00,0.3493,0.3504,0.3471,0.3482,1750926.51
2024-02-04 07:00:00+00:00,0.3482,0.3497,0.3459,0.3468,4065751.88
2024-02-04 08:00:00+00:00,0.3468,0.3482,0.3458,0.3468,2204545.05
2024-02-04 09:00:00+00:00,0.3468,0.3518,0.3453,0.3503,3455057.06
2024-02-04 10:00:00+00:00,0.3503,0.3507,0.349,0.3507,747814.86
2024-02-04 11:00:00+00:00,0.3507,0.3552,0.3499,0.3521,3356983.55
2024-02-04 12:00:00+00:00,0.3521,0.3533,0.3516,0.3516,1737023.86
2024-02-04 13:00:00+00:00,0.3516,0.3529,0.3511,0.3519,920815.15
2024-02-04 14:00:00+00:00,0.3519,0.3539,0.3516,0.3526,1785952.4
2024-02-04 15:00:00+00:00,0.3526,0.354,0.352,0.3523,751718.96
2024-02-04 16:00:00+00:00,0.3523,0.3537,0.3516,0.3528,910106.73
2024-02-04 17:00:00+00:00,0.3528,0.3542,0.3514,0.3533,1362302.23
2024-02-04 18:00:00+00:00,0.3533,0.3545,0.3507,0.3519,1320880.2
2024-02-04 19:00:00+00:00,0.3519,0.3526,0.3493,0.3515,2093707.99
2024-02-04 20:00:00+00:00,0.3515,0.3562,0.3503,0.3552,1928729.1
2024-02-04 21:00:00+00:00,0.3552,0.3569,0.3539,0.3545,2087673.64
2024-02-04 22:00:00+00:00,0.3545,0.3552,0.3481,0.3499,1542264.1
2024-02-04 23:00:00+00:00,0.3499,0.3506,0.3476,0.3484,1388014.15
2024-02-05 00:00:00+00:00,0.3484,0.3508,0.347,0.3471,1614117.86
2024-02-05 01:00:00+00:00,0.3471,0.3483,0.3423,0.348,3517011.9
2024-02-05 02:00:00+00:00,0.348,0.3488,0.3467,0.3481,774756.35
2024-02-05 03:00:00+00:00,0.3481,0.356,0.3481,0.3553,1383769.79
2024-02-05 04:00:00+00:00,0.3553,0.3564,0.3529,0.3547,3090098.81
2024-02-05 05:00:00+00:00,0.3547,0.3554,0.3536,0.3554,883990.8
2024-02-05 06:00:00+00:00,0.3554,0.36,0.3551,0.3597,3657412.98
2024-02-05 07:00:00+00:00,0.3597,0.36,0.3575,0.3587,1863823.9
2024-02-05 08:00:00+00:00,0.3587,0.3598,0.3564,0.3568,1574841.4
2024-02-05 09:00:00+00:00,0.3568,0.3594,0.356,0.3591,2405834.32
2024-02-05 10:00:00+00:00,0.3591,0.3614,0.3591,0.36,4067928.11
2024-02-05 11:00:00+00:00,0.36,0.3617,0.3587,0.3612,2080265.26
2024-02-05 12:00:00+00:00,0.3612,0.3616,0.359,0.3606,1785121.84
2024-02-05 13:00:00+00:00,0.3606,0.3643,0.36,0.3621,3006112.42
2024-02-05 14:00:00+00:00,0.3621,0.3641,0.3614,0.3615,1427904.95
2024-02-05 15:00:00+00:00,0.3615,0.3615,0.3554,0.356,3467164.69
2024-02-05 16:00:00+00:00,0.356,0.3595,0.3556,0.3584,2421050.56
2024-02-05 17:00:00+00:00,0.3584,0.3586,0.3557,0.3565,1381001.41
2024-02-05 18:00:00+00:00,0.3565,0.3572,0.3549,0.3571,1449857.11
2024-02-05 19:00:00+00:00,0.3571,0.3588,0.3566,0.3567,1060180.19
2024-02-05 20:00:00+00:00,0.3567,0.3573,0.3532,0.3571,1507435.7
2024-02-05 21:00:00+00:00,0.3571,0.3573,0.3534,0.3542,1668709.35
2024-02-05 22:00:00+00:00,0.3542,0.3566,0.3531,0.3547,1624577.04
2024-02-05 23:00:00+00:00,0.3547,0.3602,0.3537,0.3591,1296610.8
2024-02-06 00:00:00+00:00,0.3591,0.3597,0.3567,0.3585,1011580.07
2024-02-06 01:00:00+00:00,0.3585,0.3612,0.3574,0.3589,1405283.22
2024-02-06 02:00:00+00:00,0.3589,0.3624,0.3585,0.3623,1115747.17
2024-02-06 03:00:00+00:00,0.3623,0.3633,0.361,0.3625,1038590.09
2024-02-06 04:00:00+00:00,0.3625,0.3631,0.3597,0.3608,1333942.52
2024-02-06 05:00:00+00:00,0.3608,0.361,0.3596,0.3597,946471.14
2024-02-06 06:00:00+00:00,0.3597,0.361,0.3589,0.3608,1010897.4
2024-02-06 07:00:00+00:00,0.3608,0.3615,0.3596,0.3609,1119100.56
2024-02-06 08:00:00+00:00,0.3609,0.3627,0.3602,0.3621,2265803.02
2024-02-06 09:00:00+00:00,0.3621,0.3638,0.3614,0.3628,3497406.54
2024-02-06 10:00:00+00:00,0.3628,0.3636,0.3562,0.3581,5176865.09
2024-02-06 11:00:00+00:00,0.3581,0.3583,0.355,0.3571,2941419.76
2024-02-06 12:00:00+00:00,0.3571,0.3588,0.3537,0.3565,2256053.97
2024-02-06 13:00:00+00:00,0.3565,0.3581,0.3548,0.3565,2339984.56
2024-02-06 14:00:00+00:00,0.3565,0.3583,0.355,0.3557,1845416.01
2024-02-06 15:00:00+00:00,0.3557,0.359,0.3546,0.3584,1932249.8
2024-02-06 16:00:00+00:00,0.3584,0.3591,0.3559,0.3559,2073616.5
2024-02-06 17:00:00+00:00,0.3559,0.3575,0.3554,0.3562,943343.53
2024-02-06 18:00:00+00:00,0.3562,0.3576,0.3541,0.3575,2484425.66
2024-02-06 19:00:00+00:00,0.3575,0.3611,0.3569,0.3609,2502241.5
2024-02-06 20:00:00+00:00,0.3609,0.3622,0.3592,0.3605,2241226.77
2024-02-06 21:00:00+00:00,0.3605,0.3612,0.3591,0.3591,1388764.04
2024-02-06 22:00:00+00:00,0.3591,0.3602,0.3578,0.3586,758387.98
2024-02-06 23:00:00+00:00,0.3586,0.3587,0.3561,0.3564,1063943.77
2024-02-07 00:00:00+00:00,0.3564,0.3582,0.3552,0.3555,1183104.73
2024-02-07 01:00:00+00:00,0.3555,0.3582,0.3551,0.356,740882.81
2024-02-07 02:00:00+00:00,0.356,0.3574,0.3551,0.3553,642108.51
2024-02-07 03:00:00+00:00,0.3553,0.3555,0.3519,0.3519,1469899.88
2024-02-07 04:00:00+00:00,0.3519,0.3523,0.3495,0.3519,2467308.01
2024-02-07 05:00:00+00:00,0.3519,0.3548,0.3484,0.3533,1599970.06
2024-02-07 06:00:00+00:00,0.3533,0.354,0.3522,0.3539,1732215.19
2024-02-07 07:00:00+00:00,0.3539,0.3563,0.3529,0.3542,1411712.74
2024-02-07 08:00:00+00:00,0.3542,0.3558,0.3535,0.3555,1346586.79
2024-02-07 09:00:00+00:00,0.3555,0.3583,0.3547,0.3573,1794169.83
2024-02-07 10:00:00+00:00,0.3573,0.3573,0.3545,0.355,1271029.29
2024-02-07 11:00:00+00:00,0.355,0.3565,0.3549,0.3557,1188363.18
2024-02-07 12:00:00+00:00,0.3557,0.358,0.3557,0.358,859307.25
2024-02-07 13:00:00+00:00,0.358,0.3584,0.3567,0.3573,862341.05
2024-02-07 14:00:00+00:00,0.3573,0.3607,0.3561,0.3575,2373758.01
2024-02-07 15:00:00+00:00,0.3575,0.3607,0.3563,0.3586,1690153.58
2024-02-07 16:00:00+00:00,0.3586,0.3608,0.3582,0.3606,1758690.58
2024-02-07 17:00:00+00:00,0.3606,0.3655,0.3605,0.3624,4585038.1
2024-02-07 18:00:00+00:00,0.3624,0.3641,0.3617,0.3639,2880525.2
2024-02-07 19:00:00+00:00,0.3639,0.3648,0.3616,0.3625,2220554.11
2024-02-07 20:00:00+00:00,0.3625,0.3672,0.3624,0.3664,4237585.46
2024-02-07 21:00:00+00:00,0.3664,0.3687,0.3655,0.368,3692210.36
2024-02-07 22:00:00+00:00,0.368,0.3688,0.3655,0.3663,1781200.19
2024-02-07 23:00:00+00:00,0.3663,0.3674,0.3657,0.3671,895296.39
2024-02-08 00:00:00+00:00,0.3671,0.3729,0.3671,0.3727,2892708.25
2024-02-08 01:00:00+00:00,0.3727,0.3728,0.3694,0.3711,2091902.94
2024-02-08 02:00:00+00:00,0.3711,0.3736,0.3707,0.3733,1494861.03
2024-02-08 03:00:00+00:00,0.3733,0.3738,0.3718,0.3726,1218507.48
2024-02-08 04:00:00+00:00,0.3726,0.3739,0.3703,0.3703,2553792.44
2024-02-08 05:00:00+00:00,0.3703,0.3725,0.3699,0.3723,1630092.15
2024-02-08 06:00:00+00:00,0.3723,0.3728,0.37,0.3701,1063319.98
2024-02-08 07:00:00+00:00,0.3701,0.3718,0.3694,0.3705,1081785.61
2024-02-08 08:00:00+00:00,0.3705,0.3749,0.3705,0.3735,2789059.31
2024-02-08 09:00:00+00:00,0.3735,0.3738,0.3703,0.3721,1394028.29
2024-02-08 10:00:00+00:00,0.3721,0.3721,0.3699,0.3711,2263085.06
2024-02-08 11:00:00+00:00,0.3711,0.3714,0.3688,0.3694,1301780.12
2024-02-08 12:00:00+00:00,0.3694,0.372,0.3683,0.3695,1712799.34
2024-02-08 13:00:00+00:00,0.3695,0.3718,0.3684,0.3717,1557245.62
2024-02-08 14:00:00+00:00,0.3717,0.3751,0.3709,0.3749,2844705.86
2024-02-08 15:00:00+00:00,0.3749,0.3754,0.3725,0.3736,3299289.32
2024-02-08 16:00:00+00:00,0.3736,0.3737,0.3644,0.3683,4512270.08
2024-02-08 17:00:00+00:00,0.3683,0.3712,0.3671,0.3677,2680431.05
2024-02-08 18:00:00+00:00,0.3677,0.3712,0.3673,0.3712,1477885.61
2024-02-08 19:00:00+00:00,0.3712,0.3717,0.3694,0.3703,2079745.48
2024-02-08 20:00:00+00:00,0.3703,0.3736,0.37,0.3721,1443089.75
2024-02-08 21:00:00+00:00,0.3721,0.3731,0.3711,0.372,623946.87
2024-02-08 22:00:00+00:00,0.372,0.3748,0.3717,0.3733,1755967.74
2024-02-08 23:00:00+00:00,0.3733,0.377,0.3733,0.3751,2938323.38
2024-02-09 00:00:00+00:00,0.3751,0.3799,0.3751,0.3786,1592097.99
2024-02-09 01:00:00+00:00,0.3786,0.3788,0.3757,0.3776,756620.88
2024-02-09 02:00:00+00:00,0.3776,0.3809,0.3768,0.3807,2262034.42
2024-02-09 03:00:00+00:00,0.3807,0.3817,0.3771,0.3773,1957023.93
2024-02-09 04:00:00+00:00,0.3773,0.378,0.3748,0.3758,1631438.38
2024-02-09 05:00:00+00:00,0.3758,0.378,0.3748,0.3777,1353817.45
2024-02-09 06:00:00+00:00,0.3777,0.3787,0.3761,0.3783,1114226.48
2024-02-09 07:00:00+00:00,0.3783,0.3811,0.3781,0.38,1663871.68
2024-02-09 08:00:00+00:00,0.38,0.3842,0.3798,0.3839,3529223.47
2024-02-09 09:00:00+00:00,0.3839,0.3849,0.382,0.3849,2472641.81
2024-02-09 10:00:00+00:00,0.3849,0.3889,0.3849,0.3886,3744652.13
2024-02-09 11:00:00+00:00,0.3886,0.389,0.3849,0.3878,2328043.04
2024-02-09 12:00:00+00:00,0.3878,0.3918,0.3873,0.3906,7632634.25
2024-02-09 13:00:00+00:00,0.3906,0.3943,0.3899,0.3925,5225144.74
2024-02-09 14:00:00+00:00,0.3925,0.3947,0.3869,0.3943,13014550.84
2024-02-09 15:00:00+00:00,0.3943,0.4005,0.392,0.3984,8823427.07
2024-02-09 16:00:00+00:00,0.3984,0.3999,0.3961,0.3986,5550437.23
2024-02-09 17:00:00+00:00,0.3986,0.4039,0.3965,0.4037,5307839.24
2024-02-09 18:00:00+00:00,0.4037,0.4054,0.3989,0.4003,4088475.81
2024-02-09 19:00:00+00:00,0.4003,0.4044,0.3967,0.4015,4955241.37
2024-02-09 20:00:00+00:00,0.4015,0.4039,0.3992,0.3996,4817879.95
2024-02-09 21:00:00+00:00,0.3996,0.4023,0.3983,0.4012,2514189.44
2024-02-09 22:00:00+00:00,0.4012,0.4018,0.3972,0.3989,1831758.88
2024-02-09 23:00:00+00:00,0.3989,0.3991,0.3956,0.3969,1417311.46
2024-02-10 00:00:00+00:00,0.3969,0.3996,0.3969,0.3993,1825124.33
2024-02-10 01:00:00+00:00,0.3993,0.4012,0.3984,0.3999,1228990.05
2024-02-10 02:00:00+00:00,0.3999,0.4012,0.3995,0.4008,1015230.61
2024-02-10 03:00:00+00:00,0.4008,0.401,0.3979,0.3984,1242445.79
2024-02-10 04:00:00+00:00,0.3984,0.3987,0.397,0.3978,816635.1
2024-02-10 05:00:00+00:00,0.3978,0.3979,0.3954,0.396,900553.7
2024-02-10 06:00:00+00:00,0.396,0.3965,0.3933,0.3939,1935968.03
2024-02-10 07:00:00+00:00,0.3939,0.3945,0.3917,0.3919,2196185.75
2024-02-10 08:00:00+00:00,0.3919,0.3937,0.3894,0.3899,2095002.0
2024-02-10 09:00:00+00:00,0.3899,0.3926,0.3897,0.39,2187335.05
2024-02-10 10:00:00+00:00,0.39,0.3908,0.3858,0.3877,4466448.55
2024-02-10 11:00:00+00:00,0.3877,0.3897,0.3873,0.3896,2187605.19
2024-02-10 12:00:00+00:00,0.3896,0.3898,0.3872,0.3878,1204540.09
2024-02-10 13:00:00+00:00,0.3878,0.3895,0.3865,0.3891,1075905.56
2024-02-10 14:00:00+00:00,0.3891,0.3897,0.388,0.3896,1557691.56
2024-02-10 15:00:00+00:00,0.3896,0.3931,0.3894,0.3928,1606275.6
2024-02-10 16:00:00+00:00,0.3928,0.3931,0.3895,0.3914,1267097.15
2024-02-10 17:00:00+00:00,0.3914,0.3928,0.3894,0.3894,1276865.96
2024-02-10 18:00:00+00:00,0.3894,0.393,0.3894,0.3925,2637335.34
2024-02-10 19:00:00+00:00,0.3925,0.396,0.3925,0.3938,3356381.69
2024-02-10 20:00:00+00:00,0.3938,0.3983,0.3926,0.3962,3282317.28
2024-02-10 21:00:00+00:00,0.3962,0.4038,0.3962,0.4006,4041183.26
2024-02-10 22:00:00+00:00,0.4006,0.4022,0.3964,0.3991,3301919.42
2024-02-10 23:00:00+00:00,0.3991,0.4012,0.3969,0.3976,1863512.85
2024-02-11 00:00:00+00:00,0.3976,0.4004,0.3976,0.3993,1095476.29
2024-02-11 01:00:00+00:00,0.3993,0.3999,0.3971,0.3988,801287.38
2024-02-11 02:00:00+00:00,0.3988,0.3997,0.3974,0.3984,741086.8
2024-02-11 03:00:00+00:00,0.3984,0.401,0.3982,0.3994,1481906.83
2024-02-11 04:00:00+00:00,0.3994,0.3999,0.3974,0.398,1913007.72
2024-02-11 05:00:00+00:00,0.398,0.3991,0.3973,0.3989,1286920.6
2024-02-11 06:00:00+00:00,0.3989,0.4006,0.397,0.3998,1815069.69
2024-02-11 07:00:00+00:00,0.3998,0.4003,0.3973,0.399,1709985.08
2024-02-11 08:00:00+00:00,0.399,0.3996,0.3962,0.3967,978418.83
2024-02-11 09:00:00+00:00,0.3967,0.3987,0.3965,0.3967,1478908.54
2024-02-11 10:00:00+00:00,0.3967,0.3974,0.3938,0.3965,3965541.0
2024-02-11 11:00:00+00:00,0.3965,0.3974,0.3946,0.3952,1541584.09
2024-02-11 12:00:00+00:00,0.3952,0.3955,0.3941,0.3942,1651347.31
2024-02-11 13:00:00+00:00,0.3942,0.3944,0.39,0.3901,2933663.97
2024-02-11 14:00:00+00:00,0.3901,0.3913,0.3875,0.3907,2264637.84
2024-02-11 15:00:00+00:00,0.3907,0.3914,0.389,0.3909,1245464.25
2024-02-11 16:00:00+00:00,0.3909,0.3914,0.3889,0.3903,1358268.67
2024-02-11 17:00:00+00:00,0.3903,0.3928,0.3898,0.3904,1604656.69
2024-02-11 18:00:00+00:00,0.3904,0.3916,0.3882,0.3905,2136648.15
2024-02-11 19:00:00+00:00,0.3905,0.3909,0.3894,0.3895,669657.68
2024-02-11 20:00:00+00:00,0.3895,0.3913,0.3834,0.3849,4094793.87
2024-02-11 21:00:00+00:00,0.3849,0.3875,0.3849,0.3861,1380415.99
2024-02-11 22:00:00+00:00,0.3861,0.3875,0.3848,0.386,978836.09
2024-02-11 23:00:00+00:00,0.386,0.3869,0.385,0.3863,798985.18
2024-02-12 00:00:00+00:00,0.3863,0.3905,0.3854,0.389,1731611.22
2024-02-12 01:00:00+00:00,0.389,0.3915,0.3862,0.3866,2911120.09
2024-02-12 02:00:00+00:00,0.3866,0.3875,0.378,0.3818,4568968.89
2024-02-12 03:00:00+00:00,0.3818,0.3826,0.3801,0.3812,1494649.9
2024-02-12 04:00:00+00:00,0.3812,0.3823,0.3801,0.3809,954959.01
2024-02-12 05:00:00+00:00,0.3809,0.3825,0.3809,0.382,707910.18
2024-02-12 06:00:00+00:00,0.382,0.3832,0.3795,0.3823,1279076.79
2024-02-12 07:00:00+00:00,0.3823,0.3844,0.382,0.3821,1508010.12
2024-02-12 08:00:00+00:00,0.3821,0.3828,0.3793,0.3802,1426586.88
2024-02-12 09:00:00+00:00,0.3802,0.3809,0.3783,0.3798,2667886.07
2024-02-12 10:00:00+00:00,0.3798,0.3804,0.3765,0.3766,1784768.91
2024-02-12 11:00:00+00:00,0.3766,0.3784,0.374,0.3772,4327477.87
2024-02-12 12:00:00+00:00,0.3772,0.3782,0.3755,0.378,1746695.4
2024-02-12 13:00:00+00:00,0.378,0.378,0.3753,0.3759,1030721.72
2024-02-12 14:00:00+00:00,0.3759,0.3851,0.3756,0.3841,4644777.58
2024-02-12 15:00:00+00:00,0.3841,0.395,0.3829,0.3948,6829007.89
2024-02-12 16:00:00+00:00,0.3948,0.3952,0.3902,0.3946,6344195.07
2024-02-12 17:00:00+00:00,0.3946,0.4065,0.3942,0.4002,12458917.64
2024-02-12 18:00:00+00:00,0.4002,0.403,0.3988,0.4,5014967.42
2024-02-12 19:00:00+00:00,0.4,0.4018,0.3993,0.3996,3647522.5
2024-02-12 20:00:00+00:00,0.3996,0.4024,0.3996,0.4017,2955588.01
2024-02-12 21:00:00+00:00,0.4017,0.4049,0.3991,0.3999,3516841.58
2024-02-12 22:00:00+00:00,0.3999,0.404,0.3999,0.4037,1512703.39
2024-02-12 23:00:00+00:00,0.4037,0.4042,0.4014,0.4016,1210422.49
2024-02-13 00:00:00+00:00,0.4016,0.4037,0.4006,0.4013,1269574.55
2024-02-13 01:00:00+00:00,0.4013,0.4013,0.3982,0.3997,2772386.6
2024-02-13 02:00:00+00:00,0.3997,0.3999,0.3957,0.396,2419492.74
2024-02-13 03:00:00+00:00,0.396,0.3969,0.3956,0.3965,2863312.55
2024-02-13 04:00:00+00:00,0.3965,0.4007,0.3965,0.3995,1871443.62
2024-02-13 05:00:00+00:00,0.3995,0.4033,0.3987,0.4024,1652252.15
2024-02-13 06:00:00+00:00,0.4024,0.4024,0.3996,0.4009,1199568.35
2024-02-13 07:00:00+00:00,0.4009,0.4013,0.3985,0.3998,2853261.52
2024-02-13 08:00:00+00:00,0.3998,0.4005,0.3991,0.4001,1592500.27
2024-02-13 09:00:00+00:00,0.4001,0.4032,0.3994,0.4028,1970226.37
2024-02-13 10:00:00+00:00,0.4028,0.4029,0.3989,0.3993,1765033.02
2024-02-13 11:00:00+00:00,0.3993,0.4012,0.3985,0.3997,1293017.19
2024-02-13 12:00:00+00:00,0.3997,0.3998,0.3969,0.3976,1512435.85
2024-02-13 13:00:00+00:00,0.3976,0.3977,0.3858,0.3914,8908867.47
2024-02-13 14:00:00+00:00,0.3914,0.3923,0.3827,0.3877,9827714.85
2024-02-13 15:00:00+00:00,0.3877,0.3904,0.3857,0.388,2845931.65
2024-02-13 16:00:00+00:00,0.388,0.3883,0.3854,0.3856,2873244.56
2024-02-13 17:00:00+00:00,0.3856,0.3899,0.3853,0.3896,2683734.77
2024-02-13 18:00:00+00:00,0.3896,0.392,0.3894,0.3907,1866538.51
2024-02-13 19:00:00+00:00,0.3907,0.3936,0.3898,0.3915,1629230.82
2024-02-13 20:00:00+00:00,0.3915,0.3955,0.3915,0.3942,1429006.0
2024-02-13 21:00:00+00:00,0.3942,0.3951,0.3934,0.3938,1248193.63
2024-02-13 22:00:00+00:00,0.3938,0.3956,0.3913,0.3952,1804636.53
2024-02-13 23:00:00+00:00,0.3952,0.3952,0.3934,0.3941,516144.54
2024-02-14 00:00:00+00:00,0.3941,0.3946,0.391,0.3942,1259855.06
2024-02-14 01:00:00+00:00,0.3942,0.3955,0.3924,0.3942,1326332.76
2024-02-14 02:00:00+00:00,0.3942,0.3949,0.3934,0.3943,535144.63
2024-02-14 03:00:00+00:00,0.3943,0.3978,0.3942,0.3971,1482583.66
2024-02-14 04:00:00+00:00,0.3971,0.3995,0.3963,0.3993,2435381.0
2024-02-14 05:00:00+00:00,0.3993,0.403,0.3984,0.4026,4419655.39
2024-02-14 06:00:00+00:00,0.4026,0.4099,0.4012,0.4099,5739273.51
2024-02-14 07:00:00+00:00,0.4099,0.4137,0.4088,0.4119,4770321.28
2024-02-14 08:00:00+00:00,0.4119,0.4174,0.4095,0.4169,5566597.86
2024-02-14 09:00:00+00:00,0.4169,0.4176,0.4132,0.4175,6544385.37
2024-02-14 10:00:00+00:00,0.4175,0.4176,0.4142,0.4169,4268393.22
2024-02-14 11:00:00+00:00,0.4169,0.4169,0.4147,0.4151,3734906.42
2024-02-14 12:00:00+00:00,0.4151,0.4175,0.4129,0.4134,4139189.07
2024-02-14 13:00:00+00:00,0.4134,0.4173,0.4131,0.4165,2297770.37
2024-02-14 14:00:00+00:00,0.4165,0.4165,0.4097,0.4109,5537533.64
2024-02-14 15:00:00+00:00,0.4109,0.4114,0.4057,0.4102,5075614.65
2024-02-14 16:00:00+00:00,0.4102,0.4108,0.4057,0.4068,4731715.74
2024-02-14 17:00:00+00:00,0.4068,0.4084,0.4047,0.406,4030818.2
2024-02-14 18:00:00+00:00,0.406,0.4073,0.405,0.4067,1621306.18
2024-02-14 19:00:00+00:00,0.4067,0.4092,0.4048,0.409,2747854.17
2024-02-14 20:00:00+00:00,0.409,0.4112,0.409,0.4098,3959862.83
2024-02-14 21:00:00+00:00,0.4098,0.4109,0.4082,0.4108,1411767.2
2024-02-14 22:00:00+00:00,0.4108,0.4129,0.4094,0.4129,1628204.94
2024-02-14 23:00:00+00:00,0.4129,0.4134,0.4102,0.411,1313498.66
2024-02-15 00:00:00+00:00,0.411,0.4154,0.411,0.4148,3921186.36
2024-02-15 01:00:00+00:00,0.4148,0.4156,0.4059,0.4094,5491212.51
2024-02-15 02:00:00+00:00,0.4094,0.412,0.4089,0.409,2064537.44
2024-02-15 03:00:00+00:00,0.409,0.4131,0.4089,0.4129,1366278.12
2024-02-15 04:00:00+00:00,0.4129,0.4135,0.4072,0.4076,3124717.78
2024-02-15 05:00:00+00:00,0.4076,0.4085,0.4015,0.4043,3456385.29
2024-02-15 06:00:00+00:00,0.4043,0.4079,0.4039,0.4065,1986347.29
2024-02-15 07:00:00+00:00,0.4065,0.4109,0.4058,0.4101,3849798.9
2024-02-15 08:00:00+00:00,0.4101,0.4105,0.4078,0.4086,2120216.65
2024-02-15 09:00:00+00:00,0.4086,0.4116,0.4076,0.4107,2342082.31
2024-02-15 10:00:00+00:00,0.4107,0.4146,0.4102,0.4129,3297287.95
2024-02-15 11:00:00+00:00,0.4129,0.4177,0.4116,0.4137,5654528.48
2024-02-15 12:00:00+00:00,0.4137,0.4154,0.4091,0.4112,4061241.71
2024-02-15 13:00:00+00:00,0.4112,0.4146,0.4098,0.4144,2402483.17
2024-02-15 14:00:00+00:00,0.4144,0.4205,0.4132,0.4194,8897159.0
2024-02-15 15:00:00+00:00,0.4194,0.42,0.4081,0.4117,13205662.27
2024-02-15 16:00:00+00:00,0.4117,0.4145,0.4065,0.4115,4900651.06
2024-02-15 17:00:00+00:00,0.4115,0.4157,0.4106,0.4122,3329983.86
2024-02-15 18:00:00+00:00,0.4122,0.4162,0.4107,0.4161,2960801.64
2024-02-15 19:00:00+00:00,0.4161,0.4187,0.4141,0.4168,2911967.35
2024-02-15 20:00:00+00:00,0.4168,0.4179,0.4123,0.4135,2866805.69
2024-02-15 21:00:00+00:00,0.4135,0.4158,0.4087,0.4101,4102797.05
2024-02-15 22:00:00+00:00,0.4101,0.4156,0.41,0.4139,2824839.95
2024-02-15 23:00:00+00:00,0.4139,0.4161,0.4131,0.4161,1610180.79
2024-02-16 00:00:00+00:00,0.4161,0.4169,0.4114,0.4116,2044672.95
2024-02-16 01:00:00+00:00,0.4116,0.4165,0.411,0.4163,2029403.6
2024-02-16 02:00:00+00:00,0.4163,0.419,0.4151,0.4187,2436807.15
2024-02-16 03:00:00+00:00,0.4187,0.4219,0.4172,0.4213,2983238.24
2024-02-16 04:00:00+00:00,0.4213,0.4217,0.4182,0.419,2920466.74
2024-02-16 05:00:00+00:00,0.419,0.4204,0.4183,0.42,1904241.81
2024-02-16 06:00:00+00:00,0.42,0.4253,0.4189,0.4193,4602726.88
2024-02-16 07:00:00+00:00,0.4193,0.42,0.412,0.4124,3661684.92
2024-02-16 08:00:00+00:00,0.4124,0.4177,0.4116,0.4147,2717150.53
2024-02-16 09:00:00+00:00,0.4147,0.4151,0.4091,0.4144,2925341.21
2024-02-16 10:00:00+00:00,0.4144,0.4214,0.4135,0.4213,2600052.95
2024-02-16 11:00:00+00:00,0.4213,0.4214,0.4169,0.418,4907502.54
2024-02-16 12:00:00+00:00,0.418,0.4209,0.4167,0.4205,2765557.37
2024-02-16 13:00:00+00:00,0.4205,0.4207,0.4151,0.4167,2605497.9
2024-02-16 14:00:00+00:00,0.4167,0.4177,0.4037,0.4067,7689972.72
2024-02-16 15:00:00+00:00,0.4067,0.4074,0.3987,0.4073,10280853.86
2024-02-16 16:00:00+00:00,0.4073,0.411,0.405,0.4061,4296043.7
2024-02-16 17:00:00+00:00,0.4061,0.4065,0.4033,0.4054,3460156.62
2024-02-16 18:00:00+00:00,0.4054,0.4062,0.4034,0.4059,1575794.6
2024-02-16 19:00:00+00:00,0.4059,0.4073,0.4037,0.4043,1851270.64
2024-02-16 20:00:00+00:00,0.4043,0.4062,0.4038,0.4056,1420270.72
2024-02-16 21:00:00+00:00,0.4056,0.4077,0.4033,0.4077,1572216.35
2024-02-16 22:00:00+00:00,0.4077,0.4078,0.4054,0.4071,811678.78
2024-02-16 23:00:00+00:00,0.4071,0.41,0.4063,0.408,2080053.6
2024-02-17 00:00:00+00:00,0.408,0.4108,0.407,0.4089,1921384.99
2024-02-17 01:00:00+00:00,0.4089,0.4089,0.4023,0.4039,4001328.14
2024-02-17 02:00:00+00:00,0.4039,0.4064,0.4027,0.4056,1080885.29
2024-02-17 03:00:00+00:00,0.4056,0.4061,0.4039,0.4046,1047490.6
2024-02-17 04:00:00+00:00,0.4046,0.4047,0.4029,0.4036,1152889.23
2024-02-17 05:00:00+00:00,0.4036,0.404,0.4017,0.4039,712524.47
2024-02-17 06:00:00+00:00,0.4039,0.4042,0.4026,0.4028,505905.71
2024-02-17 07:00:00+00:00,0.4028,0.4046,0.4027,0.4038,1364916.4
2024-02-17 08:00:00+00:00,0.4038,0.4044,0.3996,0.4012,2820938.3
2024-02-17 09:00:00+00:00,0.4012,0.4031,0.3998,0.4002,2233870.51
2024-02-17 10:00:00+00:00,0.4002,0.4011,0.3983,0.4011,2572242.05
2024-02-17 11:00:00+00:00,0.4011,0.4026,0.4009,0.4011,1605737.35
2024-02-17 12:00:00+00:00,0.4011,0.4018,0.3996,0.4004,1607260.56
2024-02-17 13:00:00+00:00,0.4004,0.4006,0.391,0.3937,7995536.1
2024-02-17 14:00:00+00:00,0.3937,0.3955,0.3867,0.3902,9180684.49
2024-02-17 15:00:00+00:00,0.3902,0.3936,0.3889,0.3923,2000581.68
2024-02-17 16:00:00+00:00,0.3923,0.3948,0.391,0.3941,1525581.07
2024-02-17 17:00:00+00:00,0.3941,0.3972,0.394,0.3965,2966419.4
2024-02-17 18:00:00+00:00,0.3965,0.3968,0.3934,0.394,2513803.02
2024-02-17 19:00:00+00:00,0.394,0.3969,0.3937,0.3967,2218165.12
2024-02-17 20:00:00+00:00,0.3967,0.3976,0.395,0.3969,1354641.99
2024-02-17 21:00:00+00:00,0.3969,0.4,0.396,0.3984,1788932.18
2024-02-17 22:00:00+00:00,0.3984,0.3991,0.3976,0.3986,803911.61
2024-02-17 23:00:00+00:00,0.3986,0.4011,0.3978,0.4009,2148902.98
2024-02-18 00:00:00+00:00,0.4009,0.4022,0.3987,0.4002,1772440.83
2024-02-18 01:00:00+00:00,0.4002,0.4017,0.3972,0.3979,1362666.3
2024-02-18 02:00:00+00:00,0.3979,0.3996,0.3962,0.397,1012006.85
2024-02-18 03:00:00+00:00,0.397,0.3991,0.3965,0.3988,485315.71
2024-02-18 04:00:00+00:00,0.3988,0.3997,0.398,0.3991,1771499.69
2024-02-18 05:00:00+00:00,0.3991,0.4051,0.3989,0.4049,2509493.99
2024-02-18 06:00:00+00:00,0.4049,0.4062,0.3984,0.4004,1706718.44
2024-02-18 07:00:00+00:00,0.4004,0.4045,0.3988,0.4042,1737661.06
2024-02-18 08:00:00+00:00,0.4042,0.408,0.4037,0.4078,2407984.76
2024-02-18 09:00:00+00:00,0.4078,0.4142,0.407,0.4138,4175145.92
2024-02-18 10:00:00+00:00,0.4138,0.4142,0.4118,0.4136,2906238.92
2024-02-18 11:00:00+00:00,0.4136,0.4136,0.4095,0.4124,2429116.63
2024-02-18 12:00:00+00:00,0.4124,0.4127,0.4069,0.4074,3970531.03
2024-02-18 13:00:00+00:00,0.4074,0.4125,0.4073,0.4103,3353153.53
2024-02-18 14:00:00+00:00,0.4103,0.413,0.4094,0.4119,1844371.41
2024-02-18 15:00:00+00:00,0.4119,0.4149,0.4108,0.4144,2966584.6
2024-02-18 16:00:00+00:00,0.4144,0.4156,0.4126,0.4144,2938289.72
2024-02-18 17:00:00+00:00,0.4144,0.4159,0.4126,0.4139,3500554.83
2024-02-18 18:00:00+00:00,0.4139,0.4144,0.4107,0.414,2683874.07
2024-02-18 19:00:00+00:00,0.414,0.416,0.4134,0.4142,2848357.28
2024-02-18 20:00:00+00:00,0.4142,0.4152,0.4109,0.4151,2359354.42
2024-02-18 21:00:00+00:00,0.4151,0.4193,0.4142,0.419,4130948.89
2024-02-18 22:00:00+00:00,0.419,0.4254,0.4187,0.4239,6671128.35
2024-02-18 23:00:00+00:00,0.4239,0.4246,0.42,0.4218,2790705.52
2024-02-19 00:00:00+00:00,0.4218,0.4342,0.4216,0.4314,8544007.49
2024-02-19 01:00:00+00:00,0.4314,0.4397,0.4279,0.4371,9465007.28
2024-02-19 02:00:00+00:00,0.4371,0.4407,0.4356,0.4378,4337858.31
2024-02-19 03:00:00+00:00,0.4378,0.4386,0.435,0.4379,2499414.96
2024-02-19 04:00:00+00:00,0.4379,0.4405,0.4359,0.4362,3748832.99
2024-02-19 05:00:00+00:00,0.4362,0.437,0.432,0.4336,3310007.08
2024-02-19 06:00:00+00:00,0.4336,0.4375,0.4333,0.4356,3063155.53
2024-02-19 07:00:00+00:00,0.4356,0.4387,0.4342,0.4361,2273795.8
2024-02-19 08:00:00+00:00,0.4361,0.4363,0.4256,0.4269,7242302.46
2024-02-19 09:00:00+00:00,0.4269,0.4308,0.4233,0.4296,6584748.21
2024-02-19 10:00:00+00:00,0.4296,0.431,0.424,0.4304,5710111.74
2024-02-19 11:00:00+00:00,0.4304,0.4316,0.4277,0.4295,1942648.16
2024-02-19 12:00:00+00:00,0.4295,0.4315,0.4272,0.4273,3997998.36
2024-02-19 13:00:00+00:00,0.4273,0.4302,0.4269,0.4278,3018683.64
2024-02-19 14:00:00+00:00,0.4278,0.4322,0.4258,0.4309,3674637.95
2024-02-19 15:00:00+00:00,0.4309,0.4348,0.4308,0.4348,5598036.97
2024-02-19 16:00:00+00:00,0.4348,0.435,0.4271,0.4292,5818512.19
2024-02-19 17:00:00+00:00,0.4292,0.4302,0.4229,0.4281,6742665.0
2024-02-19 18:00:00+00:00,0.4281,0.4288,0.4239,0.4252,2928778.75
2024-02-19 19:00:00+00:00,0.4252,0.4283,0.4232,0.4274,2661262.33
2024-02-19 20:00:00+00:00,0.4274,0.4283,0.4245,0.4263,4765599.33
2024-02-19 21:00:00+00:00,0.4263,0.4293,0.4252,0.4291,2237460.07
2024-02-19 22:00:00+00:00,0.4291,0.4343,0.4283,0.4324,4075752.25
2024-02-19 23:00:00+00:00,0.4324,0.4331,0.4303,0.432,2647562.6
2024-02-20 00:00:00+00:00,0.432,0.4341,0.4239,0.4245,5384790.94
2024-02-20 01:00:00+00:00,0.4245,0.4279,0.4181,0.424,8622558.75
2024-02-20 02:00:00+00:00,0.424,0.4305,0.4239,0.4302,3443787.54
2024-02-20 03:00:00+00:00,0.4302,0.4311,0.4246,0.4252,2134791.9
2024-02-20 04:00:00+00:00,0.4252,0.4342,0.4228,0.4339,3676714.31
2024-02-20 05:00:00+00:00,0.4339,0.44,0.4336,0.4368,7896001.17
2024-02-20 06:00:00+00:00,0.4368,0.4385,0.4322,0.4331,5201611.32
2024-02-20 07:00:00+00:00,0.4331,0.4338,0.4291,0.4296,3039487.25
2024-02-20 08:00:00+00:00,0.4296,0.4305,0.4246,0.4272,3741376.97
2024-02-20 09:00:00+00:00,0.4272,0.4274,0.4199,0.4231,8353008.75
2024-02-20 10:00:00+00:00,0.4231,0.4277,0.4229,0.427,2621727.1
2024-02-20 11:00:00+00:00,0.427,0.4326,0.427,0.4309,3502548.9
2024-02-20 12:00:00+00:00,0.4309,0.4324,0.4273,0.4277,1885407.98
2024-02-20 13:00:00+00:00,0.4277,0.4355,0.4253,0.4342,5874319.72
2024-02-20 14:00:00+00:00,0.4342,0.4346,0.4173,0.4216,11647301.01
2024-02-20 15:00:00+00:00,0.4216,0.422,0.4036,0.4113,17105039.52
2024-02-20 16:00:00+00:00,0.4113,0.4151,0.4067,0.407,5007996.08
2024-02-20 17:00:00+00:00,0.407,0.4107,0.402,0.41,8077432.48
2024-02-20 18:00:00+00:00,0.41,0.4106,0.4068,0.4087,2312336.39
2024-02-20 19:00:00+00:00,0.4087,0.4142,0.4072,0.4139,4009320.5
2024-02-20 20:00:00+00:00,0.4139,0.4204,0.4101,0.4175,7497718.78
2024-02-20 21:00:00+00:00,0.4175,0.4234,0.416,0.4202,3369607.56
2024-02-20 22:00:00+00:00,0.4202,0.4261,0.4201,0.4257,2863330.62
2024-02-20 23:00:00+00:00,0.4257,0.4286,0.424,0.4243,3122175.42
2024-02-21 00:00:00+00:00,0.4243,0.4249,0.4193,0.4196,4267359.16
2024-02-21 01:00:00+00:00,0.4196,0.4203,0.414,0.4155,3420401.82
2024-02-21 02:00:00+00:00,0.4155,0.4168,0.4124,0.4127,2434807.55
2024-02-21 03:00:00+00:00,0.4127,0.4161,0.4123,0.4158,1258634.84
2024-02-21 04:00:00+00:00,0.4158,0.4168,0.4101,0.4111,2189835.72
2024-02-21 05:00:00+00:00,0.4111,0.4134,0.4071,0.4073,2902852.27
2024-02-21 06:00:00+00:00,0.4073,0.4082,0.4045,0.405,2168453.99
2024-02-21 07:00:00+00:00,0.405,0.4052,0.4011,0.4043,4865635.98
2024-02-21 08:00:00+00:00,0.4043,0.4068,0.4035,0.405,4483727.12
2024-02-21 09:00:00+00:00,0.405,0.4052,0.3931,0.3949,7098003.69
2024-02-21 10:00:00+00:00,0.3949,0.4,0.3917,0.3986,7342635.72
2024-02-21 11:00:00+00:00,0.3986,0.3997,0.395,0.3966,4245647.03
2024-02-21 12:00:00+00:00,0.3966,0.4027,0.3928,0.4007,5252458.04
2024-02-21 13:00:00+00:00,0.4007,0.4024,0.3957,0.3983,3468193.25
2024-02-21 14:00:00+00:00,0.3983,0.3985,0.3909,0.3936,5164473.08
2024-02-21 15:00:00+00:00,0.3936,0.3992,0.3926,0.3978,5335294.89
2024-02-21 16:00:00+00:00,0.3978,0.4011,0.3964,0.4002,5443614.24
2024-02-21 17:00:00+00:00,0.4002,0.4006,0.3952,0.3954,2137186.21
2024-02-21 18:00:00+00:00,0.3954,0.3959,0.3898,0.3947,4270421.0
2024-02-21 19:00:00+00:00,0.3947,0.3977,0.3934,0.3964,2392885.1
2024-02-21 20:00:00+00:00,0.3964,0.397,0.3943,0.3954,3223142.26
2024-02-21 21:00:00+00:00,0.3954,0.402,0.3948,0.402,3698020.25
2024-02-21 22:00:00+00:00,0.402,0.4042,0.4,0.404,2357915.77
2024-02-21 23:00:00+00:00,0.404,0.4062,0.4031,0.4051,2458024.13
2024-02-22 00:00:00+00:00,0.4051,0.4053,0.401,0.4014,1915190.59
2024-02-22 01:00:00+00:00,0.4014,0.4024,0.3927,0.3929,2756390.12
2024-02-22 02:00:00+00:00,0.3929,0.3988,0.3929,0.3969,1223391.82
2024-02-22 03:00:00+00:00,0.3969,0.4001,0.3956,0.4,1429848.61
2024-02-22 04:00:00+00:00,0.4,0.4016,0.3982,0.399,1344018.58
2024-02-22 05:00:00+00:00,0.399,0.4045,0.3989,0.404,2890569.59
2024-02-22 06:00:00+00:00,0.404,0.4095,0.4028,0.4088,3126314.11
2024-02-22 07:00:00+00:00,0.4088,0.4126,0.4062,0.4114,2795512.9
2024-02-22 08:00:00+00:00,0.4114,0.4194,0.4103,0.4192,5305760.27
2024-02-22 09:00:00+00:00,0.4192,0.4213,0.4161,0.4198,3073122.01
2024-02-22 10:00:00+00:00,0.4198,0.42,0.411,0.4148,5974968.65
2024-02-22 11:00:00+00:00,0.4148,0.4162,0.4124,0.4149,2488815.03
2024-02-22 12:00:00+00:00,0.4149,0.4164,0.4108,0.4129,2647376.91
2024-02-22 13:00:00+00:00,0.4129,0.4131,0.4045,0.4075,5077227.64
2024-02-22 14:00:00+00:00,0.4075,0.4132,0.4067,0.4128,3008420.13
2024-02-22 15:00:00+00:00,0.4128,0.416,0.4108,0.4155,3378004.06
2024-02-22 16:00:00+00:00,0.4155,0.4157,0.4082,0.4097,4304598.23
2024-02-22 17:00:00+00:00,0.4097,0.4143,0.4097,0.4124,1809259.84
2024-02-22 18:00:00+00:00,0.4124,0.4167,0.4116,0.4153,2616215.45
2024-02-22 19:00:00+00:00,0.4153,0.4153,0.4113,0.4118,1967432.75
2024-02-22 20:00:00+00:00,0.4118,0.4171,0.4115,0.4161,3782559.62
2024-02-22 21:00:00+00:00,0.4161,0.4161,0.4069,0.4091,2826153.21
2024-02-22 22:00:00+00:00,0.4091,0.4102,0.4044,0.4081,2510168.15
2024-02-22 23:00:00+00:00,0.4081,0.4088,0.4019,0.4027,1809346.25
2024-02-23 00:00:00+00:00,0.4027,0.4061,0.4021,0.406,2380800.69
2024-02-23 01:00:00+00:00,0.406,0.4067,0.4021,0.4021,1472957.77
2024-02-23 02:00:00+00:00,0.4021,0.4053,0.3984,0.3997,5697392.61
2024-02-23 03:00:00+00:00,0.3997,0.4005,0.3971,0.3986,2159704.32
2024-02-23 04:00:00+00:00,0.3986,0.4008,0.3951,0.4004,2647218.68
2024-02-23 05:00:00+00:00,0.4004,0.4011,0.3988,0.4004,916203.84
2024-02-23 06:00:00+00:00,0.4004,0.4025,0.3995,0.4019,1023660.02
2024-02-23 07:00:00+00:00,0.4019,0.4021,0.3957,0.3971,1521916.13
2024-02-23 08:00:00+00:00,0.3971,0.3999,0.3924,0.3932,3834879.57
2024-02-23 09:00:00+00:00,0.3932,0.3971,0.3926,0.3969,2236364.67
2024-02-23 10:00:00+00:00,0.3969,0.3985,0.3947,0.3985,1740405.25
2024-02-23 11:00:00+00:00,0.3985,0.4003,0.3969,0.3993,2958871.43
2024-02-23 12:00:00+00:00,0.3993,0.3993,0.3945,0.3957,1903382.85
2024-02-23 13:00:00+00:00,0.3957,0.3989,0.3949,0.3985,3867497.3
2024-02-23 14:00:00+00:00,0.3985,0.4017,0.3955,0.4008,5405081.82
2024-02-23 15:00:00+00:00,0.4008,0.4009,0.3931,0.3941,7067327.59
2024-02-23 16:00:00+00:00,0.3941,0.3948,0.3849,0.3931,11317191.63
2024-02-23 17:00:00+00:00,0.3931,0.3985,0.3926,0.3984,3755030.07
2024-02-23 18:00:00+00:00,0.3984,0.3992,0.3955,0.3975,2806603.69
2024-02-23 19:00:00+00:00,0.3975,0.3999,0.3963,0.3992,1811831.76
2024-02-23 20:00:00+00:00,0.3992,0.4009,0.3972,0.4006,1606513.48
2024-02-23 21:00:00+00:00,0.4006,0.4035,0.3986,0.4034,6574991.72
2024-02-23 22:00:00+00:00,0.4034,0.4047,0.3955,0.3962,2143974.29
2024-02-23 23:00:00+00:00,0.3962,0.3974,0.3912,0.3968,2886239.43
2024-02-24 00:00:00+00:00,0.3968,0.398,0.394,0.3975,1953306.22
2024-02-24 01:00:00+00:00,0.3975,0.3976,0.3874,0.3883,3691297.69
2024-02-24 02:00:00+00:00,0.3883,0.3939,0.3872,0.3932,1543847.15
2024-02-24 03:00:00+00:00,0.3932,0.3962,0.3912,0.3955,1140442.01
2024-02-24 04:00:00+00:00,0.3955,0.4003,0.3948,0.3995,1506245.74
2024-02-24 05:00:00+00:00,0.3995,0.4006,0.3963,0.4005,6123573.7
2024-02-24 06:00:00+00:00,0.4005,0.4012,0.3991,0.3997,1132846.19
2024-02-24 07:00:00+00:00,0.3997,0.4058,0.3991,0.4052,3474210.0
2024-02-24 08:00:00+00:00,0.4052,0.4065,0.4028,0.4039,5865481.67
2024-02-24 09:00:00+00:00,0.4039,0.4092,0.4034,0.4084,3956397.5
2024-02-24 10:00:00+00:00,0.4084,0.4131,0.4079,0.4106,4629790.69
2024-02-24 11:00:00+00:00,0.4106,0.4137,0.4088,0.4131,2977157.43
2024-02-24 12:00:00+00:00,0.4131,0.4136,0.4104,0.413,3558895.12
2024-02-24 13:00:00+00:00,0.413,0.4131,0.4105,0.411,3046512.03
2024-02-24 14:00:00+00:00,0.411,0.4123,0.4082,0.4106,3319927.07
2024-02-24 15:00:00+00:00,0.4106,0.414,0.4105,0.4117,2607273.98
2024-02-24 16:00:00+00:00,0.4117,0.4162,0.4116,0.4161,3200228.15
2024-02-24 17:00:00+00:00,0.4161,0.4208,0.4161,0.4192,4909933.71
2024-02-24 18:00:00+00:00,0.4192,0.4221,0.4172,0.4178,3176978.84
2024-02-24 19:00:00+00:00,0.4178,0.4226,0.4178,0.4219,4833853.81
2024-02-24 20:00:00+00:00,0.4219,0.423,0.4199,0.4211,3735286.42
2024-02-24 21:00:00+00:00,0.4211,0.4215,0.4187,0.42,2449974.32
2024-02-24 22:00:00+00:00,0.42,0.4215,0.4186,0.4189,1336655.54
2024-02-24 23:00:00+00:00,0.4189,0.4211,0.4189,0.4208,1168052.31
2024-02-25 00:00:00+00:00,0.4208,0.4222,0.4184,0.4221,2866850.04
2024-02-25 01:00:00+00:00,0.4221,0.4243,0.4188,0.4218,3871565.2
2024-02-25 02:00:00+00:00,0.4218,0.4246,0.4167,0.4172,4247320.5
2024-02-25 03:00:00+00:00,0.4172,0.4185,0.4135,0.4184,4180317.16
2024-02-25 04:00:00+00:00,0.4184,0.4191,0.4152,0.4161,3893332.02
2024-02-25 05:00:00+00:00,0.4161,0.4162,0.4142,0.4153,1595609.85
2024-02-25 06:00:00+00:00,0.4153,0.4194,0.4138,0.4158,3693466.66
2024-02-25 07:00:00+00:00,0.4158,0.4163,0.4138,0.4143,1454636.17
2024-02-25 08:00:00+00:00,0.4143,0.4158,0.4119,0.4121,2347953.33
2024-02-25 09:00:00+00:00,0.4121,0.4147,0.411,0.4147,2062769.14
2024-02-25 10:00:00+00:00,0.4147,0.4157,0.4126,0.4137,1663578.79
2024-02-25 11:00:00+00:00,0.4137,0.417,0.4135,0.4156,1846041.89
2024-02-25 12:00:00+00:00,0.4156,0.4184,0.4141,0.4183,2227794.48
2024-02-25 13:00:00+00:00,0.4183,0.4198,0.4154,0.4171,1954650.0
2024-02-25 14:00:00+00:00,0.4171,0.4224,0.4162,0.4203,2838780.26
2024-02-25 15:00:00+00:00,0.4203,0.4218,0.4148,0.4157,3681737.16
2024-02-25 16:00:00+00:00,0.4157,0.419,0.4135,0.4152,3028455.68
2024-02-25 17:00:00+00:00,0.4152,0.4188,0.4147,0.4175,1132624.15
2024-02-25 18:00:00+00:00,0.4175,0.4192,0.4171,0.4183,1584352.17
2024-02-25 19:00:00+00:00,0.4183,0.4198,0.417,0.4196,1899094.13
2024-02-25 20:00:00+00:00,0.4196,0.4238,0.4189,0.4191,4798543.25
2024-02-25 21:00:00+00:00,0.4191,0.4209,0.4167,0.4192,2818640.77
2024-02-25 22:00:00+00:00,0.4192,0.4208,0.4171,0.4205,1838993.33
2024-02-25 23:00:00+00:00,0.4205,0.421,0.4176,0.4179,1822526.03
2024-02-26 00:00:00+00:00,0.4179,0.4196,0.4163,0.4173,2753986.68
2024-02-26 01:00:00+00:00,0.4173,0.4179,0.4146,0.4158,2743912.76
2024-02-26 02:00:00+00:00,0.4158,0.4168,0.414,0.4161,4171117.91
2024-02-26 03:00:00+00:00,0.4161,0.422,0.4155,0.4219,1739331.7
2024-02-26 04:00:00+00:00,0.4219,0.4225,0.4196,0.4218,1734298.1
2024-02-26 05:00:00+00:00,0.4218,0.4268,0.4188,0.4252,3565097.29
2024-02-26 06:00:00+00:00,0.4252,0.4295,0.4244,0.4284,6017011.63
2024-02-26 07:00:00+00:00,0.4284,0.4285,0.4203,0.4208,3521622.13
2024-02-26 08:00:00+00:00,0.4208,0.4223,0.4173,0.4193,2729994.67
2024-02-26 09:00:00+00:00,0.4193,0.4204,0.4106,0.4119,6315329.82
2024-02-26 10:00:00+00:00,0.4119,0.4177,0.4117,0.4154,3522579.72
2024-02-26 11:00:00+00:00,0.4154,0.4173,0.4115,0.416,4255110.14
2024-02-26 12:00:00+00:00,0.416,0.4186,0.4126,0.418,3334226.52
2024-02-26 13:00:00+00:00,0.418,0.4201,0.4147,0.4161,3872875.41
2024-02-26 14:00:00+00:00,0.4161,0.4243,0.4155,0.4235,6569318.9
2024-02-26 15:00:00+00:00,0.4235,0.43,0.4221,0.429,9755800.73
2024-02-26 16:00:00+00:00,0.429,0.4354,0.4273,0.4319,8720669.28
2024-02-26 17:00:00+00:00,0.4319,0.4366,0.4304,0.4362,5802775.38
2024-02-26 18:00:00+00:00,0.4362,0.4366,0.4299,0.4313,4751894.86
2024-02-26 19:00:00+00:00,0.4313,0.4357,0.4279,0.4357,6219248.66
2024-02-26 20:00:00+00:00,0.4357,0.4362,0.4321,0.4353,5858850.96
2024-02-26 21:00:00+00:00,0.4353,0.436,0.4339,0.4358,4193585.98
2024-02-26 22:00:00+00:00,0.4358,0.4362,0.4319,0.4344,5335229.78
2024-02-26 23:00:00+00:00,0.4344,0.4346,0.433,0.4342,2228241.47
2024-02-27 00:00:00+00:00,0.4342,0.437,0.4311,0.4356,3175910.62
2024-02-27 01:00:00+00:00,0.4356,0.443,0.4351,0.4396,6283242.6
2024-02-27 02:00:00+00:00,0.4396,0.4449,0.4388,0.4441,7643227.62
2024-02-27 03:00:00+00:00,0.4441,0.4474,0.4402,0.4411,10056365.3
2024-02-27 04:00:00+00:00,0.4411,0.4493,0.4411,0.4447,9081474.38
2024-02-27 05:00:00+00:00,0.4447,0.4481,0.4425,0.4454,3170092.7
2024-02-27 06:00:00+00:00,0.4454,0.4497,0.4452,0.4468,4278361.89
2024-02-27 07:00:00+00:00,0.4468,0.4545,0.4429,0.4506,14346816.7
2024-02-27 08:00:00+00:00,0.4506,0.4542,0.4503,0.4524,4212431.65
2024-02-27 09:00:00+00:00,0.4524,0.4554,0.4518,0.4544,4935389.69
2024-02-27 10:00:00+00:00,0.4544,0.4547,0.4501,0.4532,4389968.85
2024-02-27 11:00:00+00:00,0.4532,0.4532,0.4472,0.4494,5637198.43
2024-02-27 12:00:00+00:00,0.4494,0.4541,0.4471,0.4495,6135055.45
2024-02-27 13:00:00+00:00,0.4495,0.4509,0.4438,0.4491,5698681.33
2024-02-27 14:00:00+00:00,0.4491,0.4502,0.4444,0.4458,5700690.41
2024-02-27 15:00:00+00:00,0.4458,0.4479,0.4403,0.4427,6428387.12
2024-02-27 16:00:00+00:00,0.4427,0.4459,0.4379,0.4409,8502318.82
2024-02-27 17:00:00+00:00,0.4409,0.4437,0.4367,0.4376,6394401.05
2024-02-27 18:00:00+00:00,0.4376,0.442,0.4376,0.4417,3585563.04
2024-02-27 19:00:00+00:00,0.4417,0.4462,0.4402,0.4443,5804360.28
2024-02-27 20:00:00+00:00,0.4443,0.4462,0.4413,0.4461,2998869.47
2024-02-27 21:00:00+00:00,0.4461,0.4514,0.4434,0.4509,5005276.96
2024-02-27 22:00:00+00:00,0.4509,0.4523,0.4492,0.4496,2578433.98
2024-02-27 23:00:00+00:00,0.4496,0.4498,0.4454,0.4468,1967930.72
2024-02-28 00:00:00+00:00,0.4468,0.4531,0.445,0.4504,2999265.85
2024-02-28 01:00:00+00:00,0.4504,0.4504,0.4441,0.4474,2840518.06
2024-02-28 02:00:00+00:00,0.4474,0.4489,0.4459,0.4479,1498676.7
2024-02-28 03:00:00+00:00,0.4479,0.4482,0.4405,0.4409,3061489.39
2024-02-28 04:00:00+00:00,0.4409,0.4463,0.4401,0.4439,2178442.53
2024-02-28 05:00:00+00:00,0.4439,0.4468,0.4429,0.4432,1534124.13
2024-02-28 06:00:00+00:00,0.4432,0.4538,0.4416,0.4503,4842761.9
2024-02-28 07:00:00+00:00,0.4503,0.4642,0.4498,0.4641,10438483.31
2024-02-28 08:00:00+00:00,0.4641,0.4654,0.459,0.4628,8953442.34
2024-02-28 09:00:00+00:00,0.4628,0.4666,0.4553,0.4665,8274142.79
2024-02-28 10:00:00+00:00,0.4665,0.4984,0.466,0.4921,24822147.99
2024-02-28 11:00:00+00:00,0.4921,0.4924,0.4699,0.4797,17882013.33
2024-02-28 12:00:00+00:00,0.4797,0.4924,0.4791,0.4865,14879152.6
2024-02-28 13:00:00+00:00,0.4865,0.4921,0.4824,0.4869,9575326.88
2024-02-28 14:00:00+00:00,0.4869,0.4925,0.4803,0.4881,9628910.67
2024-02-28 15:00:00+00:00,0.4881,0.49,0.4825,0.4878,7474228.7
2024-02-28 16:00:00+00:00,0.4878,0.4968,0.4871,0.4939,12033086.58
2024-02-28 17:00:00+00:00,0.4939,0.4962,0.4325,0.4708,48282476.21
2024-02-28 18:00:00+00:00,0.4708,0.477,0.4435,0.4646,30912747.57
2024-02-28 19:00:00+00:00,0.4646,0.4667,0.4572,0.4589,7581379.39
2024-02-28 20:00:00+00:00,0.4589,0.4644,0.4538,0.463,7392275.14
2024-02-28 21:00:00+00:00,0.463,0.4677,0.4588,0.4673,4432993.52
2024-02-28 22:00:00+00:00,0.4673,0.4838,0.4671,0.4764,9591550.29
2024-02-28 23:00:00+00:00,0.4764,0.4784,0.4742,0.4766,4117663.35
2024-02-29 00:00:00+00:00,0.4766,0.4859,0.4719,0.4844,9530695.2
2024-02-29 01:00:00+00:00,0.4844,0.4891,0.4795,0.4809,5610932.03
2024-02-29 02:00:00+00:00,0.4809,0.4818,0.4765,0.477,3475728.76
2024-02-29 03:00:00+00:00,0.477,0.4799,0.4731,0.4766,4056374.18
2024-02-29 04:00:00+00:00,0.4766,0.4776,0.4705,0.4738,4016464.67
2024-02-29 05:00:00+00:00,0.4738,0.478,0.473,0.4746,4412228.26
2024-02-29 06:00:00+00:00,0.4746,0.4788,0.4709,0.4763,6833681.11
2024-02-29 07:00:00+00:00,0.4763,0.4775,0.4701,0.4774,5694523.82
2024-02-29 08:00:00+00:00,0.4774,0.4879,0.4767,0.4869,8396359.43
2024-02-29 09:00:00+00:00,0.4869,0.4923,0.4811,0.4865,10084601.86
2024-02-29 10:00:00+00:00,0.4865,0.4869,0.4808,0.4844,4699155.95
2024-02-29 11:00:00+00:00,0.4844,0.4876,0.4773,0.4774,7721568.89
2024-02-29 12:00:00+00:00,0.4774,0.4802,0.4722,0.4792,7358175.16
2024-02-29 13:00:00+00:00,0.4792,0.4919,0.4792,0.488,8170374.85
2024-02-29 14:00:00+00:00,0.488,0.4919,0.4844,0.4876,6024922.3
2024-02-29 15:00:00+00:00,0.4876,0.4917,0.4849,0.4887,5164667.99
2024-02-29 16:00:00+00:00,0.4887,0.4895,0.4735,0.4809,12422442.64
2024-02-29 17:00:00+00:00,0.4809,0.4834,0.4691,0.4738,9158468.92
2024-02-29 18:00:00+00:00,0.4738,0.4805,0.4721,0.4765,7923929.01
2024-02-29 19:00:00+00:00,0.4765,0.482,0.473,0.482,3736796.83
2024-02-29 20:00:00+00:00,0.482,0.4839,0.4803,0.4826,3828007.25
2024-02-29 21:00:00+00:00,0.4826,0.4836,0.4621,0.4705,10752060.57
2024-02-29 22:00:00+00:00,0.4705,0.471,0.4502,0.4573,9525604.76
2024-02-29 23:00:00+00:00,0.4573,0.4662,0.4565,0.4617,5454589.69
2024-03-01 00:00:00+00:00,0.4617,0.467,0.4585,0.4667,5987539.1
2024-03-01 01:00:00+00:00,0.4667,0.4703,0.4627,0.469,3779088.91
2024-03-01 02:00:00+00:00,0.469,0.4707,0.4631,0.4663,2258430.56
2024-03-01 03:00:00+00:00,0.4663,0.473,0.4662,0.4714,4682709.31
2024-03-01 04:00:00+00:00,0.4714,0.4826,0.4693,0.4826,4428525.66
2024-03-01 05:00:00+00:00,0.4826,0.486,0.4779,0.4799,5620219.85
2024-03-01 06:00:00+00:00,0.4799,0.4817,0.475,0.4766,3477207.89
2024-03-01 07:00:00+00:00,0.4766,0.4813,0.4739,0.4741,7359397.22
2024-03-01 08:00:00+00:00,0.4741,0.4871,0.4735,0.4843,6639490.79
2024-03-01 09:00:00+00:00,0.4843,0.4857,0.4812,0.4849,3166718.99
2024-03-01 10:00:00+00:00,0.4849,0.4899,0.4834,0.4867,4557573.77
2024-03-01 11:00:00+00:00,0.4867,0.4899,0.4835,0.486,4247639.09
2024-03-01 12:00:00+00:00,0.486,0.49,0.4843,0.4882,3839739.22
2024-03-01 13:00:00+00:00,0.4882,0.4999,0.4882,0.4972,11371345.28
2024-03-01 14:00:00+00:00,0.4972,0.5069,0.4931,0.4985,14195102.39
2024-03-01 15:00:00+00:00,0.4985,0.5003,0.4843,0.4869,8842671.24
2024-03-01 16:00:00+00:00,0.4869,0.4881,0.4809,0.4813,5790943.07
2024-03-01 17:00:00+00:00,0.4813,0.4914,0.4811,0.4892,6966047.54
2024-03-01 18:00:00+00:00,0.4892,0.4918,0.4859,0.4882,4037702.04
2024-03-01 19:00:00+00:00,0.4882,0.4891,0.4832,0.4849,2532592.79
2024-03-01 20:00:00+00:00,0.4849,0.4885,0.4822,0.4883,3379783.52
2024-03-01 21:00:00+00:00,0.4883,0.4902,0.4837,0.4891,3104454.43
2024-03-01 22:00:00+00:00,0.4891,0.493,0.4865,0.4901,5192605.72
2024-03-01 23:00:00+00:00,0.4901,0.4917,0.4873,0.4886,4030266.02
2024-03-02 00:00:00+00:00,0.4886,0.5048,0.4885,0.5018,7466670.23
2024-03-02 01:00:00+00:00,0.5018,0.505,0.4916,0.5035,10178640.5
2024-03-02 02:00:00+00:00,0.5035,0.5118,0.4989,0.5077,8263137.77
2024-03-02 03:00:00+00:00,0.5077,0.5115,0.5028,0.5114,5758520.68
2024-03-02 04:00:00+00:00,0.5114,0.5169,0.5088,0.514,6949876.25
2024-03-02 05:00:00+00:00,0.514,0.524,0.5053,0.5196,11007350.96
2024-03-02 06:00:00+00:00,0.5196,0.5197,0.5099,0.5126,6548421.22
2024-03-02 07:00:00+00:00,0.5126,0.5163,0.5076,0.5143,5234214.3
2024-03-02 08:00:00+00:00,0.5143,0.5196,0.507,0.5195,7299485.4
2024-03-02 09:00:00+00:00,0.5195,0.5273,0.5144,0.5226,11851490.59
2024-03-02 10:00:00+00:00,0.5226,0.5255,0.5127,0.5144,6524710.81
2024-03-02 11:00:00+00:00,0.5144,0.5173,0.5115,0.5154,5056462.33
2024-03-02 12:00:00+00:00,0.5154,0.528,0.5149,0.528,5711905.63
2024-03-02 13:00:00+00:00,0.528,0.5346,0.5245,0.5287,11484853.84
2024-03-02 14:00:00+00:00,0.5287,0.5299,0.5177,0.525,10387789.07
2024-03-02 15:00:00+00:00,0.525,0.5259,0.5163,0.5177,6919228.52
2024-03-02 16:00:00+00:00,0.5177,0.5259,0.5176,0.5254,6063885.48
2024-03-02 17:00:00+00:00,0.5254,0.5264,0.5189,0.5191,3861253.3
2024-03-02 18:00:00+00:00,0.5191,0.5323,0.5188,0.5322,4804050.32
2024-03-02 19:00:00+00:00,0.5322,0.5418,0.5301,0.5358,9697569.54
2024-03-02 20:00:00+00:00,0.5358,0.5414,0.5324,0.5347,7797085.54
2024-03-02 21:00:00+00:00,0.5347,0.5354,0.5293,0.5301,2923398.48
2024-03-02 22:00:00+00:00,0.5301,0.531,0.5254,0.5273,4986721.05
2024-03-02 23:00:00+00:00,0.5273,0.5416,0.5273,0.5416,4969723.95
2024-03-03 00:00:00+00:00,0.5416,0.5502,0.5371,0.5385,11766934.9
2024-03-03 01:00:00+00:00,0.5385,0.545,0.5351,0.5372,4883806.8
2024-03-03 02:00:00+00:00,0.5372,0.539,0.53,0.536,4493680.54
2024-03-03 03:00:00+00:00,0.536,0.5406,0.5354,0.5397,3110841.49
2024-03-03 04:00:00+00:00,0.5397,0.5489,0.5343,0.5432,7830571.54
2024-03-03 05:00:00+00:00,0.5432,0.546,0.5307,0.5316,5962199.88
2024-03-03 06:00:00+00:00,0.5316,0.5328,0.523,0.5267,5684090.71
2024-03-03 07:00:00+00:00,0.5267,0.527,0.4843,0.5053,30493166.68
2024-03-03 08:00:00+00:00,0.5053,0.5093,0.4972,0.5068,17492345.24
2024-03-03 09:00:00+00:00,0.5068,0.5129,0.5051,0.5099,9002523.26
2024-03-03 10:00:00+00:00,0.5099,0.5118,0.5048,0.5075,5019565.14
2024-03-03 11:00:00+00:00,0.5075,0.5131,0.5053,0.5123,3416580.9
2024-03-03 12:00:00+00:00,0.5123,0.5212,0.5108,0.5133,7582809.23
2024-03-03 13:00:00+00:00,0.5133,0.5199,0.5117,0.5199,3243986.72
2024-03-03 14:00:00+00:00,0.5199,0.525,0.517,0.5192,5597307.08
2024-03-03 15:00:00+00:00,0.5192,0.526,0.5192,0.5233,5349223.86
2024-03-03 16:00:00+00:00,0.5233,0.5375,0.5202,0.5371,11187024.99
2024-03-03 17:00:00+00:00,0.5371,0.565,0.5368,0.5599,22108511.48
2024-03-03 18:00:00+00:00,0.5599,0.5917,0.5573,0.582,34577133.73
2024-03-03 19:00:00+00:00,0.582,0.6194,0.582,0.6062,33314827.18
2024-03-03 20:00:00+00:00,0.6062,0.6182,0.602,0.6171,28151350.92
2024-03-03 21:00:00+00:00,0.6171,0.65,0.6154,0.6372,48192797.67
2024-03-03 22:00:00+00:00,0.6372,0.6908,0.6372,0.6764,49020033.96
2024-03-03 23:00:00+00:00,0.6764,0.7051,0.6634,0.7013,42201335.7
2024-03-04 00:00:00+00:00,0.7013,0.7502,0.6807,0.7281,83865672.62
2024-03-04 01:00:00+00:00,0.7281,0.7446,0.7014,0.7017,39536329.14
2024-03-04 02:00:00+00:00,0.7017,0.7088,0.6844,0.6962,28838463.96
2024-03-04 03:00:00+00:00,0.6962,0.7118,0.6857,0.7076,19911551.07
2024-03-04 04:00:00+00:00,0.7076,0.7103,0.6865,0.692,12765488.81
2024-03-04 05:00:00+00:00,0.692,0.6996,0.664,0.6702,22716796.07
2024-03-04 06:00:00+00:00,0.6702,0.687,0.6605,0.681,19530356.6
2024-03-04 07:00:00+00:00,0.681,0.6892,0.6675,0.6734,15952113.77
2024-03-04 08:00:00+00:00,0.6734,0.6875,0.6693,0.6696,16545962.79
2024-03-04 09:00:00+00:00,0.6696,0.688,0.6622,0.6803,18954989.93
2024-03-04 10:00:00+00:00,0.6803,0.6803,0.6428,0.6508,24147330.05
2024-03-04 11:00:00+00:00,0.6508,0.6611,0.6416,0.654,16752759.61
2024-03-04 12:00:00+00:00,0.654,0.6695,0.6514,0.6672,14831541.52
2024-03-04 13:00:00+00:00,0.6672,0.6755,0.6493,0.6528,17068540.81
2024-03-04 14:00:00+00:00,0.6528,0.6767,0.644,0.6765,18393771.29
2024-03-04 15:00:00+00:00,0.6765,0.6765,0.6576,0.6662,15469197.77
2024-03-04 16:00:00+00:00,0.6662,0.6685,0.633,0.6417,24669521.47
2024-03-04 17:00:00+00:00,0.6417,0.6463,0.6187,0.6191,22321077.61
2024-03-04 18:00:00+00:00,0.6191,0.6337,0.6115,0.6323,21016262.39
2024-03-04 19:00:00+00:00,0.6323,0.6367,0.6246,0.6336,14215537.79
2024-03-04 20:00:00+00:00,0.6336,0.6363,0.6273,0.6319,10144418.89
2024-03-04 21:00:00+00:00,0.6319,0.657,0.6274,0.6481,16838840.13
2024-03-04 22:00:00+00:00,0.6481,0.6533,0.6383,0.6442,11499902.37
2024-03-04 23:00:00+00:00,0.6442,0.6511,0.6381,0.6428,11563204.02
2024-03-05 00:00:00+00:00,0.6428,0.6589,0.6339,0.6536,12987448.2
2024-03-05 01:00:00+00:00,0.6536,0.6625,0.6351,0.6429,26272598.63
2024-03-05 02:00:00+00:00,0.6429,0.6437,0.6254,0.6333,14595416.85
2024-03-05 03:00:00+00:00,0.6333,0.6389,0.6261,0.6323,7531747.2
2024-03-05 04:00:00+00:00,0.6323,0.6429,0.6268,0.637,11837866.05
2024-03-05 05:00:00+00:00,0.637,0.6797,0.615,0.6691,29842215.6
2024-03-05 06:00:00+00:00,0.6691,0.6999,0.6641,0.6997,18859562.13
2024-03-05 07:00:00+00:00,0.6997,0.6997,0.663,0.6644,16766796.47
2024-03-05 08:00:00+00:00,0.6644,0.6777,0.6615,0.6754,11413885.94
2024-03-05 09:00:00+00:00,0.6754,0.6762,0.6553,0.6704,9832803.37
2024-03-05 10:00:00+00:00,0.6704,0.6716,0.6583,0.6631,6483506.65
2024-03-05 11:00:00+00:00,0.6631,0.6764,0.6604,0.6637,5543703.76
2024-03-05 12:00:00+00:00,0.6637,0.6863,0.6612,0.6804,9156527.83
2024-03-05 13:00:00+00:00,0.6804,0.6852,0.6636,0.6645,13280130.16
2024-03-05 14:00:00+00:00,0.6645,0.6648,0.6466,0.6604,14390379.49
2024-03-05 15:00:00+00:00,0.6604,0.7299,0.6511,0.7082,53688908.75
2024-03-05 16:00:00+00:00,0.7082,0.7191,0.6592,0.6694,64561433.96
2024-03-05 17:00:00+00:00,0.6694,0.6837,0.6444,0.6807,32424019.41
2024-03-05 18:00:00+00:00,0.6807,0.6896,0.666,0.6674,17766493.42
2024-03-05 19:00:00+00:00,0.6674,0.675,0.567,0.5904,54006272.51
2024-03-05 20:00:00+00:00,0.5904,0.6163,0.5745,0.5909,45357870.93
2024-03-05 21:00:00+00:00,0.5909,0.6323,0.5902,0.6163,21854346.85
2024-03-05 22:00:00+00:00,0.6163,0.6297,0.6003,0.6295,10203158.42
2024-03-05 23:00:00+00:00,0.6295,0.6363,0.6266,0.6331,7671325.69
2024-03-06 00:00:00+00:00,0.6331,0.6583,0.6314,0.636,11844084.45
2024-03-06 01:00:00+00:00,0.636,0.6399,0.626,0.6275,6049740.45
2024-03-06 02:00:00+00:00,0.6275,0.631,0.6161,0.6167,8010849.77
2024-03-06 03:00:00+00:00,0.6167,0.6505,0.6148,0.6415,8821914.12
2024-03-06 04:00:00+00:00,0.6415,0.6783,0.6414,0.6747,11435980.13
2024-03-06 05:00:00+00:00,0.6747,0.6751,0.6604,0.6661,10402768.4
2024-03-06 06:00:00+00:00,0.6661,0.675,0.6626,0.6721,8340305.81
2024-03-06 07:00:00+00:00,0.6721,0.6887,0.6655,0.6819,14765893.76
2024-03-06 08:00:00+00:00,0.6819,0.6885,0.6652,0.672,14722081.46
2024-03-06 09:00:00+00:00,0.672,0.6888,0.6705,0.6737,12550454.57
2024-03-06 10:00:00+00:00,0.6737,0.6933,0.6737,0.6794,12713773.91
2024-03-06 11:00:00+00:00,0.6794,0.699,0.677,0.6866,12193962.07
2024-03-06 12:00:00+00:00,0.6866,0.6979,0.6694,0.6906,18511498.27
2024-03-06 13:00:00+00:00,0.6906,0.6947,0.6666,0.6841,20336940.58
2024-03-06 14:00:00+00:00,0.6841,0.689,0.668,0.6787,11266329.18
2024-03-06 15:00:00+00:00,0.6787,0.6817,0.6636,0.6718,9359879.55
2024-03-06 16:00:00+00:00,0.6718,0.6939,0.6685,0.6935,12032707.28
2024-03-06 17:00:00+00:00,0.6935,0.6995,0.6863,0.6874,11807505.65
2024-03-06 18:00:00+00:00,0.6874,0.6931,0.6712,0.6794,6866527.77
2024-03-06 19:00:00+00:00,0.6794,0.6993,0.6759,0.6942,7532329.38
2024-03-06 20:00:00+00:00,0.6942,0.732,0.6917,0.7215,25036954.1
2024-03-06 21:00:00+00:00,0.7215,0.7266,0.7076,0.7168,12009497.82
2024-03-06 22:00:00+00:00,0.7168,0.7228,0.7003,0.7037,8034173.53
2024-03-06 23:00:00+00:00,0.7037,0.711,0.6982,0.707,6838027.33
2024-03-07 00:00:00+00:00,0.707,0.7284,0.707,0.7194,9485197.55
2024-03-07 01:00:00+00:00,0.7194,0.7798,0.7173,0.7642,27180755.8
2024-03-07 02:00:00+00:00,0.7642,0.7683,0.7273,0.7298,17351036.97
2024-03-07 03:00:00+00:00,0.7298,0.739,0.7149,0.7149,11981604.84
2024-03-07 04:00:00+00:00,0.7149,0.7191,0.7052,0.707,7167870.76
2024-03-07 05:00:00+00:00,0.707,0.7259,0.703,0.7214,11165057.58
2024-03-07 06:00:00+00:00,0.7214,0.7484,0.7097,0.7449,11020791.32
2024-03-07 07:00:00+00:00,0.7449,0.7763,0.7437,0.7502,26460763.05
2024-03-07 08:00:00+00:00,0.7502,0.7957,0.7502,0.7875,22525518.84
2024-03-07 09:00:00+00:00,0.7875,0.8039,0.7786,0.7995,18316080.65
2024-03-07 10:00:00+00:00,0.7995,0.8298,0.7946,0.8083,27198095.35
2024-03-07 11:00:00+00:00,0.8083,0.83,0.8025,0.828,16824493.16
2024-03-07 12:00:00+00:00,0.828,0.8286,0.7996,0.8125,17938313.07
2024-03-07 13:00:00+00:00,0.8125,0.8395,0.7861,0.8272,24165047.22
2024-03-07 14:00:00+00:00,0.8272,0.8327,0.796,0.8068,21932727.98
2024-03-07 15:00:00+00:00,0.8068,0.8079,0.7927,0.7998,12212416.55
2024-03-07 16:00:00+00:00,0.7998,0.8031,0.7847,0.7872,14878941.95
2024-03-07 17:00:00+00:00,0.7872,0.8386,0.7849,0.8278,19597441.97
2024-03-07 18:00:00+00:00,0.8278,0.8553,0.8254,0.8408,23705442.06
2024-03-07 19:00:00+00:00,0.8408,0.8543,0.8314,0.8454,12956233.13
2024-03-07 20:00:00+00:00,0.8454,0.8547,0.8229,0.8496,14174511.38
2024-03-07 21:00:00+00:00,0.8496,0.85,0.8291,0.8346,10363976.71
2024-03-07 22:00:00+00:00,0.8346,0.8438,0.8213,0.8277,5770822.2
2024-03-07 23:00:00+00:00,0.8277,0.8488,0.8201,0.8479,8938803.56
2024-03-08 00:00:00+00:00,0.8479,0.8654,0.8129,0.8163,17500033.91
2024-03-08 01:00:00+00:00,0.8163,0.8276,0.8046,0.8265,8962468.2
2024-03-08 02:00:00+00:00,0.8265,0.8383,0.8069,0.807,6371129.31
2024-03-08 03:00:00+00:00,0.807,0.8123,0.8031,0.8055,4314359.76
2024-03-08 04:00:00+00:00,0.8055,0.8118,0.8023,0.8026,4560006.96
2024-03-08 05:00:00+00:00,0.8026,0.8051,0.7956,0.7982,6350396.02
2024-03-08 06:00:00+00:00,0.7982,0.8125,0.796,0.8068,7825043.66
2024-03-08 07:00:00+00:00,0.8068,0.808,0.7993,0.8056,5751425.36
2024-03-08 08:00:00+00:00,0.8056,0.8183,0.7994,0.8152,6186820.33
2024-03-08 09:00:00+00:00,0.8152,0.8221,0.8057,0.8188,6731992.26
2024-03-08 10:00:00+00:00,0.8188,0.8191,0.8082,0.8098,5444397.29
2024-03-08 11:00:00+00:00,0.8098,0.8106,0.7953,0.8032,6485042.25
2024-03-08 12:00:00+00:00,0.8032,0.8096,0.7962,0.807,5121650.24
2024-03-08 13:00:00+00:00,0.807,0.8092,0.7901,0.7906,7667305.67
2024-03-08 14:00:00+00:00,0.7906,0.799,0.7819,0.7967,14062250.26
2024-03-08 15:00:00+00:00,0.7967,0.816,0.767,0.7997,34244966.99
2024-03-08 16:00:00+00:00,0.7997,0.8166,0.7854,0.802,25158609.98
2024-03-08 17:00:00+00:00,0.802,0.8149,0.799,0.8063,7243358.78
2024-03-08 18:00:00+00:00,0.8063,0.8294,0.8003,0.8278,9359446.29
2024-03-08 19:00:00+00:00,0.8278,0.8299,0.8059,0.8129,7390578.32
2024-03-08 20:00:00+00:00,0.8129,0.8216,0.8101,0.8201,6016136.57
2024-03-08 21:00:00+00:00,0.8201,0.8232,0.8098,0.8147,3834035.05
2024-03-08 22:00:00+00:00,0.8147,0.8294,0.8056,0.8075,4972402.01
2024-03-08 23:00:00+00:00,0.8075,0.823,0.8062,0.8172,2658210.74
2024-03-09 00:00:00+00:00,0.8172,0.8266,0.8051,0.8182,5786325.89
2024-03-09 01:00:00+00:00,0.8182,0.8296,0.8152,0.8226,3857947.5
2024-03-09 02:00:00+00:00,0.8226,0.8339,0.8114,0.8225,5809380.06
2024-03-09 03:00:00+00:00,0.8225,0.8376,0.8215,0.8257,6399357.24
2024-03-09 04:00:00+00:00,0.8257,0.8281,0.8156,0.8212,3722195.61
2024-03-09 05:00:00+00:00,0.8212,0.8356,0.8126,0.8304,4388454.98
2024-03-09 06:00:00+00:00,0.8304,0.8378,0.819,0.8197,6315634.15
2024-03-09 07:00:00+00:00,0.8197,0.8296,0.8148,0.8264,5042794.21
2024-03-09 08:00:00+00:00,0.8264,0.8314,0.8111,0.8124,5328310.94
2024-03-09 09:00:00+00:00,0.8124,0.8168,0.8026,0.8056,5720406.62
2024-03-09 10:00:00+00:00,0.8056,0.8083,0.7948,0.8011,8568783.41
2024-03-09 11:00:00+00:00,0.8011,0.8079,0.797,0.8012,4045753.22
2024-03-09 12:00:00+00:00,0.8012,0.8014,0.7928,0.7988,4188123.18
2024-03-09 13:00:00+00:00,0.7988,0.8005,0.7907,0.7929,5034274.24
2024-03-09 14:00:00+00:00,0.7929,0.7995,0.7918,0.7943,3944194.91
2024-03-09 15:00:00+00:00,0.7943,0.8156,0.7926,0.8133,7830091.97
2024-03-09 16:00:00+00:00,0.8133,0.8181,0.7968,0.8044,7973733.33
2024-03-09 17:00:00+00:00,0.8044,0.8083,0.7923,0.7952,4545787.12
2024-03-09 18:00:00+00:00,0.7952,0.8055,0.793,0.797,2339309.42
2024-03-09 19:00:00+00:00,0.797,0.7994,0.7934,0.7948,2242631.46
2024-03-09 20:00:00+00:00,0.7948,0.7984,0.7925,0.7949,2863997.65
2024-03-09 21:00:00+00:00,0.7949,0.8088,0.7926,0.8083,10876094.7
2024-03-09 22:00:00+00:00,0.8083,0.8113,0.7935,0.7955,4444618.35
2024-03-09 23:00:00+00:00,0.7955,0.7979,0.7929,0.7934,2566484.25
2024-03-10 00:00:00+00:00,0.7934,0.7937,0.7816,0.785,7304365.95
2024-03-10 01:00:00+00:00,0.785,0.7893,0.7765,0.7876,5510215.94
2024-03-10 02:00:00+00:00,0.7876,0.7946,0.784,0.7886,2464423.08
2024-03-10 03:00:00+00:00,0.7886,0.793,0.7854,0.7889,2900181.86
2024-03-10 04:00:00+00:00,0.7889,0.7904,0.7813,0.7894,3890785.56
2024-03-10 05:00:00+00:00,0.7894,0.7987,0.7886,0.7931,3710304.03
2024-03-10 06:00:00+00:00,0.7931,0.7983,0.7911,0.7968,2888820.18
2024-03-10 07:00:00+00:00,0.7968,0.8053,0.7912,0.8038,4243708.03
2024-03-10 08:00:00+00:00,0.8038,0.8056,0.7984,0.8013,2845414.92
2024-03-10 09:00:00+00:00,0.8013,0.8061,0.7865,0.7917,9930439.08
2024-03-10 10:00:00+00:00,0.7917,0.8135,0.7913,0.8131,10155259.13
2024-03-10 11:00:00+00:00,0.8131,0.8147,0.7802,0.784,9627617.13
2024-03-10 12:00:00+00:00,0.784,0.7924,0.7696,0.7779,13094543.73
2024-03-10 13:00:00+00:00,0.7779,0.7845,0.7635,0.77,7179950.89
2024-03-10 14:00:00+00:00,0.77,0.7741,0.7512,0.7676,11566801.38
2024-03-10 15:00:00+00:00,0.7676,0.7678,0.7571,0.7603,10364945.69
2024-03-10 16:00:00+00:00,0.7603,0.7746,0.7595,0.768,4647671.95
2024-03-10 17:00:00+00:00,0.768,0.772,0.7667,0.771,3367612.98
2024-03-10 18:00:00+00:00,0.771,0.7724,0.7648,0.7652,2096859.68
2024-03-10 19:00:00+00:00,0.7652,0.7678,0.7633,0.7671,2013259.79
2024-03-10 20:00:00+00:00,0.7671,0.7693,0.7612,0.7666,1761334.6
2024-03-10 21:00:00+00:00,0.7666,0.7733,0.7606,0.7613,3165123.61
2024-03-10 22:00:00+00:00,0.7613,0.7613,0.7376,0.7443,11314605.03
2024-03-10 23:00:00+00:00,0.7443,0.7536,0.7439,0.7509,3788636.34
2024-03-11 00:00:00+00:00,0.7509,0.7577,0.7222,0.74,11470203.9
2024-03-11 01:00:00+00:00,0.74,0.7462,0.7307,0.741,6321785.89
2024-03-11 02:00:00+00:00,0.741,0.7472,0.7388,0.7456,2879180.36
2024-03-11 03:00:00+00:00,0.7456,0.763,0.7448,0.7597,4746238.96
2024-03-11 04:00:00+00:00,0.7597,0.769,0.7571,0.7675,5572575.44
2024-03-11 05:00:00+00:00,0.7675,0.777,0.7641,0.7764,5023119.65
2024-03-11 06:00:00+00:00,0.7764,0.7854,0.771,0.7847,9182895.52
2024-03-11 07:00:00+00:00,0.7847,0.807,0.7809,0.7941,16831546.6
2024-03-11 08:00:00+00:00,0.7941,0.8015,0.787,0.8009,9660797.87
2024-03-11 09:00:00+00:00,0.8009,0.8396,0.8007,0.8348,21020998.12
2024-03-11 10:00:00+00:00,0.8348,0.8348,0.8095,0.8115,10948948.71
2024-03-11 11:00:00+00:00,0.8115,0.815,0.7997,0.8044,11129342.16
2024-03-11 12:00:00+00:00,0.8044,0.8554,0.8021,0.8504,20294166.61
2024-03-11 13:00:00+00:00,0.8504,0.8588,0.8288,0.8345,18149523.75
2024-03-11 14:00:00+00:00,0.8345,0.8408,0.8227,0.8247,10379283.96
2024-03-11 15:00:00+00:00,0.8247,0.8291,0.8172,0.8173,6139973.62
2024-03-11 16:00:00+00:00,0.8173,0.8272,0.8059,0.8243,9671956.55
2024-03-11 17:00:00+00:00,0.8243,0.8244,0.8122,0.8129,5141925.01
2024-03-11 18:00:00+00:00,0.8129,0.8202,0.8091,0.814,3808990.28
2024-03-11 19:00:00+00:00,0.814,0.8142,0.8042,0.8055,4806473.51
2024-03-11 20:00:00+00:00,0.8055,0.8088,0.8025,0.8088,3716321.97
2024-03-11 21:00:00+00:00,0.8088,0.8155,0.8085,0.8148,2983584.7
2024-03-11 22:00:00+00:00,0.8148,0.8164,0.8056,0.8109,4923838.94
2024-03-11 23:00:00+00:00,0.8109,0.8231,0.8087,0.8206,2960143.5
2024-03-12 00:00:00+00:00,0.8206,0.822,0.806,0.8063,4346467.59
2024-03-12 01:00:00+00:00,0.8063,0.8136,0.8057,0.8064,3520135.55
2024-03-12 02:00:00+00:00,0.8064,0.8196,0.8056,0.817,3350493.59
2024-03-12 03:00:00+00:00,0.817,0.8195,0.7943,0.7966,9355951.66
2024-03-12 04:00:00+00:00,0.7966,0.8017,0.7876,0.8014,5146208.88
2024-03-12 05:00:00+00:00,0.8014,0.8049,0.7955,0.7974,2357653.19
2024-03-12 06:00:00+00:00,0.7974,0.7976,0.7764,0.7878,7511551.75
2024-03-12 07:00:00+00:00,0.7878,0.7879,0.7763,0.7801,3719336.74
2024-03-12 08:00:00+00:00,0.7801,0.7827,0.7602,0.7686,10428137.9
2024-03-12 09:00:00+00:00,0.7686,0.7879,0.7686,0.7841,6422244.44
2024-03-12 10:00:00+00:00,0.7841,0.791,0.7834,0.7879,4616854.06
2024-03-12 11:00:00+00:00,0.7879,0.7962,0.7861,0.7905,3809604.01
2024-03-12 12:00:00+00:00,0.7905,0.801,0.7764,0.8004,7063196.65
2024-03-12 13:00:00+00:00,0.8004,0.8168,0.7956,0.8095,12878592.5
2024-03-12 14:00:00+00:00,0.8095,0.8163,0.7892,0.7952,9687908.17
2024-03-12 15:00:00+00:00,0.7952,0.8113,0.7878,0.8017,7497725.02
2024-03-12 16:00:00+00:00,0.8017,0.8044,0.7774,0.7851,11219950.79
2024-03-12 17:00:00+00:00,0.7851,0.801,0.7532,0.7977,25964615.37
2024-03-12 18:00:00+00:00,0.7977,0.8205,0.7872,0.815,13707975.71
2024-03-12 19:00:00+00:00,0.815,0.8194,0.8067,0.8116,4608254.53
2024-03-12 20:00:00+00:00,0.8116,0.8129,0.798,0.8016,5486715.68
2024-03-12 21:00:00+00:00,0.8016,0.807,0.7943,0.804,4131953.34
2024-03-12 22:00:00+00:00,0.804,0.8286,0.8019,0.8246,6427451.72
2024-03-12 23:00:00+00:00,0.8246,0.8297,0.821,0.8291,5025974.26
2024-03-13 00:00:00+00:00,0.8291,0.8331,0.8168,0.817,6979594.64
2024-03-13 01:00:00+00:00,0.817,0.8348,0.8167,0.8339,3557458.41
2024-03-13 02:00:00+00:00,0.8339,0.8459,0.8309,0.8429,4773028.34
2024-03-13 03:00:00+00:00,0.8429,0.8456,0.8287,0.8304,5654243.56
2024-03-13 04:00:00+00:00,0.8304,0.8319,0.8176,0.82,5735052.68
2024-03-13 05:00:00+00:00,0.82,0.8209,0.8116,0.8147,3856711.17
2024-03-13 06:00:00+00:00,0.8147,0.8232,0.8141,0.8206,4304787.61
2024-03-13 07:00:00+00:00,0.8206,0.8278,0.8153,0.8173,6079295.02
2024-03-13 08:00:00+00:00,0.8173,0.8398,0.8142,0.8379,7538624.92
2024-03-13 09:00:00+00:00,0.8379,0.8439,0.815,0.8166,12199524.72
2024-03-13 10:00:00+00:00,0.8166,0.8221,0.8068,0.8141,9177939.95
2024-03-13 11:00:00+00:00,0.8141,0.8415,0.8141,0.8382,11042919.6
2024-03-13 12:00:00+00:00,0.8382,0.8482,0.8329,0.8414,11524761.41
2024-03-13 13:00:00+00:00,0.8414,0.8461,0.8199,0.8335,12552100.86
2024-03-13 14:00:00+00:00,0.8335,0.8374,0.8029,0.805,14133052.47
2024-03-13 15:00:00+00:00,0.805,0.841,0.8036,0.8352,11894112.22
2024-03-13 16:00:00+00:00,0.8352,0.8406,0.817,0.8322,9431010.2
2024-03-13 17:00:00+00:00,0.8322,0.8395,0.8187,0.8271,6826301.95
2024-03-13 18:00:00+00:00,0.8271,0.9015,0.827,0.8873,38391604.95
2024-03-13 19:00:00+00:00,0.8873,0.9071,0.8681,0.8694,23099095.22
2024-03-13 20:00:00+00:00,0.8694,0.872,0.8606,0.8633,7653537.17
2024-03-13 21:00:00+00:00,0.8633,0.8929,0.862,0.8895,7767348.27
2024-03-13 22:00:00+00:00,0.8895,0.9138,0.8871,0.8949,15423471.01
2024-03-13 23:00:00+00:00,0.8949,0.901,0.8852,0.893,5908282.66
2024-03-14 00:00:00+00:00,0.893,0.9006,0.8769,0.8852,7004019.62
2024-03-14 01:00:00+00:00,0.8852,0.9013,0.8809,0.8998,6135260.24
2024-03-14 02:00:00+00:00,0.8998,0.9026,0.889,0.8898,4743807.15
2024-03-14 03:00:00+00:00,0.8898,0.8909,0.867,0.872,9758119.91
2024-03-14 04:00:00+00:00,0.872,0.8778,0.8657,0.8727,7663354.8
2024-03-14 05:00:00+00:00,0.8727,0.8762,0.8641,0.8669,4607466.0
2024-03-14 06:00:00+00:00,0.8669,0.8735,0.8588,0.8603,7010458.07
2024-03-14 07:00:00+00:00,0.8603,0.8733,0.8573,0.8706,6061069.63
2024-03-14 08:00:00+00:00,0.8706,0.8823,0.864,0.8654,6946678.46
2024-03-14 09:00:00+00:00,0.8654,0.8987,0.8622,0.8735,11076536.05
2024-03-14 10:00:00+00:00,0.8735,0.8867,0.8691,0.8712,8864485.97
2024-03-14 11:00:00+00:00,0.8712,0.8762,0.8575,0.8655,7695293.85
2024-03-14 12:00:00+00:00,0.8655,0.8696,0.8514,0.8591,6298211.2
2024-03-14 13:00:00+00:00,0.8591,0.8625,0.84,0.8601,15239540.28
2024-03-14 14:00:00+00:00,0.8601,0.8795,0.8412,0.8442,16857457.53
2024-03-14 15:00:00+00:00,0.8442,0.8527,0.823,0.8347,16732327.55
2024-03-14 16:00:00+00:00,0.8347,0.8497,0.8221,0.8491,8674840.51
2024-03-14 17:00:00+00:00,0.8491,0.8491,0.8323,0.8397,3314153.41
2024-03-14 18:00:00+00:00,0.8397,0.8398,0.8106,0.8211,9990853.32
2024-03-14 19:00:00+00:00,0.8211,0.8245,0.7808,0.7939,21178740.07
2024-03-14 20:00:00+00:00,0.7939,0.8249,0.7919,0.8162,12477825.37
2024-03-14 21:00:00+00:00,0.8162,0.8248,0.8108,0.8236,4151660.98
2024-03-14 22:00:00+00:00,0.8236,0.8396,0.8235,0.8321,4648649.26
2024-03-14 23:00:00+00:00,0.8321,0.835,0.8266,0.8271,3957792.79
2024-03-15 00:00:00+00:00,0.8271,0.8411,0.8268,0.8321,3924797.17
2024-03-15 01:00:00+00:00,0.8321,0.8374,0.8264,0.8273,3200285.5
2024-03-15 02:00:00+00:00,0.8273,0.8285,0.7824,0.7932,15429692.8
2024-03-15 03:00:00+00:00,0.7932,0.7989,0.7479,0.788,24425698.4
2024-03-15 04:00:00+00:00,0.788,0.7931,0.7693,0.7752,10712903.52
2024-03-15 05:00:00+00:00,0.7752,0.786,0.7703,0.771,7532294.85
2024-03-15 06:00:00+00:00,0.771,0.7981,0.7709,0.7979,7704563.72
2024-03-15 07:00:00+00:00,0.7979,0.7984,0.7823,0.7842,3532967.9
2024-03-15 08:00:00+00:00,0.7842,0.785,0.7469,0.7475,20532954.06
2024-03-15 09:00:00+00:00,0.7475,0.767,0.7242,0.7644,26658840.44
2024-03-15 10:00:00+00:00,0.7644,0.7675,0.7526,0.7533,7761956.65
2024-03-15 11:00:00+00:00,0.7533,0.7614,0.7348,0.7593,9114007.22
2024-03-15 12:00:00+00:00,0.7593,0.7645,0.7536,0.7638,5086594.5
2024-03-15 13:00:00+00:00,0.7638,0.7796,0.7512,0.7772,7830655.18
2024-03-15 14:00:00+00:00,0.7772,0.7792,0.7629,0.7711,5273564.67
2024-03-15 15:00:00+00:00,0.7711,0.7816,0.7659,0.7677,6843143.98
2024-03-15 16:00:00+00:00,0.7677,0.7747,0.7546,0.7606,6424545.45
2024-03-15 17:00:00+00:00,0.7606,0.7737,0.7548,0.7721,4390054.49
2024-03-15 18:00:00+00:00,0.7721,0.8037,0.7721,0.8032,9129892.56
2024-03-15 19:00:00+00:00,0.8032,0.8395,0.794,0.8142,26731093.4
2024-03-15 20:00:00+00:00,0.8142,0.824,0.7851,0.7853,18563897.77
2024-03-15 21:00:00+00:00,0.7853,0.8038,0.785,0.8019,7289858.3
2024-03-15 22:00:00+00:00,0.8019,0.8428,0.797,0.8412,10740259.41
2024-03-15 23:00:00+00:00,0.8412,0.8742,0.8332,0.873,15149454.79
2024-03-16 00:00:00+00:00,0.873,0.8899,0.8563,0.8594,17656598.16
2024-03-16 01:00:00+00:00,0.8594,0.8864,0.8566,0.88,12071752.8
2024-03-16 02:00:00+00:00,0.88,0.899,0.8752,0.8975,17209103.71
2024-03-16 03:00:00+00:00,0.8975,0.9109,0.8884,0.9018,16170386.68
2024-03-16 04:00:00+00:00,0.9018,0.9071,0.8844,0.8906,11612650.37
2024-03-16 05:00:00+00:00,0.8906,0.9597,0.8758,0.9587,30935603.1
2024-03-16 06:00:00+00:00,0.9587,0.9834,0.9414,0.9719,33941737.35
2024-03-16 07:00:00+00:00,0.9719,0.9815,0.9567,0.9584,21159357.45
2024-03-16 08:00:00+00:00,0.9584,0.9743,0.9517,0.9712,12985802.77
2024-03-16 09:00:00+00:00,0.9712,0.9778,0.9515,0.9521,14974313.45
2024-03-16 10:00:00+00:00,0.9521,0.966,0.94,0.9589,12966298.87
2024-03-16 11:00:00+00:00,0.9589,0.9684,0.9305,0.9335,11982855.12
2024-03-16 12:00:00+00:00,0.9335,0.9376,0.9062,0.907,14194713.7
2024-03-16 13:00:00+00:00,0.907,0.9187,0.8872,0.8879,12521840.31
2024-03-16 14:00:00+00:00,0.8879,0.8944,0.8765,0.8915,10328908.33
2024-03-16 15:00:00+00:00,0.8915,0.9428,0.8763,0.9282,15855599.14
2024-03-16 16:00:00+00:00,0.9282,0.9318,0.8844,0.8899,12726745.01
2024-03-16 17:00:00+00:00,0.8899,0.8939,0.8367,0.8475,20630947.4
2024-03-16 18:00:00+00:00,0.8475,0.8564,0.787,0.8075,32307547.4
2024-03-16 19:00:00+00:00,0.8075,0.8326,0.7961,0.7998,17879268.74
2024-03-16 20:00:00+00:00,0.7998,0.817,0.7903,0.8114,13125750.26
2024-03-16 21:00:00+00:00,0.8114,0.8177,0.7893,0.7986,12734392.44
2024-03-16 22:00:00+00:00,0.7986,0.8061,0.7919,0.7982,8761056.36
2024-03-16 23:00:00+00:00,0.7982,0.8005,0.7793,0.7961,14070402.86
2024-03-17 00:00:00+00:00,0.7961,0.8202,0.7843,0.7853,14579522.65
2024-03-17 01:00:00+00:00,0.7853,0.807,0.7853,0.8036,7721642.48
2024-03-17 02:00:00+00:00,0.8036,0.8185,0.7974,0.8139,8581058.49
2024-03-17 03:00:00+00:00,0.8139,0.8145,0.8002,0.8054,5267474.68
2024-03-17 04:00:00+00:00,0.8054,0.8074,0.7898,0.7933,7464612.68
2024-03-17 05:00:00+00:00,0.7933,0.798,0.787,0.7907,4172063.76
2024-03-17 06:00:00+00:00,0.7907,0.7931,0.7737,0.7742,8356229.04
2024-03-17 07:00:00+00:00,0.7742,0.7876,0.7565,0.7873,21601037.43
2024-03-17 08:00:00+00:00,0.7873,0.8509,0.7861,0.8345,21604269.11
2024-03-17 09:00:00+00:00,0.8345,0.8705,0.8343,0.8453,20880620.73
2024-03-17 10:00:00+00:00,0.8453,0.8999,0.8453,0.884,18475364.32
2024-03-17 11:00:00+00:00,0.884,0.8889,0.8731,0.8773,8251403.12
2024-03-17 12:00:00+00:00,0.8773,0.89,0.8536,0.8594,11402635.39
2024-03-17 13:00:00+00:00,0.8594,0.8858,0.8593,0.8637,10774514.47
2024-03-17 14:00:00+00:00,0.8637,0.8683,0.8528,0.8671,10891161.12
2024-03-17 15:00:00+00:00,0.8671,0.8996,0.8563,0.8942,12594760.17
2024-03-17 16:00:00+00:00,0.8942,0.918,0.8696,0.8719,15769436.05
2024-03-17 17:00:00+00:00,0.8719,0.8865,0.8701,0.8807,8728609.74
2024-03-17 18:00:00+00:00,0.8807,0.8825,0.8704,0.8767,4094371.49
2024-03-17 19:00:00+00:00,0.8767,0.8894,0.8715,0.8791,7918960.72
2024-03-17 20:00:00+00:00,0.8791,0.8793,0.8519,0.8607,10430063.56
2024-03-17 21:00:00+00:00,0.8607,0.8702,0.8587,0.8651,6325930.87
2024-03-17 22:00:00+00:00,0.8651,0.8803,0.8584,0.8598,6878279.77
2024-03-17 23:00:00+00:00,0.8598,0.8648,0.8469,0.8534,6842749.54
2024-03-18 00:00:00+00:00,0.8534,0.8534,0.8294,0.8312,9854116.56
2024-03-18 01:00:00+00:00,0.8312,0.845,0.8247,0.8406,6691666.07
2024-03-18 02:00:00+00:00,0.8406,0.8472,0.8336,0.8393,5108383.3
2024-03-18 03:00:00+00:00,0.8393,0.8452,0.829,0.8311,4653933.01
2024-03-18 04:00:00+00:00,0.8311,0.8348,0.8217,0.8302,6167430.96
2024-03-18 05:00:00+00:00,0.8302,0.846,0.8276,0.8398,10243841.21
2024-03-18 06:00:00+00:00,0.8398,0.8403,0.8191,0.8214,12382817.46
2024-03-18 07:00:00+00:00,0.8214,0.8291,0.8127,0.8241,8068090.85
2024-03-18 08:00:00+00:00,0.8241,0.8291,0.8163,0.8277,7958753.84
2024-03-18 09:00:00+00:00,0.8277,0.8542,0.8169,0.8501,22419702.09
2024-03-18 10:00:00+00:00,0.8501,0.874,0.8466,0.8711,15992626.43
2024-03-18 11:00:00+00:00,0.8711,0.882,0.8649,0.8743,12294736.23
2024-03-18 12:00:00+00:00,0.8743,0.9111,0.8722,0.9104,22980225.41
2024-03-18 13:00:00+00:00,0.9104,0.914,0.8766,0.892,23039605.6
2024-03-18 14:00:00+00:00,0.892,0.9052,0.8616,0.8788,26352556.28
2024-03-18 15:00:00+00:00,0.8788,0.9292,0.8651,0.9254,24841147.69
2024-03-18 16:00:00+00:00,0.9254,0.9554,0.9063,0.9107,47347344.47
2024-03-18 17:00:00+00:00,0.9107,0.9137,0.8824,0.887,27163505.25
2024-03-18 18:00:00+00:00,0.887,0.8985,0.8722,0.8769,11993505.81
2024-03-18 19:00:00+00:00,0.8769,0.9113,0.8743,0.8944,12999587.23
2024-03-18 20:00:00+00:00,0.8944,0.9038,0.8853,0.8925,6860394.74
2024-03-18 21:00:00+00:00,0.8925,0.9278,0.8925,0.9199,13019089.99
2024-03-18 22:00:00+00:00,0.9199,0.9432,0.9071,0.9405,15240735.75
2024-03-18 23:00:00+00:00,0.9405,0.9486,0.9206,0.935,19121058.01
2024-03-19 00:00:00+00:00,0.935,0.9563,0.9014,0.9067,23604033.76
2024-03-19 01:00:00+00:00,0.9067,0.9109,0.8707,0.8799,31835907.56
2024-03-19 02:00:00+00:00,0.8799,0.9085,0.8718,0.8727,15772805.1
2024-03-19 03:00:00+00:00,0.8727,0.8972,0.8411,0.8906,32795330.44
2024-03-19 04:00:00+00:00,0.8906,0.9182,0.8594,0.8609,23938054.36
2024-03-19 05:00:00+00:00,0.8609,0.8832,0.8396,0.8611,35804719.75
2024-03-19 06:00:00+00:00,0.8611,0.8665,0.8128,0.822,22957098.32
2024-03-19 07:00:00+00:00,0.822,0.8918,0.7934,0.8882,36308281.77
2024-03-19 08:00:00+00:00,0.8882,0.8885,0.8309,0.8368,29702031.79
2024-03-19 09:00:00+00:00,0.8368,0.8847,0.8172,0.8781,27038026.08
2024-03-19 10:00:00+00:00,0.8781,0.8796,0.845,0.8688,16957330.64
2024-03-19 11:00:00+00:00,0.8688,0.9009,0.8402,0.8985,28628454.93
2024-03-19 12:00:00+00:00,0.8985,0.9361,0.8936,0.9181,34741775.01
2024-03-19 13:00:00+00:00,0.9181,0.9396,0.907,0.9224,24628749.12
2024-03-19 14:00:00+00:00,0.9224,0.9725,0.9071,0.953,45135488.7
2024-03-19 15:00:00+00:00,0.953,1.077,0.9381,1.066,91650896.75
2024-03-19 16:00:00+00:00,1.066,1.084,1.019,1.051,53512623.32
2024-03-19 17:00:00+00:00,1.051,1.067,1.036,1.064,30975740.47
2024-03-19 18:00:00+00:00,1.064,1.065,1.025,1.032,25448047.62
2024-03-19 19:00:00+00:00,1.032,1.046,1.026,1.041,17296588.75
2024-03-19 20:00:00+00:00,1.041,1.048,0.9865,0.9995,36945904.99
2024-03-19 21:00:00+00:00,0.9995,1.01,0.9912,0.9994,10782898.24
2024-03-19 22:00:00+00:00,0.9994,1.007,0.9731,0.9873,19938404.76
2024-03-19 23:00:00+00:00,0.9873,1.046,0.9609,1.031,35193687.68
2024-03-20 00:00:00+00:00,1.031,1.036,0.9842,1.024,22391530.3
2024-03-20 01:00:00+00:00,1.024,1.025,0.9857,1.006,15616511.82
2024-03-20 02:00:00+00:00,1.006,1.015,0.989,1.001,16064757.0
2024-03-20 03:00:00+00:00,1.001,1.035,0.9751,0.9851,18406544.07
2024-03-20 04:00:00+00:00,0.9851,0.9916,0.9137,0.9189,32886198.47
2024-03-20 05:00:00+00:00,0.9189,0.935,0.8964,0.9265,24020969.69
2024-03-20 06:00:00+00:00,0.9265,0.9813,0.9225,0.9548,24555931.1
2024-03-20 07:00:00+00:00,0.9548,1.002,0.9523,0.9957,19530578.41
2024-03-20 08:00:00+00:00,0.9957,1.008,0.9558,0.956,20121295.49
2024-03-20 09:00:00+00:00,0.956,0.9877,0.9552,0.9601,11066695.16
2024-03-20 10:00:00+00:00,0.9601,0.9635,0.9378,0.9408,8592281.32
2024-03-20 11:00:00+00:00,0.9408,0.9542,0.9348,0.944,10588109.99
2024-03-20 12:00:00+00:00,0.944,0.9643,0.9337,0.9423,12083180.34
2024-03-20 13:00:00+00:00,0.9423,0.9423,0.9182,0.9182,13314338.5
2024-03-20 14:00:00+00:00,0.9182,0.9275,0.9139,0.9237,13461980.71
2024-03-20 15:00:00+00:00,0.9237,0.9556,0.9217,0.9478,16222657.83
2024-03-20 16:00:00+00:00,0.9478,0.9663,0.9111,0.9148,24668524.58
2024-03-20 17:00:00+00:00,0.9148,0.9686,0.9039,0.9608,20368278.64
2024-03-20 18:00:00+00:00,0.9608,1.068,0.9607,1.061,47924492.88
2024-03-20 19:00:00+00:00,1.061,1.1,1.014,1.032,46431805.97
2024-03-20 20:00:00+00:00,1.032,1.096,1.032,1.092,23383578.18
2024-03-20 21:00:00+00:00,1.092,1.152,1.085,1.126,35284222.77
2024-03-20 22:00:00+00:00,1.126,1.149,1.116,1.122,17775201.63
2024-03-20 23:00:00+00:00,1.122,1.135,1.096,1.117,17613735.49
2024-03-21 00:00:00+00:00,1.117,1.129,1.102,1.121,12641728.09
2024-03-21 01:00:00+00:00,1.121,1.145,1.111,1.127,12684347.93
2024-03-21 02:00:00+00:00,1.127,1.135,1.105,1.125,6965192.68
2024-03-21 03:00:00+00:00,1.125,1.143,1.07,1.075,19789854.01
2024-03-21 04:00:00+00:00,1.075,1.096,1.063,1.067,10612002.08
2024-03-21 05:00:00+00:00,1.067,1.074,1.052,1.065,12907668.56
2024-03-21 06:00:00+00:00,1.065,1.084,1.052,1.058,9705338.28
2024-03-21 07:00:00+00:00,1.058,1.071,1.05,1.054,9057775.27
2024-03-21 08:00:00+00:00,1.054,1.072,1.046,1.065,7606861.78
2024-03-21 09:00:00+00:00,1.065,1.079,1.054,1.057,7904077.41
2024-03-21 10:00:00+00:00,1.057,1.069,1.052,1.064,8060828.62
2024-03-21 11:00:00+00:00,1.064,1.065,1.044,1.053,5711847.3
2024-03-21 12:00:00+00:00,1.053,1.06,1.038,1.046,8296939.69
2024-03-21 13:00:00+00:00,1.046,1.05,1.034,1.038,7271929.1
2024-03-21 14:00:00+00:00,1.038,1.045,1.033,1.038,8974801.36
2024-03-21 15:00:00+00:00,1.038,1.068,1.028,1.062,14825724.09
2024-03-21 16:00:00+00:00,1.062,1.111,1.049,1.104,24162490.51
2024-03-21 17:00:00+00:00,1.104,1.131,1.08,1.091,22804224.0
2024-03-21 18:00:00+00:00,1.091,1.105,1.027,1.055,35497030.19
2024-03-21 19:00:00+00:00,1.055,1.082,1.054,1.059,9814359.82
2024-03-21 20:00:00+00:00,1.059,1.096,1.045,1.079,12361609.95
2024-03-21 21:00:00+00:00,1.079,1.114,1.063,1.112,5857389.17
2024-03-21 22:00:00+00:00,1.112,1.127,1.101,1.107,11221680.25
2024-03-21 23:00:00+00:00,1.107,1.154,1.102,1.11,18667910.2
2024-03-22 00:00:00+00:00,1.11,1.111,1.061,1.063,12636044.2
2024-03-22 01:00:00+00:00,1.063,1.093,1.058,1.083,8395608.85
2024-03-22 02:00:00+00:00,1.083,1.108,1.081,1.091,7453346.72
2024-03-22 03:00:00+00:00,1.091,1.172,1.081,1.158,19015610.89
2024-03-22 04:00:00+00:00,1.158,1.164,1.128,1.133,11946139.04
2024-03-22 05:00:00+00:00,1.133,1.15,1.128,1.14,7382542.69
2024-03-22 06:00:00+00:00,1.14,1.18,1.14,1.155,16661103.43
2024-03-22 07:00:00+00:00,1.155,1.18,1.15,1.18,16736758.34
2024-03-22 08:00:00+00:00,1.18,1.192,1.16,1.178,21162349.55
2024-03-22 09:00:00+00:00,1.178,1.201,1.171,1.177,18692392.64
2024-03-22 10:00:00+00:00,1.177,1.2,1.145,1.188,33192299.13
2024-03-22 11:00:00+00:00,1.188,1.228,1.181,1.185,32280918.95
2024-03-22 12:00:00+00:00,1.185,1.208,1.162,1.169,21954866.37
2024-03-22 13:00:00+00:00,1.169,1.193,1.142,1.153,23441080.94
2024-03-22 14:00:00+00:00,1.153,1.166,1.106,1.121,33263001.28
2024-03-22 15:00:00+00:00,1.121,1.179,1.121,1.134,29062396.52
2024-03-22 16:00:00+00:00,1.134,1.149,1.1,1.124,17511517.06
2024-03-22 17:00:00+00:00,1.124,1.137,1.114,1.129,12053409.85
2024-03-22 18:00:00+00:00,1.129,1.168,1.123,1.152,9437647.17
2024-03-22 19:00:00+00:00,1.152,1.165,1.14,1.155,9927870.57
2024-03-22 20:00:00+00:00,1.155,1.156,1.117,1.13,8817695.19
2024-03-22 21:00:00+00:00,1.13,1.13,1.106,1.115,5870545.01
2024-03-22 22:00:00+00:00,1.115,1.117,1.082,1.088,8832558.63
2024-03-22 23:00:00+00:00,1.088,1.145,1.086,1.144,10966236.49
2024-03-23 00:00:00+00:00,1.144,1.144,1.111,1.112,8752423.01
2024-03-23 01:00:00+00:00,1.112,1.137,1.11,1.116,5757829.4
2024-03-23 02:00:00+00:00,1.116,1.116,1.085,1.091,8224795.38
2024-03-23 03:00:00+00:00,1.091,1.092,1.076,1.082,9045105.96
2024-03-23 04:00:00+00:00,1.082,1.095,1.08,1.085,6171524.69
2024-03-23 05:00:00+00:00,1.085,1.091,1.082,1.085,3157849.06
2024-03-23 06:00:00+00:00,1.085,1.11,1.08,1.094,7160720.37
2024-03-23 07:00:00+00:00,1.094,1.109,1.079,1.092,9556022.69
2024-03-23 08:00:00+00:00,1.092,1.1,1.086,1.091,6245538.42
2024-03-23 09:00:00+00:00,1.091,1.099,1.082,1.098,5824293.53
2024-03-23 10:00:00+00:00,1.098,1.123,1.097,1.111,9670371.99
2024-03-23 11:00:00+00:00,1.111,1.114,1.101,1.104,5571899.0
2024-03-23 12:00:00+00:00,1.104,1.122,1.098,1.116,6376137.76
2024-03-23 13:00:00+00:00,1.116,1.117,1.087,1.094,8379396.88
2024-03-23 14:00:00+00:00,1.094,1.103,1.079,1.093,10683801.93
2024-03-23 15:00:00+00:00,1.093,1.094,1.066,1.076,9263087.03
2024-03-23 16:00:00+00:00,1.076,1.084,1.07,1.07,6681084.76
2024-03-23 17:00:00+00:00,1.07,1.084,1.066,1.076,6337866.4
2024-03-23 18:00:00+00:00,1.076,1.08,1.071,1.073,4801411.39
2024-03-23 19:00:00+00:00,1.073,1.077,1.067,1.07,3264516.82
2024-03-23 20:00:00+00:00,1.07,1.071,1.061,1.065,3555587.6
2024-03-23 21:00:00+00:00,1.065,1.074,1.064,1.069,3907676.56
2024-03-23 22:00:00+00:00,1.069,1.07,1.064,1.064,3586432.39
2024-03-23 23:00:00+00:00,1.064,1.064,1.036,1.039,12811840.88
2024-03-24 00:00:00+00:00,1.039,1.05,1.035,1.048,7287901.29
2024-03-24 01:00:00+00:00,1.048,1.058,1.041,1.056,6107731.83
2024-03-24 02:00:00+00:00,1.056,1.056,1.043,1.053,4438759.58
2024-03-24 03:00:00+00:00,1.053,1.053,1.04,1.042,3672850.31
2024-03-24 04:00:00+00:00,1.042,1.055,1.039,1.055,3199132.71
2024-03-24 05:00:00+00:00,1.055,1.063,1.051,1.055,2715571.68
2024-03-24 06:00:00+00:00,1.055,1.057,1.036,1.04,3145965.09
2024-03-24 07:00:00+00:00,1.04,1.043,1.031,1.038,4863397.9
2024-03-24 08:00:00+00:00,1.038,1.055,1.035,1.054,4493175.94
2024-03-24 09:00:00+00:00,1.054,1.054,1.038,1.041,4028295.68
2024-03-24 10:00:00+00:00,1.041,1.045,1.034,1.034,4318616.64
2024-03-24 11:00:00+00:00,1.034,1.045,1.03,1.044,4759747.09
2024-03-24 12:00:00+00:00,1.044,1.074,1.044,1.072,14059064.1
2024-03-24 13:00:00+00:00,1.072,1.093,1.062,1.075,13188375.75
2024-03-24 14:00:00+00:00,1.075,1.091,1.068,1.073,10045378.06
2024-03-24 15:00:00+00:00,1.073,1.079,1.058,1.063,6386382.93
2024-03-24 16:00:00+00:00,1.063,1.067,1.047,1.048,6571937.0
2024-03-24 17:00:00+00:00,1.048,1.052,1.032,1.034,7010604.94
2024-03-24 18:00:00+00:00,1.034,1.045,1.032,1.041,5843633.42
2024-03-24 19:00:00+00:00,1.041,1.069,1.039,1.054,5497733.77
2024-03-24 20:00:00+00:00,1.054,1.073,1.046,1.069,6963065.59
2024-03-24 21:00:00+00:00,1.069,1.077,1.06,1.075,7251963.55
2024-03-24 22:00:00+00:00,1.075,1.079,1.07,1.074,5741857.34
2024-03-24 23:00:00+00:00,1.074,1.081,1.062,1.068,4181478.62
2024-03-25 00:00:00+00:00,1.068,1.069,1.053,1.055,3939726.35
2024-03-25 01:00:00+00:00,1.055,1.09,1.053,1.071,8540561.48
2024-03-25 02:00:00+00:00,1.071,1.081,1.062,1.079,4312167.14
2024-03-25 03:00:00+00:00,1.079,1.093,1.07,1.093,7735009.28
2024-03-25 04:00:00+00:00,1.093,1.107,1.076,1.1,7473128.14
2024-03-25 05:00:00+00:00,1.1,1.113,1.092,1.104,7574788.16
2024-03-25 06:00:00+00:00,1.104,1.127,1.094,1.12,9154818.13
2024-03-25 07:00:00+00:00,1.12,1.136,1.101,1.103,15214443.72
2024-03-25 08:00:00+00:00,1.103,1.12,1.087,1.089,9408810.28
2024-03-25 09:00:00+00:00,1.089,1.092,1.077,1.086,6286341.1
2024-03-25 10:00:00+00:00,1.086,1.1,1.081,1.085,7183757.24
2024-03-25 11:00:00+00:00,1.085,1.085,1.069,1.072,4661362.46
2024-03-25 12:00:00+00:00,1.072,1.084,1.072,1.077,3988676.15
2024-03-25 13:00:00+00:00,1.077,1.091,1.065,1.09,8275416.66
2024-03-25 14:00:00+00:00,1.09,1.155,1.077,1.147,36567604.49
2024-03-25 15:00:00+00:00,1.147,1.181,1.135,1.172,25891135.9
2024-03-25 16:00:00+00:00,1.172,1.22,1.172,1.219,26294075.02
2024-03-25 17:00:00+00:00,1.219,1.224,1.184,1.184,22197014.84
2024-03-25 18:00:00+00:00,1.184,1.186,1.137,1.16,23576608.94
2024-03-25 19:00:00+00:00,1.16,1.185,1.155,1.175,11531252.99
2024-03-25 20:00:00+00:00,1.175,1.182,1.162,1.167,7269771.6
2024-03-25 21:00:00+00:00,1.167,1.17,1.141,1.149,11593614.12
2024-03-25 22:00:00+00:00,1.149,1.161,1.144,1.147,5488797.54
2024-03-25 23:00:00+00:00,1.147,1.151,1.125,1.127,7963565.39
2024-03-26 00:00:00+00:00,1.127,1.145,1.122,1.133,9596466.5
2024-03-26 01:00:00+00:00,1.133,1.138,1.129,1.131,3981217.51
2024-03-26 02:00:00+00:00,1.131,1.143,1.127,1.13,5530081.49
2024-03-26 03:00:00+00:00,1.13,1.136,1.122,1.126,4929140.55
2024-03-26 04:00:00+00:00,1.126,1.136,1.121,1.13,5658009.4
2024-03-26 05:00:00+00:00,1.13,1.147,1.125,1.146,6242270.77
2024-03-26 06:00:00+00:00,1.146,1.158,1.144,1.15,5668404.05
2024-03-26 07:00:00+00:00,1.15,1.153,1.136,1.139,6672940.99
2024-03-26 08:00:00+00:00,1.139,1.152,1.133,1.137,6671040.72
2024-03-26 09:00:00+00:00,1.137,1.146,1.134,1.139,5739428.43
2024-03-26 10:00:00+00:00,1.139,1.155,1.134,1.143,9558627.99
2024-03-26 11:00:00+00:00,1.143,1.144,1.109,1.111,11505263.59
2024-03-26 12:00:00+00:00,1.111,1.116,1.1,1.108,13432609.89
2024-03-26 13:00:00+00:00,1.108,1.111,1.082,1.087,19581956.94
2024-03-26 14:00:00+00:00,1.087,1.098,1.066,1.091,22469527.86
2024-03-26 15:00:00+00:00,1.091,1.092,1.068,1.076,13832748.07
2024-03-26 16:00:00+00:00,1.076,1.083,1.056,1.061,13915290.9
2024-03-26 17:00:00+00:00,1.061,1.075,1.058,1.074,8664917.02
2024-03-26 18:00:00+00:00,1.074,1.089,1.071,1.08,9838659.21
2024-03-26 19:00:00+00:00,1.08,1.083,1.069,1.073,8299868.75
2024-03-26 20:00:00+00:00,1.073,1.076,1.063,1.071,5001328.21
2024-03-26 21:00:00+00:00,1.071,1.077,1.066,1.073,3874150.27
2024-03-26 22:00:00+00:00,1.073,1.08,1.064,1.079,4312685.22
2024-03-26 23:00:00+00:00,1.079,1.08,1.064,1.065,4599618.34
2024-03-27 00:00:00+00:00,1.065,1.079,1.058,1.078,7005234.16
2024-03-27 01:00:00+00:00,1.078,1.083,1.072,1.073,4561883.49
2024-03-27 02:00:00+00:00,1.073,1.08,1.069,1.08,4368407.88
2024-03-27 03:00:00+00:00,1.08,1.089,1.076,1.086,5977798.44
2024-03-27 04:00:00+00:00,1.086,1.093,1.08,1.084,4312035.25
2024-03-27 05:00:00+00:00,1.084,1.086,1.073,1.078,4460370.74
2024-03-27 06:00:00+00:00,1.078,1.087,1.074,1.082,3300761.6
2024-03-27 07:00:00+00:00,1.082,1.082,1.057,1.063,6277436.01
2024-03-27 08:00:00+00:00,1.063,1.076,1.058,1.062,4618708.6
2024-03-27 09:00:00+00:00,1.062,1.078,1.05,1.078,6404532.99
2024-03-27 10:00:00+00:00,1.078,1.079,1.064,1.07,3713795.86
2024-03-27 11:00:00+00:00,1.07,1.077,1.06,1.072,6178295.65
2024-03-27 12:00:00+00:00,1.072,1.084,1.07,1.083,4011464.05
2024-03-27 13:00:00+00:00,1.083,1.097,1.052,1.055,17310964.47
2024-03-27 14:00:00+00:00,1.055,1.058,1.011,1.039,30819429.23
2024-03-27 15:00:00+00:00,1.039,1.039,0.9885,0.9934,21507391.18
2024-03-27 16:00:00+00:00,0.9934,1.011,0.9918,1.01,17169610.61
2024-03-27 17:00:00+00:00,1.01,1.017,1.006,1.009,3847518.32
2024-03-27 18:00:00+00:00,1.009,1.013,0.9968,0.9994,5554878.06
2024-03-27 19:00:00+00:00,0.9994,1.017,0.9994,1.014,4724329.87
2024-03-27 20:00:00+00:00,1.014,1.02,1.012,1.016,3415585.86
2024-03-27 21:00:00+00:00,1.016,1.02,1.012,1.012,2996992.94
2024-03-27 22:00:00+00:00,1.012,1.019,1.012,1.016,1996096.69
2024-03-27 23:00:00+00:00,1.016,1.016,0.9986,0.9997,6347048.63
2024-03-28 00:00:00+00:00,0.9997,1.014,0.9982,1.007,6081144.69
2024-03-28 01:00:00+00:00,1.007,1.009,0.99,1.0,4864824.72
2024-03-28 02:00:00+00:00,1.0,1.008,0.9924,0.9973,2979545.35
2024-03-28 03:00:00+00:00,0.9973,1.008,0.9931,1.007,2463504.04
2024-03-28 04:00:00+00:00,1.007,1.012,1.005,1.008,2103946.23
2024-03-28 05:00:00+00:00,1.008,1.015,1.004,1.011,2393019.57
2024-03-28 06:00:00+00:00,1.011,1.022,1.006,1.021,3470348.47
2024-03-28 07:00:00+00:00,1.021,1.025,1.016,1.024,3920600.34
2024-03-28 08:00:00+00:00,1.024,1.03,1.02,1.029,4582127.67
2024-03-28 09:00:00+00:00,1.029,1.035,1.017,1.027,5259820.51
2024-03-28 10:00:00+00:00,1.027,1.028,1.02,1.023,2927470.38
2024-03-28 11:00:00+00:00,1.023,1.034,1.018,1.023,4669151.26
2024-03-28 12:00:00+00:00,1.023,1.036,1.015,1.035,4804113.41
2024-03-28 13:00:00+00:00,1.035,1.036,1.015,1.027,5342011.97
2024-03-28 14:00:00+00:00,1.027,1.033,1.017,1.03,5750289.08
2024-03-28 15:00:00+00:00,1.03,1.032,1.016,1.021,3908421.8
2024-03-28 16:00:00+00:00,1.021,1.021,1.005,1.008,4759886.36
2024-03-28 17:00:00+00:00,1.008,1.009,0.9963,0.9981,5359487.55
2024-03-28 18:00:00+00:00,0.9981,1.003,0.9954,1.002,4502863.08
2024-03-28 19:00:00+00:00,1.002,1.013,1.002,1.008,4503454.01
2024-03-28 20:00:00+00:00,1.008,1.009,1.001,1.002,3570414.79
2024-03-28 21:00:00+00:00,1.002,1.01,1.001,1.006,2422650.66
2024-03-28 22:00:00+00:00,1.006,1.01,0.9983,1.009,2256125.11
2024-03-28 23:00:00+00:00,1.009,1.023,1.007,1.02,4129958.18
2024-03-29 00:00:00+00:00,1.02,1.021,1.006,1.011,2913417.32
2024-03-29 01:00:00+00:00,1.011,1.012,0.9974,0.9996,4944413.95
2024-03-29 02:00:00+00:00,0.9996,0.9997,0.9735,0.9843,9709175.02
2024-03-29 03:00:00+00:00,0.9843,1.003,0.9816,1.001,4500652.0
2024-03-29 04:00:00+00:00,1.001,1.01,0.9919,0.9958,3896646.13
2024-03-29 05:00:00+00:00,0.9958,1.003,0.9943,1.001,2404996.76
2024-03-29 06:00:00+00:00,1.001,1.005,0.9915,0.9975,2937544.41
2024-03-29 07:00:00+00:00,0.9975,1.001,0.9736,0.9778,5392597.29
2024-03-29 08:00:00+00:00,0.9778,0.996,0.9771,0.9954,4946617.95
2024-03-29 09:00:00+00:00,0.9954,1.001,0.9805,0.982,3983848.29
2024-03-29 10:00:00+00:00,0.982,0.9905,0.9774,0.9905,3480264.97
2024-03-29 11:00:00+00:00,0.9905,1.009,0.9885,0.9906,10068610.22
2024-03-29 12:00:00+00:00,0.9906,0.9929,0.9821,0.9859,4447646.38
2024-03-29 13:00:00+00:00,0.9859,0.9935,0.9794,0.9891,3679205.14
2024-03-29 14:00:00+00:00,0.9891,1.001,0.9841,0.9934,6688272.97
2024-03-29 15:00:00+00:00,0.9934,1.004,0.9678,0.9804,7522370.05
2024-03-29 16:00:00+00:00,0.9804,0.9939,0.9799,0.9895,4120811.86
2024-03-29 17:00:00+00:00,0.9895,0.9989,0.9819,0.9893,3563381.0
2024-03-29 18:00:00+00:00,0.9893,0.9953,0.9861,0.9895,2062918.53
2024-03-29 19:00:00+00:00,0.9895,0.9895,0.9766,0.9829,2069051.14
2024-03-29 20:00:00+00:00,0.9829,0.9834,0.9668,0.9692,4637839.23
2024-03-29 21:00:00+00:00,0.9692,0.9698,0.9513,0.9597,7736814.86
2024-03-29 22:00:00+00:00,0.9597,0.9804,0.9595,0.9794,3918965.32
2024-03-29 23:00:00+00:00,0.9794,0.985,0.9764,0.9804,3899436.46
2024-03-30 00:00:00+00:00,0.9804,0.9949,0.9771,0.9941,2870264.94
2024-03-30 01:00:00+00:00,0.9941,0.9957,0.9809,0.9837,2884351.23
2024-03-30 02:00:00+00:00,0.9837,0.9838,0.9724,0.9743,2535409.19
2024-03-30 03:00:00+00:00,0.9743,0.9769,0.9666,0.9669,2015331.52
2024-03-30 04:00:00+00:00,0.9669,0.9772,0.9644,0.9736,2656964.28
2024-03-30 05:00:00+00:00,0.9736,0.9776,0.9646,0.9751,3262797.71
2024-03-30 06:00:00+00:00,0.9751,0.9833,0.9654,0.9733,3514138.37
2024-03-30 07:00:00+00:00,0.9733,0.9737,0.958,0.9591,4450594.24
2024-03-30 08:00:00+00:00,0.9591,0.9638,0.9507,0.9534,5719226.03
2024-03-30 09:00:00+00:00,0.9534,0.956,0.9501,0.9539,6735015.61
2024-03-30 10:00:00+00:00,0.9539,0.954,0.9384,0.9417,8839841.58
2024-03-30 11:00:00+00:00,0.9417,0.9517,0.9346,0.9516,7302527.59
2024-03-30 12:00:00+00:00,0.9516,0.9539,0.9468,0.9475,3995693.46
2024-03-30 13:00:00+00:00,0.9475,0.9475,0.9326,0.9428,7645678.64
2024-03-30 14:00:00+00:00,0.9428,0.9459,0.9348,0.939,4100560.32
2024-03-30 15:00:00+00:00,0.939,0.95,0.937,0.9495,4452366.2
2024-03-30 16:00:00+00:00,0.9495,0.9557,0.9424,0.9553,5227938.02
2024-03-30 17:00:00+00:00,0.9553,0.962,0.9497,0.9597,4539099.08
2024-03-30 18:00:00+00:00,0.9597,0.963,0.9529,0.9589,2507765.1
2024-03-30 19:00:00+00:00,0.9589,0.9589,0.9416,0.9491,4343300.0
2024-03-30 20:00:00+00:00,0.9491,0.9494,0.9397,0.9403,1808892.57
2024-03-30 21:00:00+00:00,0.9403,0.9452,0.9349,0.9417,2095909.04
2024-03-30 22:00:00+00:00,0.9417,0.944,0.9352,0.9386,1729312.36
2024-03-30 23:00:00+00:00,0.9386,0.9421,0.9335,0.9395,1746413.84
2024-03-31 00:00:00+00:00,0.9395,0.9446,0.9339,0.9352,2566521.28
2024-03-31 01:00:00+00:00,0.9352,0.9435,0.9345,0.9388,2743802.62
2024-03-31 02:00:00+00:00,0.9388,0.9477,0.9349,0.9461,1885277.65
2024-03-31 03:00:00+00:00,0.9461,0.9492,0.9388,0.9393,2551737.26
2024-03-31 04:00:00+00:00,0.9393,0.9546,0.9379,0.9513,3729324.52
2024-03-31 05:00:00+00:00,0.9513,0.9645,0.9489,0.9605,3551695.4
2024-03-31 06:00:00+00:00,0.9605,0.9733,0.959,0.9681,9236594.68
2024-03-31 07:00:00+00:00,0.9681,0.9807,0.9671,0.9751,7085798.28
2024-03-31 08:00:00+00:00,0.9751,0.9783,0.9692,0.9696,4091762.16
2024-03-31 09:00:00+00:00,0.9696,0.9868,0.9668,0.9855,5275977.49
2024-03-31 10:00:00+00:00,0.9855,0.9909,0.9826,0.9856,8851623.86
2024-03-31 11:00:00+00:00,0.9856,1.006,0.9838,1.004,8698586.55
2024-03-31 12:00:00+00:00,1.004,1.018,0.9944,1.01,12406193.36
2024-03-31 13:00:00+00:00,1.01,1.023,1.0,1.003,10412425.95
2024-03-31 14:00:00+00:00,1.003,1.009,0.9897,0.9982,6829899.83
2024-03-31 15:00:00+00:00,0.9982,1.013,0.9967,1.003,8875640.87
2024-03-31 16:00:00+00:00,1.003,1.005,0.9961,0.9989,3882552.06
2024-03-31 17:00:00+00:00,0.9989,0.9993,0.9896,0.9937,4818616.67
2024-03-31 18:00:00+00:00,0.9937,1.004,0.9903,0.9921,5122014.18
2024-03-31 19:00:00+00:00,0.9921,0.9981,0.9853,0.9979,2731776.27
2024-03-31 20:00:00+00:00,0.9979,1.002,0.9931,0.9962,3073734.22
2024-03-31 21:00:00+00:00,0.9962,0.9962,0.987,0.9909,1847478.4
2024-03-31 22:00:00+00:00,0.9909,0.9951,0.9827,0.9887,4861322.09
2024-03-31 23:00:00+00:00,0.9887,1.005,0.986,1.004,2849611.71
2024-04-01 00:00:00+00:00,1.004,1.005,0.9839,0.9889,3437932.58
2024-04-01 01:00:00+00:00,0.9889,1.0,0.9835,0.9886,4761835.84
2024-04-01 02:00:00+00:00,0.9886,0.9948,0.9845,0.9905,1830401.42
2024-04-01 03:00:00+00:00,0.9905,0.9912,0.9739,0.9772,4561189.38
2024-04-01 04:00:00+00:00,0.9772,0.9803,0.9673,0.9701,4018997.28
2024-04-01 05:00:00+00:00,0.9701,0.9762,0.9088,0.9271,19334261.16
2024-04-01 06:00:00+00:00,0.9271,0.9481,0.9248,0.9427,12546709.33
2024-04-01 07:00:00+00:00,0.9427,0.9503,0.9393,0.9448,3833731.1
2024-04-01 08:00:00+00:00,0.9448,0.9448,0.9312,0.9378,4537805.28
2024-04-01 09:00:00+00:00,0.9378,0.9456,0.9327,0.933,2693094.53
2024-04-01 10:00:00+00:00,0.933,0.9368,0.9269,0.9358,3400521.61
2024-04-01 11:00:00+00:00,0.9358,0.9377,0.9275,0.9284,3691453.51
2024-04-01 12:00:00+00:00,0.9284,0.9423,0.9274,0.942,2976986.8
2024-04-01 13:00:00+00:00,0.942,0.9499,0.9349,0.9412,5012503.82
2024-04-01 14:00:00+00:00,0.9412,0.944,0.914,0.9216,8460440.52
2024-04-01 15:00:00+00:00,0.9216,0.9289,0.9046,0.9174,14929064.37
2024-04-01 16:00:00+00:00,0.9174,0.9282,0.9154,0.9193,4215703.78
2024-04-01 17:00:00+00:00,0.9193,0.9207,0.9054,0.9136,5178387.71
2024-04-01 18:00:00+00:00,0.9136,0.9205,0.9014,0.9203,4560959.63
2024-04-01 19:00:00+00:00,0.9203,0.9476,0.9169,0.9458,6202501.16
2024-04-01 20:00:00+00:00,0.9458,0.9556,0.9388,0.9556,4492144.95
2024-04-01 21:00:00+00:00,0.9556,0.9556,0.9463,0.9514,2624837.44
2024-04-01 22:00:00+00:00,0.9514,0.9526,0.9487,0.9518,1355499.91
2024-04-01 23:00:00+00:00,0.9518,0.9555,0.9489,0.9491,1974110.88
2024-04-02 00:00:00+00:00,0.9491,0.9495,0.9198,0.9214,13974263.1
2024-04-02 01:00:00+00:00,0.9214,0.9312,0.9187,0.9263,2898800.54
2024-04-02 02:00:00+00:00,0.9263,0.9266,0.8745,0.9023,21053321.71
2024-04-02 03:00:00+00:00,0.9023,0.9227,0.9009,0.9199,12137872.68
2024-04-02 04:00:00+00:00,0.9199,0.9354,0.9112,0.9227,10170143.71
2024-04-02 05:00:00+00:00,0.9227,0.9304,0.9158,0.925,6731125.56
2024-04-02 06:00:00+00:00,0.925,0.9267,0.9163,0.9213,5315763.87
2024-04-02 07:00:00+00:00,0.9213,0.9226,0.91,0.9102,3083743.33
2024-04-02 08:00:00+00:00,0.9102,0.9142,0.8876,0.8887,8232867.89
2024-04-02 09:00:00+00:00,0.8887,0.8912,0.8767,0.8869,9691193.0
2024-04-02 10:00:00+00:00,0.8869,0.8869,0.8654,0.8728,6123546.69
2024-04-02 11:00:00+00:00,0.8728,0.8767,0.8621,0.8763,7658691.84
2024-04-02 12:00:00+00:00,0.8763,0.9059,0.8718,0.8875,12041899.67
2024-04-02 13:00:00+00:00,0.8875,0.8918,0.8685,0.8889,9630187.09
2024-04-02 14:00:00+00:00,0.8889,0.905,0.8876,0.8941,6855188.27
2024-04-02 15:00:00+00:00,0.8941,0.9052,0.8789,0.8802,5013435.91
2024-04-02 16:00:00+00:00,0.8802,0.8867,0.8718,0.8769,8006905.42
2024-04-02 17:00:00+00:00,0.8769,0.8834,0.8709,0.8795,3139298.75
2024-04-02 18:00:00+00:00,0.8795,0.8872,0.876,0.8836,3045712.08
2024-04-02 19:00:00+00:00,0.8836,0.8913,0.8779,0.8791,2498912.04
2024-04-02 20:00:00+00:00,0.8791,0.885,0.8726,0.8791,2922405.23
2024-04-02 21:00:00+00:00,0.8791,0.8805,0.8654,0.8734,1798184.41
2024-04-02 22:00:00+00:00,0.8734,0.8825,0.8716,0.8804,1541775.22
2024-04-02 23:00:00+00:00,0.8804,0.8809,0.8621,0.863,2906840.38
2024-04-03 00:00:00+00:00,0.863,0.8651,0.8258,0.8449,16705384.56
2024-04-03 01:00:00+00:00,0.8449,0.8662,0.8333,0.8648,6150864.37
2024-04-03 02:00:00+00:00,0.8648,0.8671,0.8576,0.8657,4028029.37
2024-04-03 03:00:00+00:00,0.8657,0.873,0.8615,0.8703,1808845.75
2024-04-03 04:00:00+00:00,0.8703,0.8741,0.8675,0.8734,2708826.32
2024-04-03 05:00:00+00:00,0.8734,0.8742,0.8625,0.8662,3413378.83
2024-04-03 06:00:00+00:00,0.8662,0.887,0.8649,0.8827,9292423.45
2024-04-03 07:00:00+00:00,0.8827,0.8955,0.8788,0.8875,5145318.45
2024-04-03 08:00:00+00:00,0.8875,0.8946,0.8808,0.8927,2533891.27
2024-04-03 09:00:00+00:00,0.8927,0.8967,0.8861,0.8917,3566655.95
2024-04-03 10:00:00+00:00,0.8917,0.8949,0.8726,0.8765,5489625.14
2024-04-03 11:00:00+00:00,0.8765,0.8773,0.8659,0.8703,4070409.9
2024-04-03 12:00:00+00:00,0.8703,0.8719,0.8592,0.8603,4589175.97
2024-04-03 13:00:00+00:00,0.8603,0.8644,0.8441,0.8468,8268831.05
2024-04-03 14:00:00+00:00,0.8468,0.877,0.8468,0.8741,7111173.96
2024-04-03 15:00:00+00:00,0.8741,0.8746,0.8499,0.8505,5159556.09
2024-04-03 16:00:00+00:00,0.8505,0.8599,0.8468,0.8471,4592877.97
2024-04-03 17:00:00+00:00,0.8471,0.8518,0.8336,0.8336,3832197.13
2024-04-03 18:00:00+00:00,0.8336,0.8412,0.8266,0.8397,5519120.34
2024-04-03 19:00:00+00:00,0.8397,0.8402,0.8301,0.8343,1686609.97
2024-04-03 20:00:00+00:00,0.8343,0.8347,0.8185,0.8211,3577080.84
2024-04-03 21:00:00+00:00,0.8211,0.8262,0.8116,0.8252,3910778.5
2024-04-03 22:00:00+00:00,0.8252,0.8264,0.8185,0.8215,1952588.14
2024-04-03 23:00:00+00:00,0.8215,0.8262,0.8169,0.8177,3529369.71
2024-04-04 00:00:00+00:00,0.8177,0.8386,0.815,0.8385,4450368.8
2024-04-04 01:00:00+00:00,0.8385,0.8387,0.8223,0.8269,1943501.79
2024-04-04 02:00:00+00:00,0.8269,0.827,0.809,0.8197,3738487.11
2024-04-04 03:00:00+00:00,0.8197,0.8231,0.8139,0.815,2761982.46
2024-04-04 04:00:00+00:00,0.815,0.8255,0.8089,0.8245,4427076.09
2024-04-04 05:00:00+00:00,0.8245,0.825,0.8191,0.8225,2239371.9
2024-04-04 06:00:00+00:00,0.8225,0.8371,0.8217,0.8356,2500560.0
2024-04-04 07:00:00+00:00,0.8356,0.847,0.8309,0.8422,3880740.48
2024-04-04 08:00:00+00:00,0.8422,0.8471,0.8396,0.844,2661808.61
2024-04-04 09:00:00+00:00,0.844,0.8478,0.8408,0.8427,2203142.09
2024-04-04 10:00:00+00:00,0.8427,0.8464,0.8355,0.8398,1941487.38
2024-04-04 11:00:00+00:00,0.8398,0.8472,0.8367,0.8443,1472100.19
2024-04-04 12:00:00+00:00,0.8443,0.8571,0.843,0.8536,2935004.53
2024-04-04 13:00:00+00:00,0.8536,0.8657,0.8492,0.8583,5764420.05
2024-04-04 14:00:00+00:00,0.8583,0.8716,0.8535,0.8662,7667944.84
2024-04-04 15:00:00+00:00,0.8662,0.8825,0.863,0.8771,7547533.31
2024-04-04 16:00:00+00:00,0.8771,0.8875,0.8723,0.8807,5908569.38
2024-04-04 17:00:00+00:00,0.8807,0.888,0.8768,0.8878,3915581.51
2024-04-04 18:00:00+00:00,0.8878,0.8923,0.8686,0.8699,5592667.38
2024-04-04 19:00:00+00:00,0.8699,0.8754,0.8668,0.8686,2852191.74
2024-04-04 20:00:00+00:00,0.8686,0.8695,0.8462,0.8558,8915993.42
2024-04-04 21:00:00+00:00,0.8558,0.8567,0.8448,0.8495,2572673.23
2024-04-04 22:00:00+00:00,0.8495,0.8527,0.8446,0.8489,1513783.81
2024-04-04 23:00:00+00:00,0.8489,0.8568,0.8476,0.8561,1604147.63
2024-04-05 00:00:00+00:00,0.8561,0.8567,0.8456,0.8558,2076865.08
2024-04-05 01:00:00+00:00,0.8558,0.8558,0.8355,0.8369,3524566.22
2024-04-05 02:00:00+00:00,0.8369,0.8369,0.818,0.823,5584312.47
2024-04-05 03:00:00+00:00,0.823,0.8374,0.8216,0.833,2295129.85
2024-04-05 04:00:00+00:00,0.833,0.836,0.818,0.8219,3606593.22
2024-04-05 05:00:00+00:00,0.8219,0.8245,0.8055,0.8185,6376666.09
2024-04-05 06:00:00+00:00,0.8185,0.8221,0.8145,0.818,2364224.01
2024-04-05 07:00:00+00:00,0.818,0.8213,0.8099,0.8199,2554066.01
2024-04-05 08:00:00+00:00,0.8199,0.8297,0.8138,0.8174,3828846.75
2024-04-05 09:00:00+00:00,0.8174,0.8175,0.7998,0.8004,7724421.53
2024-04-05 10:00:00+00:00,0.8004,0.8014,0.78,0.7885,14875291.63
2024-04-05 11:00:00+00:00,0.7885,0.789,0.7752,0.7771,9853460.07
2024-04-05 12:00:00+00:00,0.7771,0.7892,0.7718,0.7883,11687221.9
2024-04-05 13:00:00+00:00,0.7883,0.8021,0.7779,0.8017,11468126.77
2024-04-05 14:00:00+00:00,0.8017,0.8112,0.7974,0.8084,6865222.16
2024-04-05 15:00:00+00:00,0.8084,0.8094,0.7942,0.801,8949613.11
2024-04-05 16:00:00+00:00,0.801,0.8038,0.7943,0.7979,5930061.7
2024-04-05 17:00:00+00:00,0.7979,0.8005,0.7911,0.7941,3289440.43
2024-04-05 18:00:00+00:00,0.7941,0.8015,0.7904,0.8015,2236806.8
2024-04-05 19:00:00+00:00,0.8015,0.8081,0.7974,0.7983,3453345.41
2024-04-05 20:00:00+00:00,0.7983,0.8101,0.7982,0.8045,2222643.96
2024-04-05 21:00:00+00:00,0.8045,0.8048,0.7983,0.8004,1431246.94
2024-04-05 22:00:00+00:00,0.8004,0.8048,0.7993,0.8007,1029712.38
2024-04-05 23:00:00+00:00,0.8007,0.8018,0.797,0.7975,1452097.18
2024-04-06 00:00:00+00:00,0.7975,0.8144,0.7942,0.8108,3338467.64
2024-04-06 01:00:00+00:00,0.8108,0.8199,0.8082,0.8098,2321807.32
2024-04-06 02:00:00+00:00,0.8098,0.8109,0.8024,0.8076,1693182.26
2024-04-06 03:00:00+00:00,0.8076,0.8199,0.8065,0.8198,2573636.4
2024-04-06 04:00:00+00:00,0.8198,0.823,0.8145,0.8171,3442268.12
2024-04-06 05:00:00+00:00,0.8171,0.8269,0.8157,0.821,2414408.15
2024-04-06 06:00:00+00:00,0.821,0.8325,0.8181,0.8319,3927379.66
2024-04-06 07:00:00+00:00,0.8319,0.8398,0.8264,0.8315,3181537.52
2024-04-06 08:00:00+00:00,0.8315,0.844,0.8312,0.8407,4792272.75
2024-04-06 09:00:00+00:00,0.8407,0.8433,0.8295,0.8298,4388876.65
2024-04-06 10:00:00+00:00,0.8298,0.8349,0.8228,0.8287,3568747.76
2024-04-06 11:00:00+00:00,0.8287,0.8296,0.8214,0.8233,2236600.05
2024-04-06 12:00:00+00:00,0.8233,0.8256,0.8189,0.8233,1573347.97
2024-04-06 13:00:00+00:00,0.8233,0.8233,0.8126,0.8168,3077767.98
2024-04-06 14:00:00+00:00,0.8168,0.8254,0.8158,0.8234,1954542.89
2024-04-06 15:00:00+00:00,0.8234,0.8338,0.8217,0.8283,3311289.65
2024-04-06 16:00:00+00:00,0.8283,0.8411,0.8283,0.8408,3000374.74
2024-04-06 17:00:00+00:00,0.8408,0.8444,0.8355,0.836,4823982.79
2024-04-06 18:00:00+00:00,0.836,0.8367,0.831,0.8352,1623918.67
2024-04-06 19:00:00+00:00,0.8352,0.8371,0.8293,0.8297,2375866.05
2024-04-06 20:00:00+00:00,0.8297,0.8376,0.8293,0.8372,2592885.05
2024-04-06 21:00:00+00:00,0.8372,0.8401,0.8329,0.8335,1435277.53
2024-04-06 22:00:00+00:00,0.8335,0.8472,0.8332,0.8468,2140622.88
2024-04-06 23:00:00+00:00,0.8468,0.8564,0.8468,0.8469,4878144.48
2024-04-07 00:00:00+00:00,0.8469,0.8473,0.8381,0.8417,1805993.34
2024-04-07 01:00:00+00:00,0.8417,0.8596,0.8409,0.8568,2500919.18
2024-04-07 02:00:00+00:00,0.8568,0.8586,0.8464,0.8465,1818157.61
2024-04-07 03:00:00+00:00,0.8465,0.8511,0.8457,0.8458,1740631.92
2024-04-07 04:00:00+00:00,0.8458,0.849,0.8377,0.8412,2318979.18
2024-04-07 05:00:00+00:00,0.8412,0.8985,0.8407,0.8913,15821345.69
2024-04-07 06:00:00+00:00,0.8913,0.8999,0.8711,0.8889,27774147.73
2024-04-07 07:00:00+00:00,0.8889,0.9003,0.8841,0.8972,11463706.14
2024-04-07 08:00:00+00:00,0.8972,0.9088,0.8883,0.9044,11938385.02
2024-04-07 09:00:00+00:00,0.9044,0.9049,0.8903,0.8909,5984150.11
2024-04-07 10:00:00+00:00,0.8909,0.9111,0.889,0.9073,5813053.14
2024-04-07 11:00:00+00:00,0.9073,0.9173,0.9018,0.9147,5919094.27
2024-04-07 12:00:00+00:00,0.9147,0.9169,0.905,0.9059,4870200.74
2024-04-07 13:00:00+00:00,0.9059,0.9062,0.8957,0.8992,4881755.54
2024-04-07 14:00:00+00:00,0.8992,0.8995,0.8888,0.8942,5175590.22
2024-04-07 15:00:00+00:00,0.8942,0.898,0.879,0.8804,6940897.17
2024-04-07 16:00:00+00:00,0.8804,0.8851,0.8746,0.8794,8697264.49
2024-04-07 17:00:00+00:00,0.8794,0.8801,0.8626,0.8652,4519217.23
2024-04-07 18:00:00+00:00,0.8652,0.8653,0.8534,0.8568,4109708.18
2024-04-07 19:00:00+00:00,0.8568,0.8604,0.8506,0.8543,3260722.44
2024-04-07 20:00:00+00:00,0.8543,0.8647,0.8529,0.8621,3468863.67
2024-04-07 21:00:00+00:00,0.8621,0.8652,0.8545,0.8567,2075371.28
2024-04-07 22:00:00+00:00,0.8567,0.8576,0.8522,0.8559,1336571.9
2024-04-07 23:00:00+00:00,0.8559,0.8717,0.8554,0.8699,3455842.01
2024-04-08 00:00:00+00:00,0.8699,0.8699,0.8533,0.8584,2428983.83
2024-04-08 01:00:00+00:00,0.8584,0.8682,0.8565,0.8578,2028647.78
2024-04-08 02:00:00+00:00,0.8578,0.8582,0.848,0.8532,2588121.22
2024-04-08 03:00:00+00:00,0.8532,0.858,0.8479,0.8571,2157847.85
2024-04-08 04:00:00+00:00,0.8571,0.8579,0.8526,0.8545,1702863.86
2024-04-08 05:00:00+00:00,0.8545,0.8898,0.8543,0.8885,7042138.22
2024-04-08 06:00:00+00:00,0.8885,0.8964,0.8777,0.8878,10886422.1
2024-04-08 07:00:00+00:00,0.8878,0.9072,0.8874,0.9042,9860754.05
2024-04-08 08:00:00+00:00,0.9042,0.926,0.9025,0.9249,16279581.23
2024-04-08 09:00:00+00:00,0.9249,0.9356,0.923,0.9297,13053463.17
2024-04-08 10:00:00+00:00,0.9297,0.9338,0.9155,0.9245,8202240.81
2024-04-08 11:00:00+00:00,0.9245,0.9282,0.9187,0.9274,4234391.44
2024-04-08 12:00:00+00:00,0.9274,0.9327,0.9204,0.9208,7688076.31
2024-04-08 13:00:00+00:00,0.9208,0.9468,0.9208,0.9436,9797726.6
2024-04-08 14:00:00+00:00,0.9436,0.9446,0.9215,0.935,6466373.63
2024-04-08 15:00:00+00:00,0.935,0.9399,0.9246,0.9295,4600781.88
2024-04-08 16:00:00+00:00,0.9295,0.9346,0.9218,0.9239,4400883.18
2024-04-08 17:00:00+00:00,0.9239,0.9336,0.9207,0.9313,4663266.44
2024-04-08 18:00:00+00:00,0.9313,0.9354,0.9283,0.93,2600450.2
2024-04-08 19:00:00+00:00,0.93,0.943,0.9283,0.9319,7286760.79
2024-04-08 20:00:00+00:00,0.9319,0.9378,0.9234,0.9366,3260998.3
2024-04-08 21:00:00+00:00,0.9366,0.9445,0.9343,0.9384,4233380.61
2024-04-08 22:00:00+00:00,0.9384,0.9404,0.9342,0.9376,1822269.17
2024-04-08 23:00:00+00:00,0.9376,0.9394,0.93,0.9343,2102700.6
2024-04-09 00:00:00+00:00,0.9343,0.9374,0.9236,0.9256,3150328.82
2024-04-09 01:00:00+00:00,0.9256,0.9298,0.916,0.926,4145922.54
2024-04-09 02:00:00+00:00,0.926,0.9469,0.9241,0.9416,4313124.61
2024-04-09 03:00:00+00:00,0.9416,0.9491,0.926,0.933,5352868.19
2024-04-09 04:00:00+00:00,0.933,0.9438,0.9237,0.9387,5335138.2
2024-04-09 05:00:00+00:00,0.9387,0.9888,0.9365,0.9732,30578133.98
2024-04-09 06:00:00+00:00,0.9732,0.977,0.9487,0.9599,14044994.06
2024-04-09 07:00:00+00:00,0.9599,0.977,0.9471,0.9479,13940220.87
2024-04-09 08:00:00+00:00,0.9479,0.9749,0.9396,0.9693,17870011.67
2024-04-09 09:00:00+00:00,0.9693,0.9739,0.9499,0.9549,7667610.06
2024-04-09 10:00:00+00:00,0.9549,0.9566,0.9403,0.9411,7273563.02
2024-04-09 11:00:00+00:00,0.9411,0.9877,0.9406,0.9766,14452382.58
2024-04-09 12:00:00+00:00,0.9766,0.9793,0.9575,0.965,9014683.43
2024-04-09 13:00:00+00:00,0.965,0.9747,0.9479,0.949,8106272.05
2024-04-09 14:00:00+00:00,0.949,0.985,0.9428,0.9783,25452743.49
2024-04-09 15:00:00+00:00,0.9783,0.9886,0.9511,0.9869,26873510.41
2024-04-09 16:00:00+00:00,0.9869,0.9994,0.9584,0.9856,35962556.14
2024-04-09 17:00:00+00:00,0.9856,1.011,0.9756,1.005,26033193.47
2024-04-09 18:00:00+00:00,1.005,1.013,0.9896,1.011,13897392.98
2024-04-09 19:00:00+00:00,1.011,1.012,0.9936,1.005,9221512.7
2024-04-09 20:00:00+00:00,1.005,1.041,1.005,1.025,20343104.87
2024-04-09 21:00:00+00:00,1.025,1.026,1.01,1.018,7010697.35
2024-04-09 22:00:00+00:00,1.018,1.035,1.015,1.027,10782107.64
2024-04-09 23:00:00+00:00,1.027,1.029,1.001,1.016,11891380.6
2024-04-10 00:00:00+00:00,1.016,1.032,1.006,1.007,13802344.04
2024-04-10 01:00:00+00:00,1.007,1.015,0.9819,0.9939,11880641.67
2024-04-10 02:00:00+00:00,0.9939,1.008,0.9552,0.9609,24542512.85
2024-04-10 03:00:00+00:00,0.9609,0.967,0.958,0.9638,13525209.43
2024-04-10 04:00:00+00:00,0.9638,0.9894,0.9584,0.9892,11320879.82
2024-04-10 05:00:00+00:00,0.9892,1.047,0.9861,1.018,39355846.34
2024-04-10 06:00:00+00:00,1.018,1.032,1.006,1.014,14144261.01
2024-04-10 07:00:00+00:00,1.014,1.022,1.003,1.005,9818067.14
2024-04-10 08:00:00+00:00,1.005,1.008,0.9829,0.9956,12775287.62
2024-04-10 09:00:00+00:00,0.9956,0.998,0.9795,0.99,12725005.49
2024-04-10 10:00:00+00:00,0.99,0.9933,0.9704,0.9765,10126785.78
2024-04-10 11:00:00+00:00,0.9765,0.9881,0.9731,0.983,4528652.58
2024-04-10 12:00:00+00:00,0.983,1.01,0.9619,0.997,29199977.69
2024-04-10 13:00:00+00:00,0.997,0.997,0.9625,0.9806,16152024.23
2024-04-10 14:00:00+00:00,0.9806,0.9978,0.9706,0.9877,11941345.1
2024-04-10 15:00:00+00:00,0.9877,0.9897,0.9593,0.9639,8154031.76
2024-04-10 16:00:00+00:00,0.9639,0.9924,0.9631,0.992,9295670.62
2024-04-10 17:00:00+00:00,0.992,1.01,0.9723,0.9725,10675229.82
2024-04-10 18:00:00+00:00,0.9725,0.9756,0.9615,0.9655,5993969.89
2024-04-10 19:00:00+00:00,0.9655,0.988,0.9616,0.9849,4648287.91
2024-04-10 20:00:00+00:00,0.9849,0.995,0.9748,0.9776,3551998.07
2024-04-10 21:00:00+00:00,0.9776,0.9781,0.9635,0.9747,3495289.42
2024-04-10 22:00:00+00:00,0.9747,1.001,0.9747,0.9862,5039769.54
2024-04-10 23:00:00+00:00,0.9862,0.9938,0.9834,0.9881,2854455.8
2024-04-11 00:00:00+00:00,0.9881,0.9967,0.9801,0.989,3479499.78
2024-04-11 01:00:00+00:00,0.989,0.9993,0.9746,0.9942,7618368.92
2024-04-11 02:00:00+00:00,0.9942,1.007,0.9811,0.9841,7147508.34
2024-04-11 03:00:00+00:00,0.9841,0.9841,0.9704,0.9738,3564570.94
2024-04-11 04:00:00+00:00,0.9738,0.9793,0.9685,0.9742,2914190.58
2024-04-11 05:00:00+00:00,0.9742,0.9881,0.9742,0.9821,2653105.37
2024-04-11 06:00:00+00:00,0.9821,0.9928,0.9712,0.9751,4240887.59
2024-04-11 07:00:00+00:00,0.9751,0.981,0.9688,0.9706,6483974.92
2024-04-11 08:00:00+00:00,0.9706,0.9822,0.9703,0.9752,4185236.09
2024-04-11 09:00:00+00:00,0.9752,0.9753,0.946,0.9473,14154559.55
2024-04-11 10:00:00+00:00,0.9473,0.9535,0.9448,0.9461,3248239.55
2024-04-11 11:00:00+00:00,0.9461,0.9543,0.9338,0.9372,8907452.93
2024-04-11 12:00:00+00:00,0.9372,0.9456,0.9258,0.9376,9152013.34
2024-04-11 13:00:00+00:00,0.9376,0.9411,0.9213,0.9294,8907742.58
2024-04-11 14:00:00+00:00,0.9294,0.9294,0.9124,0.9169,6567456.79
2024-04-11 15:00:00+00:00,0.9169,0.9219,0.9064,0.9115,6423749.58
2024-04-11 16:00:00+00:00,0.9115,0.9153,0.892,0.8988,12025354.7
2024-04-11 17:00:00+00:00,0.8988,0.9125,0.8961,0.9107,4533632.89
2024-04-11 18:00:00+00:00,0.9107,0.9153,0.9017,0.9036,2701753.23
2024-04-11 19:00:00+00:00,0.9036,0.9144,0.9018,0.9115,2640714.74
2024-04-11 20:00:00+00:00,0.9115,0.923,0.9107,0.915,4277819.43
2024-04-11 21:00:00+00:00,0.915,0.9186,0.907,0.9097,2642274.76
2024-04-11 22:00:00+00:00,0.9097,0.917,0.9083,0.9155,1266074.69
2024-04-11 23:00:00+00:00,0.9155,0.9193,0.9095,0.9168,2085190.97
2024-04-12 00:00:00+00:00,0.9168,0.9242,0.9133,0.9232,2167113.01
2024-04-12 01:00:00+00:00,0.9232,0.9265,0.917,0.9246,2670145.22
2024-04-12 02:00:00+00:00,0.9246,0.9357,0.9237,0.9338,2842948.67
2024-04-12 03:00:00+00:00,0.9338,0.9459,0.9315,0.9367,3259331.79
2024-04-12 04:00:00+00:00,0.9367,0.944,0.9294,0.9364,4492125.05
2024-04-12 05:00:00+00:00,0.9364,0.9388,0.9287,0.9321,3664733.98
2024-04-12 06:00:00+00:00,0.9321,0.9345,0.9227,0.9245,2211441.95
2024-04-12 07:00:00+00:00,0.9245,0.929,0.9198,0.9225,4319005.79
2024-04-12 08:00:00+00:00,0.9225,0.9271,0.9168,0.9188,3595975.41
2024-04-12 09:00:00+00:00,0.9188,0.9263,0.9172,0.9205,2017523.14
2024-04-12 10:00:00+00:00,0.9205,0.9207,0.9099,0.9136,3266810.27
2024-04-12 11:00:00+00:00,0.9136,0.9186,0.9091,0.9096,3537151.12
2024-04-12 12:00:00+00:00,0.9096,0.9096,0.89,0.8918,6856873.89
2024-04-12 13:00:00+00:00,0.8918,0.8918,0.8656,0.8708,11992634.63
2024-04-12 14:00:00+00:00,0.8708,0.8814,0.8648,0.8757,6404651.46
2024-04-12 15:00:00+00:00,0.8757,0.8802,0.87,0.873,4096567.94
2024-04-12 16:00:00+00:00,0.873,0.8778,0.8604,0.865,7191238.29
2024-04-12 17:00:00+00:00,0.865,0.8671,0.7934,0.8099,34104596.18
2024-04-12 18:00:00+00:00,0.8099,0.8187,0.6923,0.7374,57389671.8
2024-04-12 19:00:00+00:00,0.7374,0.769,0.7267,0.7511,50274749.27
2024-04-12 20:00:00+00:00,0.7511,0.7685,0.7475,0.7553,18882339.52
2024-04-12 21:00:00+00:00,0.7553,0.7559,0.7428,0.7462,17234975.05
2024-04-12 22:00:00+00:00,0.7462,0.7466,0.724,0.7353,14671992.46
2024-04-12 23:00:00+00:00,0.7353,0.7479,0.7284,0.7428,7718884.95
2024-04-13 00:00:00+00:00,0.7428,0.7477,0.7346,0.7399,8191983.46
2024-04-13 01:00:00+00:00,0.7399,0.7401,0.7101,0.7143,10635083.27
2024-04-13 02:00:00+00:00,0.7143,0.7309,0.7138,0.725,5914788.43
2024-04-13 03:00:00+00:00,0.725,0.7375,0.7194,0.7304,7366773.96
2024-04-13 04:00:00+00:00,0.7304,0.7491,0.7256,0.7417,13330741.33
2024-04-13 05:00:00+00:00,0.7417,0.7473,0.7346,0.7356,9236197.03
2024-04-13 06:00:00+00:00,0.7356,0.7416,0.7315,0.7335,8161061.0
2024-04-13 07:00:00+00:00,0.7335,0.7361,0.712,0.7152,18011807.76
2024-04-13 08:00:00+00:00,0.7152,0.7302,0.7117,0.7201,9037536.23
2024-04-13 09:00:00+00:00,0.7201,0.7262,0.7182,0.7198,6834232.75
2024-04-13 10:00:00+00:00,0.7198,0.7429,0.7175,0.7422,8517384.34
2024-04-13 11:00:00+00:00,0.7422,0.7458,0.7369,0.7408,7788831.15
2024-04-13 12:00:00+00:00,0.7408,0.7578,0.7399,0.7547,16903902.89
2024-04-13 13:00:00+00:00,0.7547,0.7556,0.7357,0.7365,10847820.92
2024-04-13 14:00:00+00:00,0.7365,0.7432,0.7332,0.7412,12849433.75
2024-04-13 15:00:00+00:00,0.7412,0.7538,0.7367,0.7389,11412233.57
2024-04-13 16:00:00+00:00,0.7389,0.7604,0.7286,0.7413,32674051.56
2024-04-13 17:00:00+00:00,0.7413,0.7451,0.7037,0.7288,39562308.31
2024-04-13 18:00:00+00:00,0.7288,0.739,0.7093,0.7383,21609695.94
2024-04-13 19:00:00+00:00,0.7383,0.7529,0.6427,0.6675,37181737.25
2024-04-13 20:00:00+00:00,0.6675,0.674,0.5769,0.5883,85657693.67
2024-04-13 21:00:00+00:00,0.5883,0.625,0.5616,0.6228,29559598.34
2024-04-13 22:00:00+00:00,0.6228,0.6739,0.6026,0.6641,47347931.06
2024-04-13 23:00:00+00:00,0.6641,0.6782,0.6611,0.6656,24103520.88
2024-04-14 00:00:00+00:00,0.6656,0.6759,0.6465,0.6587,20772700.58
2024-04-14 01:00:00+00:00,0.6587,0.6654,0.6452,0.6524,11578855.39
2024-04-14 02:00:00+00:00,0.6524,0.6586,0.6417,0.6489,9768407.23
2024-04-14 03:00:00+00:00,0.6489,0.6553,0.6298,0.6536,11160254.18
2024-04-14 04:00:00+00:00,0.6536,0.6949,0.6462,0.687,17156715.57
2024-04-14 05:00:00+00:00,0.687,0.6966,0.6786,0.6936,11508647.39
2024-04-14 06:00:00+00:00,0.6936,0.7078,0.6837,0.7042,11273654.56
2024-04-14 07:00:00+00:00,0.7042,0.7101,0.6962,0.708,8910673.87
2024-04-14 08:00:00+00:00,0.708,0.7125,0.6976,0.6992,7940819.48
2024-04-14 09:00:00+00:00,0.6992,0.708,0.6965,0.6999,8405264.68
2024-04-14 10:00:00+00:00,0.6999,0.7076,0.6968,0.6995,5840626.92
2024-04-14 11:00:00+00:00,0.6995,0.7016,0.6723,0.6752,14095916.79
2024-04-14 12:00:00+00:00,0.6752,0.6979,0.6744,0.6875,9811117.58
2024-04-14 13:00:00+00:00,0.6875,0.6924,0.6696,0.6708,8898515.67
2024-04-14 14:00:00+00:00,0.6708,0.6747,0.6527,0.6643,18996456.59
2024-04-14 15:00:00+00:00,0.6643,0.6761,0.6577,0.6619,9758690.34
2024-04-14 16:00:00+00:00,0.6619,0.6889,0.6588,0.672,12211540.32
2024-04-14 17:00:00+00:00,0.672,0.6821,0.6398,0.6579,26526109.29
2024-04-14 18:00:00+00:00,0.6579,0.6817,0.6546,0.6798,11134201.88
2024-04-14 19:00:00+00:00,0.6798,0.6837,0.6699,0.6726,5418046.81
2024-04-14 20:00:00+00:00,0.6726,0.6807,0.6567,0.6592,7855648.52
2024-04-14 21:00:00+00:00,0.6592,0.6627,0.6491,0.6559,5260805.35
2024-04-14 22:00:00+00:00,0.6559,0.7148,0.6559,0.7102,16378262.34
2024-04-14 23:00:00+00:00,0.7102,0.728,0.7054,0.7124,13359592.78
2024-04-15 00:00:00+00:00,0.7124,0.7125,0.6902,0.6929,10802356.47
2024-04-15 01:00:00+00:00,0.6929,0.6993,0.6848,0.696,7856742.75
2024-04-15 02:00:00+00:00,0.696,0.6964,0.6783,0.6789,6369531.81
2024-04-15 03:00:00+00:00,0.6789,0.6892,0.6768,0.6806,5075658.74
2024-04-15 04:00:00+00:00,0.6806,0.683,0.6688,0.6769,5087579.63
2024-04-15 05:00:00+00:00,0.6769,0.7083,0.6768,0.7038,8219635.93
2024-04-15 06:00:00+00:00,0.7038,0.7474,0.6969,0.7372,18416723.86
2024-04-15 07:00:00+00:00,0.7372,0.7447,0.729,0.7358,10902795.71
2024-04-15 08:00:00+00:00,0.7358,0.743,0.7264,0.7276,6648696.79
2024-04-15 09:00:00+00:00,0.7276,0.7375,0.7228,0.7301,7107399.75
2024-04-15 10:00:00+00:00,0.7301,0.7367,0.7273,0.7323,4836241.79
2024-04-15 11:00:00+00:00,0.7323,0.7373,0.7161,0.7167,6927860.44
2024-04-15 12:00:00+00:00,0.7167,0.7227,0.7106,0.7172,7660400.18
2024-04-15 13:00:00+00:00,0.7172,0.723,0.7036,0.7051,7544266.63
2024-04-15 14:00:00+00:00,0.7051,0.7121,0.6823,0.684,18583101.94
2024-04-15 15:00:00+00:00,0.684,0.689,0.6734,0.6825,15352995.8
2024-04-15 16:00:00+00:00,0.6825,0.6867,0.6597,0.6608,20846125.79
2024-04-15 17:00:00+00:00,0.6608,0.6743,0.6463,0.6553,25786367.55
2024-04-15 18:00:00+00:00,0.6553,0.6585,0.6297,0.6299,16383437.66
2024-04-15 19:00:00+00:00,0.6299,0.6529,0.6225,0.6505,16283092.39
2024-04-15 20:00:00+00:00,0.6505,0.6557,0.6352,0.6366,7495944.35
2024-04-15 21:00:00+00:00,0.6366,0.6512,0.6339,0.6509,9336034.86
2024-04-15 22:00:00+00:00,0.6509,0.6538,0.6417,0.6526,3312937.13
2024-04-15 23:00:00+00:00,0.6526,0.6526,0.6443,0.646,2227228.76
2024-04-16 00:00:00+00:00,0.646,0.6482,0.6322,0.6381,6412036.38
2024-04-16 01:00:00+00:00,0.6381,0.6569,0.6351,0.6451,3823706.21
2024-04-16 02:00:00+00:00,0.6451,0.6521,0.6412,0.6481,4455016.36
2024-04-16 03:00:00+00:00,0.6481,0.6515,0.6318,0.6376,4384966.5
2024-04-16 04:00:00+00:00,0.6376,0.6434,0.6243,0.631,11665488.57
2024-04-16 05:00:00+00:00,0.631,0.6548,0.628,0.6536,8268627.11
2024-04-16 06:00:00+00:00,0.6536,0.6807,0.6525,0.6737,15475583.79
2024-04-16 07:00:00+00:00,0.6737,0.6817,0.6702,0.6783,6672605.89
2024-04-16 08:00:00+00:00,0.6783,0.6843,0.6733,0.6784,7464764.45
2024-04-16 09:00:00+00:00,0.6784,0.6867,0.6727,0.6754,5987650.98
2024-04-16 10:00:00+00:00,0.6754,0.6782,0.6482,0.6715,18822093.79
2024-04-16 11:00:00+00:00,0.6715,0.6847,0.6656,0.6837,8418972.64
2024-04-16 12:00:00+00:00,0.6837,0.6837,0.663,0.6651,9322711.03
2024-04-16 13:00:00+00:00,0.6651,0.6675,0.6479,0.6642,13205903.88
2024-04-16 14:00:00+00:00,0.6642,0.6775,0.652,0.6534,8537041.78
2024-04-16 15:00:00+00:00,0.6534,0.6596,0.6428,0.6475,7485124.5
2024-04-16 16:00:00+00:00,0.6475,0.6765,0.6426,0.6752,10175641.43
2024-04-16 17:00:00+00:00,0.6752,0.6899,0.669,0.6783,12569375.81
2024-04-16 18:00:00+00:00,0.6783,0.6855,0.6688,0.6817,7356860.38
2024-04-16 19:00:00+00:00,0.6817,0.6839,0.667,0.6717,4993954.71
2024-04-16 20:00:00+00:00,0.6717,0.6816,0.6707,0.681,3411780.22
2024-04-16 21:00:00+00:00,0.681,0.6968,0.6789,0.6918,4994311.75
2024-04-16 22:00:00+00:00,0.6918,0.6934,0.6831,0.693,3324141.63
2024-04-16 23:00:00+00:00,0.693,0.6974,0.6884,0.696,4785642.56
2024-04-17 00:00:00+00:00,0.696,0.703,0.6856,0.6952,5619619.82
2024-04-17 01:00:00+00:00,0.6952,0.6952,0.6789,0.6882,4663040.23
2024-04-17 02:00:00+00:00,0.6882,0.6901,0.6735,0.6817,3202589.75
2024-04-17 03:00:00+00:00,0.6817,0.688,0.674,0.6785,2626230.69
2024-04-17 04:00:00+00:00,0.6785,0.6965,0.6732,0.6916,4121185.9
2024-04-17 05:00:00+00:00,0.6916,0.6916,0.6716,0.6725,5556209.49
2024-04-17 06:00:00+00:00,0.6725,0.68,0.6702,0.6764,3344179.23
2024-04-17 07:00:00+00:00,0.6764,0.6771,0.6658,0.6698,6666861.78
2024-04-17 08:00:00+00:00,0.6698,0.6756,0.663,0.6664,4192344.49
2024-04-17 09:00:00+00:00,0.6664,0.6738,0.6652,0.6685,3271242.7
2024-04-17 10:00:00+00:00,0.6685,0.6716,0.661,0.663,3737982.46
2024-04-17 11:00:00+00:00,0.663,0.6677,0.6593,0.6601,4818384.9
2024-04-17 12:00:00+00:00,0.6601,0.6634,0.6535,0.66,3825415.49
2024-04-17 13:00:00+00:00,0.66,0.686,0.66,0.6752,10083836.98
2024-04-17 14:00:00+00:00,0.6752,0.6799,0.6509,0.6746,12371321.39
2024-04-17 15:00:00+00:00,0.6746,0.6787,0.6567,0.6663,14939591.28
2024-04-17 16:00:00+00:00,0.6663,0.6815,0.6547,0.6579,16410753.42
2024-04-17 17:00:00+00:00,0.6579,0.6788,0.6528,0.6775,6906069.99
2024-04-17 18:00:00+00:00,0.6775,0.7148,0.6742,0.6987,17979153.19
2024-04-17 19:00:00+00:00,0.6987,0.7003,0.6835,0.6931,6507663.42
2024-04-17 20:00:00+00:00,0.6931,0.6978,0.6757,0.6784,4875916.16
2024-04-17 21:00:00+00:00,0.6784,0.6976,0.6784,0.6871,4368169.73
2024-04-17 22:00:00+00:00,0.6871,0.6882,0.6785,0.6829,4801560.53
2024-04-17 23:00:00+00:00,0.6829,0.6873,0.6726,0.6743,2736022.63
2024-04-18 00:00:00+00:00,0.6743,0.6789,0.6523,0.6733,6757624.47
2024-04-18 01:00:00+00:00,0.6733,0.6798,0.6665,0.6748,4740758.74
2024-04-18 02:00:00+00:00,0.6748,0.6776,0.6639,0.6711,2831118.16
2024-04-18 03:00:00+00:00,0.6711,0.6838,0.6709,0.6773,3375962.66
2024-04-18 04:00:00+00:00,0.6773,0.6794,0.6669,0.6676,2830411.3
2024-04-18 05:00:00+00:00,0.6676,0.6701,0.6579,0.6587,4438489.11
2024-04-18 06:00:00+00:00,0.6587,0.6608,0.6418,0.6468,8272525.05
2024-04-18 07:00:00+00:00,0.6468,0.6605,0.6439,0.6488,5625010.22
2024-04-18 08:00:00+00:00,0.6488,0.663,0.6421,0.6608,7507758.94
2024-04-18 09:00:00+00:00,0.6608,0.6662,0.6527,0.6589,4424185.09
2024-04-18 10:00:00+00:00,0.6589,0.6609,0.654,0.658,3637957.75
2024-04-18 11:00:00+00:00,0.658,0.6804,0.658,0.6703,7176622.56
2024-04-18 12:00:00+00:00,0.6703,0.674,0.6565,0.664,4658879.99
2024-04-18 13:00:00+00:00,0.664,0.673,0.6597,0.6712,4850630.04
2024-04-18 14:00:00+00:00,0.6712,0.7021,0.665,0.6893,14054478.68
2024-04-18 15:00:00+00:00,0.6893,0.6994,0.6843,0.6921,6157668.95
2024-04-18 16:00:00+00:00,0.6921,0.6991,0.6861,0.6878,4910678.09
2024-04-18 17:00:00+00:00,0.6878,0.6882,0.678,0.6793,4572391.23
2024-04-18 18:00:00+00:00,0.6793,0.6865,0.6746,0.685,4858680.02
2024-04-18 19:00:00+00:00,0.685,0.6935,0.6836,0.6904,4682868.17
2024-04-18 20:00:00+00:00,0.6904,0.6941,0.6871,0.6923,1936397.61
2024-04-18 21:00:00+00:00,0.6923,0.6946,0.6875,0.6887,2236922.64
2024-04-18 22:00:00+00:00,0.6887,0.691,0.6838,0.6868,3637039.59
2024-04-18 23:00:00+00:00,0.6868,0.6897,0.684,0.6861,1842552.63
2024-04-19 00:00:00+00:00,0.6861,0.6861,0.6731,0.6733,3792015.33
2024-04-19 01:00:00+00:00,0.6733,0.6736,0.6346,0.6376,17821166.83
2024-04-19 02:00:00+00:00,0.6376,0.6426,0.6164,0.6334,15271411.82
2024-04-19 03:00:00+00:00,0.6334,0.6598,0.6323,0.6546,12963127.46
2024-04-19 04:00:00+00:00,0.6546,0.6743,0.6532,0.6661,6658213.27
2024-04-19 05:00:00+00:00,0.6661,0.6745,0.6633,0.6673,5143929.83
2024-04-19 06:00:00+00:00,0.6673,0.7185,0.6636,0.715,18030405.44
2024-04-19 07:00:00+00:00,0.715,0.7182,0.6958,0.704,16525659.34
2024-04-19 08:00:00+00:00,0.704,0.7147,0.7018,0.7089,8161494.09
2024-04-19 09:00:00+00:00,0.7089,0.7178,0.7079,0.7174,6747064.48
2024-04-19 10:00:00+00:00,0.7174,0.7192,0.7039,0.7113,5024704.73
2024-04-19 11:00:00+00:00,0.7113,0.7159,0.7071,0.7088,2891371.9
2024-04-19 12:00:00+00:00,0.7088,0.7142,0.7046,0.7088,4363625.34
2024-04-19 13:00:00+00:00,0.7088,0.7168,0.7005,0.7083,8527838.82
2024-04-19 14:00:00+00:00,0.7083,0.713,0.6947,0.7066,6858008.49
2024-04-19 15:00:00+00:00,0.7066,0.7141,0.7057,0.7096,4305245.51
2024-04-19 16:00:00+00:00,0.7096,0.7108,0.6953,0.7035,5667497.89
2024-04-19 17:00:00+00:00,0.7035,0.7098,0.6993,0.7083,3017756.74
2024-04-19 18:00:00+00:00,0.7083,0.7087,0.6978,0.7008,3063752.68
2024-04-19 19:00:00+00:00,0.7008,0.7063,0.6996,0.7047,2211097.43
2024-04-19 20:00:00+00:00,0.7047,0.7049,0.6914,0.6955,4106926.15
2024-04-19 21:00:00+00:00,0.6955,0.7002,0.6955,0.6986,1582797.61
2024-04-19 22:00:00+00:00,0.6986,0.7049,0.6945,0.6946,4027443.89
2024-04-19 23:00:00+00:00,0.6946,0.6975,0.6786,0.6909,7103788.85
2024-04-20 00:00:00+00:00,0.6909,0.6964,0.6798,0.6808,4732102.87
2024-04-20 01:00:00+00:00,0.6808,0.6924,0.676,0.6902,3292546.32
2024-04-20 02:00:00+00:00,0.6902,0.6957,0.6877,0.6904,1938080.25
2024-04-20 03:00:00+00:00,0.6904,0.6916,0.6862,0.6916,1774841.6
2024-04-20 04:00:00+00:00,0.6916,0.7042,0.6893,0.702,2642682.11
2024-04-20 05:00:00+00:00,0.702,0.7145,0.6986,0.7084,3803256.31
2024-04-20 06:00:00+00:00,0.7084,0.7108,0.7024,0.707,4067579.96
2024-04-20 07:00:00+00:00,0.707,0.7175,0.7068,0.7124,3724819.06
2024-04-20 08:00:00+00:00,0.7124,0.7153,0.7046,0.7055,2432151.76
2024-04-20 09:00:00+00:00,0.7055,0.7065,0.6932,0.6985,3496167.71
2024-04-20 10:00:00+00:00,0.6985,0.7038,0.6962,0.6993,2416421.25
2024-04-20 11:00:00+00:00,0.6993,0.7049,0.6967,0.7002,2079592.4
2024-04-20 12:00:00+00:00,0.7002,0.708,0.6971,0.704,4003091.16
2024-04-20 13:00:00+00:00,0.704,0.7138,0.7039,0.7108,3668940.64
2024-04-20 14:00:00+00:00,0.7108,0.7172,0.7086,0.7121,2859982.89
2024-04-20 15:00:00+00:00,0.7121,0.7388,0.7091,0.7375,8000889.09
2024-04-20 16:00:00+00:00,0.7375,0.7433,0.7294,0.7332,6781907.94
2024-04-20 17:00:00+00:00,0.7332,0.7497,0.7332,0.7461,7490952.22
2024-04-20 18:00:00+00:00,0.7461,0.7475,0.7377,0.7393,4480535.87
2024-04-20 19:00:00+00:00,0.7393,0.7431,0.7363,0.7421,2313356.96
2024-04-20 20:00:00+00:00,0.7421,0.7479,0.7394,0.7475,3462579.19
2024-04-20 21:00:00+00:00,0.7475,0.75,0.7434,0.749,3007512.75
2024-04-20 22:00:00+00:00,0.749,0.7501,0.746,0.7485,2612934.99
2024-04-20 23:00:00+00:00,0.7485,0.7652,0.748,0.7623,4821981.21
2024-04-21 00:00:00+00:00,0.7623,0.7623,0.7458,0.7499,3183249.93
2024-04-21 01:00:00+00:00,0.7499,0.7698,0.7496,0.7655,5407490.28
2024-04-21 02:00:00+00:00,0.7655,0.7806,0.7649,0.7806,5466569.98
2024-04-21 03:00:00+00:00,0.7806,0.7899,0.7725,0.7748,5865079.75
2024-04-21 04:00:00+00:00,0.7748,0.7769,0.7647,0.7668,4290877.92
2024-04-21 05:00:00+00:00,0.7668,0.7719,0.7594,0.7624,3371441.32
2024-04-21 06:00:00+00:00,0.7624,0.7656,0.7574,0.7578,2298403.78
2024-04-21 07:00:00+00:00,0.7578,0.7587,0.7526,0.7541,2258145.62
2024-04-21 08:00:00+00:00,0.7541,0.7636,0.7516,0.7578,3817039.49
2024-04-21 09:00:00+00:00,0.7578,0.761,0.7546,0.7558,1820058.86
2024-04-21 10:00:00+00:00,0.7558,0.7586,0.7495,0.7573,3213583.63
2024-04-21 11:00:00+00:00,0.7573,0.765,0.7536,0.7617,3398852.01
2024-04-21 12:00:00+00:00,0.7617,0.7646,0.756,0.7592,2560017.48
2024-04-21 13:00:00+00:00,0.7592,0.7679,0.7517,0.7542,3791456.92
2024-04-21 14:00:00+00:00,0.7542,0.7612,0.7518,0.7578,3649027.43
2024-04-21 15:00:00+00:00,0.7578,0.7738,0.757,0.7609,4298147.22
2024-04-21 16:00:00+00:00,0.7609,0.7614,0.7378,0.7455,10592329.88
2024-04-21 17:00:00+00:00,0.7455,0.7517,0.7378,0.751,4360931.91
2024-04-21 18:00:00+00:00,0.751,0.753,0.7444,0.7481,2126241.11
2024-04-21 19:00:00+00:00,0.7481,0.7522,0.7424,0.7443,1598303.15
2024-04-21 20:00:00+00:00,0.7443,0.7497,0.7372,0.747,6047976.18
2024-04-21 21:00:00+00:00,0.747,0.7589,0.747,0.7478,2851525.78
2024-04-21 22:00:00+00:00,0.7478,0.7566,0.7468,0.7491,1864969.54
2024-04-21 23:00:00+00:00,0.7491,0.7501,0.7451,0.747,986330.03
2024-04-22 00:00:00+00:00,0.747,0.7586,0.7434,0.7472,2240372.35
2024-04-22 01:00:00+00:00,0.7472,0.7602,0.7413,0.7431,4494532.77
2024-04-22 02:00:00+00:00,0.7431,0.7509,0.7393,0.7472,3456901.15
2024-04-22 03:00:00+00:00,0.7472,0.7788,0.7467,0.7762,6055839.5
2024-04-22 04:00:00+00:00,0.7762,0.7863,0.7716,0.7809,5379049.28
2024-04-22 05:00:00+00:00,0.7809,0.7913,0.7802,0.7905,5114987.85
2024-04-22 06:00:00+00:00,0.7905,0.7922,0.7851,0.7853,4567875.36
2024-04-22 07:00:00+00:00,0.7853,0.7921,0.7799,0.7811,3743632.67
2024-04-22 08:00:00+00:00,0.7811,0.7822,0.7654,0.7683,5560508.82
2024-04-22 09:00:00+00:00,0.7683,0.7772,0.7661,0.7744,3151021.94
2024-04-22 10:00:00+00:00,0.7744,0.7768,0.7689,0.7709,2661116.2
2024-04-22 11:00:00+00:00,0.7709,0.7718,0.7641,0.7653,2363547.66
2024-04-22 12:00:00+00:00,0.7653,0.7692,0.7611,0.7653,3610769.04
2024-04-22 13:00:00+00:00,0.7653,0.7714,0.7568,0.765,3746370.74
2024-04-22 14:00:00+00:00,0.765,0.77,0.7604,0.7627,3001781.65
2024-04-22 15:00:00+00:00,0.7627,0.7677,0.7545,0.7658,3722490.66
2024-04-22 16:00:00+00:00,0.7658,0.7732,0.7616,0.7675,3547922.61
2024-04-22 17:00:00+00:00,0.7675,0.7809,0.7658,0.7734,4903288.2
2024-04-22 18:00:00+00:00,0.7734,0.7783,0.7643,0.766,5894929.49
2024-04-22 19:00:00+00:00,0.766,0.7665,0.7568,0.76,5487149.77
2024-04-22 20:00:00+00:00,0.76,0.7683,0.7576,0.7611,2652214.54
2024-04-22 21:00:00+00:00,0.7611,0.7616,0.7568,0.7597,1815470.61
2024-04-22 22:00:00+00:00,0.7597,0.768,0.7596,0.7672,2734761.1
2024-04-22 23:00:00+00:00,0.7672,0.7692,0.7578,0.7579,2292614.65
2024-04-23 00:00:00+00:00,0.7579,0.7683,0.7555,0.7681,2890481.16
2024-04-23 01:00:00+00:00,0.7681,0.7696,0.76,0.761,2484966.25
2024-04-23 02:00:00+00:00,0.761,0.7728,0.761,0.7642,3862563.92
2024-04-23 03:00:00+00:00,0.7642,0.7702,0.7582,0.7636,3795683.87
2024-04-23 04:00:00+00:00,0.7636,0.7726,0.7495,0.7555,5113700.62
2024-04-23 05:00:00+00:00,0.7555,0.7596,0.7495,0.752,5342921.26
2024-04-23 06:00:00+00:00,0.752,0.754,0.7398,0.7421,5136831.14
2024-04-23 07:00:00+00:00,0.7421,0.7436,0.7296,0.7343,8633685.84
2024-04-23 08:00:00+00:00,0.7343,0.7426,0.7311,0.7418,4661976.02
2024-04-23 09:00:00+00:00,0.7418,0.7458,0.7337,0.738,3508285.4
2024-04-23 10:00:00+00:00,0.738,0.7444,0.7378,0.7416,2360492.6
2024-04-23 11:00:00+00:00,0.7416,0.7422,0.7348,0.7384,1917584.87
2024-04-23 12:00:00+00:00,0.7384,0.7468,0.7357,0.7461,4712975.94
2024-04-23 13:00:00+00:00,0.7461,0.7572,0.7431,0.7569,4174481.42
2024-04-23 14:00:00+00:00,0.7569,0.771,0.7552,0.7667,7025014.39
2024-04-23 15:00:00+00:00,0.7667,0.7703,0.7513,0.7534,8248094.27
2024-04-23 16:00:00+00:00,0.7534,0.7596,0.7445,0.7459,5167661.16
2024-04-23 17:00:00+00:00,0.7459,0.7517,0.739,0.7463,3238646.52
2024-04-23 18:00:00+00:00,0.7463,0.7467,0.7369,0.7405,3086152.32
2024-04-23 19:00:00+00:00,0.7405,0.7436,0.7384,0.743,1902752.3
2024-04-23 20:00:00+00:00,0.743,0.7446,0.7335,0.7426,3002518.13
2024-04-23 21:00:00+00:00,0.7426,0.7426,0.7344,0.7372,1703669.39
2024-04-23 22:00:00+00:00,0.7372,0.739,0.7263,0.7309,3133719.81
2024-04-23 23:00:00+00:00,0.7309,0.731,0.7221,0.7289,5300230.1
2024-04-24 00:00:00+00:00,0.7289,0.7391,0.7266,0.7378,3005530.06
2024-04-24 01:00:00+00:00,0.7378,0.7488,0.7373,0.7427,2808373.28
2024-04-24 02:00:00+00:00,0.7427,0.7448,0.7363,0.7402,1738995.49
2024-04-24 03:00:00+00:00,0.7402,0.7483,0.7396,0.7482,2211542.83
2024-04-24 04:00:00+00:00,0.7482,0.7662,0.7473,0.7649,3890219.84
2024-04-24 05:00:00+00:00,0.7649,0.7682,0.7571,0.7583,4768258.94
2024-04-24 06:00:00+00:00,0.7583,0.7601,0.7494,0.7546,4750707.09
2024-04-24 07:00:00+00:00,0.7546,0.7564,0.7462,0.7501,4693284.18
2024-04-24 08:00:00+00:00,0.7501,0.755,0.7494,0.7507,2884428.99
2024-04-24 09:00:00+00:00,0.7507,0.7517,0.7421,0.7503,3199026.66
2024-04-24 10:00:00+00:00,0.7503,0.7559,0.7475,0.754,2575453.56
2024-04-24 11:00:00+00:00,0.754,0.7607,0.7517,0.7573,2290070.9
2024-04-24 12:00:00+00:00,0.7573,0.7628,0.7552,0.7574,2792060.24
2024-04-24 13:00:00+00:00,0.7574,0.7574,0.741,0.743,7295719.35
2024-04-24 14:00:00+00:00,0.743,0.7483,0.7184,0.7312,13914052.85
2024-04-24 15:00:00+00:00,0.7312,0.7421,0.7254,0.73,9287894.45
2024-04-24 16:00:00+00:00,0.73,0.7408,0.7269,0.739,9003294.38
2024-04-24 17:00:00+00:00,0.739,0.7442,0.7342,0.7372,5140020.01
2024-04-24 18:00:00+00:00,0.7372,0.7372,0.7161,0.7187,8405412.02
2024-04-24 19:00:00+00:00,0.7187,0.7276,0.7107,0.7222,5323553.12
2024-04-24 20:00:00+00:00,0.7222,0.7285,0.7157,0.7199,6833415.65
2024-04-24 21:00:00+00:00,0.7199,0.7299,0.716,0.727,5589896.88
2024-04-24 22:00:00+00:00,0.727,0.7287,0.714,0.7181,2840632.13
2024-04-24 23:00:00+00:00,0.7181,0.7286,0.7102,0.7268,5085251.47
2024-04-25 00:00:00+00:00,0.7268,0.7405,0.7249,0.7356,3147873.85
2024-04-25 01:00:00+00:00,0.7356,0.7427,0.7286,0.7286,2593283.69
2024-04-25 02:00:00+00:00,0.7286,0.7367,0.7214,0.7289,3778856.83
2024-04-25 03:00:00+00:00,0.7289,0.7323,0.7161,0.724,3252593.37
2024-04-25 04:00:00+00:00,0.724,0.7373,0.7093,0.73,5882412.78
2024-04-25 05:00:00+00:00,0.73,0.744,0.7274,0.737,4957273.61
2024-04-25 06:00:00+00:00,0.737,0.7399,0.7259,0.7266,2892905.79
2024-04-25 07:00:00+00:00,0.7266,0.7339,0.7211,0.7225,3096029.9
2024-04-25 08:00:00+00:00,0.7225,0.7296,0.7145,0.7198,5136768.82
2024-04-25 09:00:00+00:00,0.7198,0.7332,0.7178,0.7283,4773087.43
2024-04-25 10:00:00+00:00,0.7283,0.7303,0.7115,0.7169,8202420.33
2024-04-25 11:00:00+00:00,0.7169,0.74,0.7134,0.738,6681998.09
2024-04-25 12:00:00+00:00,0.738,0.7492,0.722,0.7223,9401813.03
2024-04-25 13:00:00+00:00,0.7223,0.7354,0.7147,0.7325,8703483.64
2024-04-25 14:00:00+00:00,0.7325,0.7515,0.7313,0.7429,9626821.67
2024-04-25 15:00:00+00:00,0.7429,0.752,0.7366,0.7518,6356647.31
2024-04-25 16:00:00+00:00,0.7518,0.7629,0.7459,0.7602,12554687.16
2024-04-25 17:00:00+00:00,0.7602,0.7663,0.7559,0.7623,5699213.06
2024-04-25 18:00:00+00:00,0.7623,0.77,0.7569,0.7691,6086019.5
2024-04-25 19:00:00+00:00,0.7691,0.7693,0.7569,0.7651,7431309.27
2024-04-25 20:00:00+00:00,0.7651,0.784,0.7634,0.7819,15720150.61
2024-04-25 21:00:00+00:00,0.7819,0.7895,0.775,0.7755,8624411.08
2024-04-25 22:00:00+00:00,0.7755,0.7755,0.7515,0.7525,8706020.53
2024-04-25 23:00:00+00:00,0.7525,0.7588,0.752,0.7565,4577581.4
2024-04-26 00:00:00+00:00,0.7565,0.7622,0.7455,0.7508,7167271.74
2024-04-26 01:00:00+00:00,0.7508,0.7796,0.746,0.769,12587876.13
2024-04-26 02:00:00+00:00,0.769,0.7776,0.7628,0.7689,4774733.03
2024-04-26 03:00:00+00:00,0.7689,0.771,0.7551,0.7594,3020952.89
2024-04-26 04:00:00+00:00,0.7594,0.7636,0.7517,0.7559,3456596.13
2024-04-26 05:00:00+00:00,0.7559,0.7608,0.7496,0.7535,2903250.71
2024-04-26 06:00:00+00:00,0.7535,0.7568,0.7478,0.7487,2763723.12
2024-04-26 07:00:00+00:00,0.7487,0.7505,0.7368,0.7382,5574578.41
2024-04-26 08:00:00+00:00,0.7382,0.7435,0.7356,0.7415,3704204.35
2024-04-26 09:00:00+00:00,0.7415,0.7514,0.7399,0.7468,3906016.62
2024-04-26 10:00:00+00:00,0.7468,0.747,0.7336,0.7379,5267398.53
2024-04-26 11:00:00+00:00,0.7379,0.7407,0.7345,0.7361,6628145.04
2024-04-26 12:00:00+00:00,0.7361,0.7413,0.7294,0.7328,4619788.9
2024-04-26 13:00:00+00:00,0.7328,0.7461,0.7234,0.744,6318189.48
2024-04-26 14:00:00+00:00,0.744,0.7569,0.7323,0.7337,8506286.23
2024-04-26 15:00:00+00:00,0.7337,0.7372,0.7267,0.7313,3846371.98
2024-04-26 16:00:00+00:00,0.7313,0.7344,0.7265,0.7324,3881587.66
2024-04-26 17:00:00+00:00,0.7324,0.7351,0.7268,0.7295,5551507.79
2024-04-26 18:00:00+00:00,0.7295,0.7328,0.7253,0.7268,6316896.97
2024-04-26 19:00:00+00:00,0.7268,0.729,0.7225,0.723,2312157.76
2024-04-26 20:00:00+00:00,0.723,0.7292,0.7221,0.7253,2547211.16
2024-04-26 21:00:00+00:00,0.7253,0.7308,0.7249,0.73,1860595.77
2024-04-26 22:00:00+00:00,0.73,0.7303,0.7176,0.7203,3254641.63
2024-04-26 23:00:00+00:00,0.7203,0.724,0.7185,0.7199,1805136.73
2024-04-27 00:00:00+00:00,0.7199,0.7257,0.711,0.72,4708230.44
2024-04-27 01:00:00+00:00,0.72,0.7203,0.6952,0.7003,12497914.05
2024-04-27 02:00:00+00:00,0.7003,0.7105,0.6968,0.7021,3992851.8
2024-04-27 03:00:00+00:00,0.7021,0.7064,0.6988,0.7018,2123840.25
2024-04-27 04:00:00+00:00,0.7018,0.7101,0.7007,0.7099,2057509.7
2024-04-27 05:00:00+00:00,0.7099,0.7104,0.7014,0.7031,2146584.01
2024-04-27 06:00:00+00:00,0.7031,0.7051,0.6953,0.6975,2840937.55
2024-04-27 07:00:00+00:00,0.6975,0.703,0.6954,0.6961,2335471.56
2024-04-27 08:00:00+00:00,0.6961,0.6969,0.6908,0.6946,2665241.41
2024-04-27 09:00:00+00:00,0.6946,0.6997,0.6931,0.6945,1920326.58
2024-04-27 10:00:00+00:00,0.6945,0.6945,0.6805,0.6818,4770327.35
2024-04-27 11:00:00+00:00,0.6818,0.6841,0.6743,0.6798,6952081.43
2024-04-27 12:00:00+00:00,0.6798,0.6885,0.6781,0.6847,5511364.24
2024-04-27 13:00:00+00:00,0.6847,0.6973,0.6838,0.6964,3831924.12
2024-04-27 14:00:00+00:00,0.6964,0.7002,0.6917,0.6937,4012824.52
2024-04-27 15:00:00+00:00,0.6937,0.6972,0.6925,0.6966,1832454.68
2024-04-27 16:00:00+00:00,0.6966,0.7021,0.6947,0.6982,5402523.63
2024-04-27 17:00:00+00:00,0.6982,0.7189,0.6957,0.718,5435537.42
2024-04-27 18:00:00+00:00,0.718,0.7265,0.7116,0.7238,9892627.05
2024-04-27 19:00:00+00:00,0.7238,0.7272,0.7174,0.7266,2288852.8
2024-04-27 20:00:00+00:00,0.7266,0.7344,0.7234,0.7263,6326698.23
2024-04-27 21:00:00+00:00,0.7263,0.7301,0.7189,0.7189,2613926.59
2024-04-27 22:00:00+00:00,0.7189,0.7208,0.713,0.7144,3178048.99
2024-04-27 23:00:00+00:00,0.7144,0.7212,0.7144,0.7161,1918844.79
2024-04-28 00:00:00+00:00,0.7161,0.7243,0.7156,0.7235,1448348.75
2024-04-28 01:00:00+00:00,0.7235,0.7302,0.7199,0.7293,2135981.54
2024-04-28 02:00:00+00:00,0.7293,0.7328,0.7254,0.7289,3354207.04
2024-04-28 03:00:00+00:00,0.7289,0.7311,0.7223,0.7229,2566019.55
2024-04-28 04:00:00+00:00,0.7229,0.7241,0.7181,0.7197,1423160.07
2024-04-28 05:00:00+00:00,0.7197,0.7241,0.7172,0.7204,1748246.2
2024-04-28 06:00:00+00:00,0.7204,0.7239,0.7191,0.7224,2103624.45
2024-04-28 07:00:00+00:00,0.7224,0.727,0.721,0.7236,1431623.22
2024-04-28 08:00:00+00:00,0.7236,0.7249,0.7149,0.7203,3022309.89
2024-04-28 09:00:00+00:00,0.7203,0.7207,0.7138,0.7169,1603042.5
2024-04-28 10:00:00+00:00,0.7169,0.7181,0.7098,0.7169,2783457.78
2024-04-28 11:00:00+00:00,0.7169,0.7227,0.7137,0.7149,2854483.64
2024-04-28 12:00:00+00:00,0.7149,0.7197,0.7126,0.7154,2053351.69
2024-04-28 13:00:00+00:00,0.7154,0.7244,0.714,0.721,2172848.91
2024-04-28 14:00:00+00:00,0.721,0.7214,0.7153,0.7166,1745647.86
2024-04-28 15:00:00+00:00,0.7166,0.7176,0.7128,0.7157,1166298.99
2024-04-28 16:00:00+00:00,0.7157,0.7218,0.7153,0.7189,1600954.7
2024-04-28 17:00:00+00:00,0.7189,0.7236,0.7181,0.7216,1578802.94
2024-04-28 18:00:00+00:00,0.7216,0.7257,0.7179,0.7231,1864588.22
2024-04-28 19:00:00+00:00,0.7231,0.7231,0.7188,0.7192,889434.14
2024-04-28 20:00:00+00:00,0.7192,0.7197,0.7157,0.7177,996877.3
2024-04-28 21:00:00+00:00,0.7177,0.7191,0.716,0.7183,670337.51
2024-04-28 22:00:00+00:00,0.7183,0.7207,0.7081,0.7109,4103891.48
2024-04-28 23:00:00+00:00,0.7109,0.7127,0.7047,0.7089,2728058.32
2024-04-29 00:00:00+00:00,0.7089,0.7259,0.7078,0.7245,3689710.67
2024-04-29 01:00:00+00:00,0.7245,0.726,0.7174,0.7248,2731647.37
2024-04-29 02:00:00+00:00,0.7248,0.7255,0.7035,0.7087,3891285.44
2024-04-29 03:00:00+00:00,0.7087,0.7164,0.7032,0.7104,6363964.55
2024-04-29 04:00:00+00:00,0.7104,0.7259,0.7081,0.7218,5417091.95
2024-04-29 05:00:00+00:00,0.7218,0.7266,0.718,0.7185,4014883.69
2024-04-29 06:00:00+00:00,0.7185,0.7185,0.698,0.7069,8143641.89
2024-04-29 07:00:00+00:00,0.7069,0.7168,0.7052,0.7078,4264168.29
2024-04-29 08:00:00+00:00,0.7078,0.709,0.7012,0.7069,2157077.93
2024-04-29 09:00:00+00:00,0.7069,0.7163,0.7011,0.7136,2894059.58
2024-04-29 10:00:00+00:00,0.7136,0.7167,0.706,0.7071,2246718.24
2024-04-29 11:00:00+00:00,0.7071,0.7082,0.7006,0.7028,2027331.37
2024-04-29 12:00:00+00:00,0.7028,0.7152,0.7008,0.7149,5301323.02
2024-04-29 13:00:00+00:00,0.7149,0.7199,0.703,0.7062,4237584.9
2024-04-29 14:00:00+00:00,0.7062,0.7188,0.7025,0.7152,4632247.03
2024-04-29 15:00:00+00:00,0.7152,0.7188,0.7104,0.7187,3617446.61
2024-04-29 16:00:00+00:00,0.7187,0.7211,0.7055,0.7095,4191081.84
2024-04-29 17:00:00+00:00,0.7095,0.7169,0.7062,0.7147,2976868.18
2024-04-29 18:00:00+00:00,0.7147,0.717,0.7088,0.7123,2055690.92
2024-04-29 19:00:00+00:00,0.7123,0.7123,0.7048,0.7117,2641376.62
2024-04-29 20:00:00+00:00,0.7117,0.7171,0.7058,0.7078,3375077.37
2024-04-29 21:00:00+00:00,0.7078,0.7083,0.7008,0.7075,3450132.16
2024-04-29 22:00:00+00:00,0.7075,0.7251,0.7072,0.7217,5391414.26
2024-04-29 23:00:00+00:00,0.7217,0.7237,0.7148,0.7159,4518553.66
2024-04-30 00:00:00+00:00,0.7159,0.726,0.7119,0.7238,6964328.63
2024-04-30 01:00:00+00:00,0.7238,0.7259,0.7109,0.711,3650373.49
2024-04-30 02:00:00+00:00,0.711,0.7153,0.7037,0.7121,3561675.86
2024-04-30 03:00:00+00:00,0.7121,0.7146,0.7089,0.7104,1072437.51
2024-04-30 04:00:00+00:00,0.7104,0.7118,0.7069,0.7078,2038599.98
2024-04-30 05:00:00+00:00,0.7078,0.7115,0.7036,0.7063,1884347.43
2024-04-30 06:00:00+00:00,0.7063,0.711,0.7046,0.711,1384615.37
2024-04-30 07:00:00+00:00,0.711,0.7121,0.7044,0.7048,1246269.27
2024-04-30 08:00:00+00:00,0.7048,0.7062,0.6771,0.6804,8937316.68
2024-04-30 09:00:00+00:00,0.6804,0.6857,0.6773,0.6781,5154545.23
2024-04-30 10:00:00+00:00,0.6781,0.6823,0.6697,0.675,4397895.23
2024-04-30 11:00:00+00:00,0.675,0.675,0.6616,0.6643,5361416.99
2024-04-30 12:00:00+00:00,0.6643,0.6678,0.6533,0.6654,9172063.92
2024-04-30 13:00:00+00:00,0.6654,0.6655,0.653,0.6561,6537892.87
2024-04-30 14:00:00+00:00,0.6561,0.661,0.6524,0.6557,7108274.0
2024-04-30 15:00:00+00:00,0.6557,0.6592,0.6457,0.6502,8955450.99
2024-04-30 16:00:00+00:00,0.6502,0.6503,0.6369,0.6457,10230904.5
2024-04-30 17:00:00+00:00,0.6457,0.6488,0.6421,0.6449,3461560.89
2024-04-30 18:00:00+00:00,0.6449,0.6462,0.6423,0.6455,2232065.19
2024-04-30 19:00:00+00:00,0.6455,0.6481,0.6353,0.6368,8691908.03
2024-04-30 20:00:00+00:00,0.6368,0.6499,0.6368,0.6475,4609742.2
2024-04-30 21:00:00+00:00,0.6475,0.6507,0.6442,0.6456,2585199.31
2024-04-30 22:00:00+00:00,0.6456,0.6552,0.6444,0.6475,4845807.67
2024-04-30 23:00:00+00:00,0.6475,0.6491,0.6418,0.6447,4817284.17
2024-05-01 00:00:00+00:00,0.6447,0.6463,0.64,0.6451,13911622.63
2024-05-01 01:00:00+00:00,0.6451,0.6539,0.642,0.6513,7597991.37
2024-05-01 02:00:00+00:00,0.6513,0.6579,0.6485,0.6567,3491561.93
2024-05-01 03:00:00+00:00,0.6567,0.6675,0.6555,0.6671,2941432.76
2024-05-01 04:00:00+00:00,0.6671,0.6681,0.6614,0.6617,2429345.03
2024-05-01 05:00:00+00:00,0.6617,0.6658,0.6548,0.6554,3136822.62
2024-05-01 06:00:00+00:00,0.6554,0.6566,0.6505,0.6505,2549755.17
2024-05-01 07:00:00+00:00,0.6505,0.6522,0.628,0.6331,17924853.33
2024-05-01 08:00:00+00:00,0.6331,0.6337,0.6126,0.6252,11131934.88
2024-05-01 09:00:00+00:00,0.6252,0.6357,0.6211,0.6212,5083425.86
2024-05-01 10:00:00+00:00,0.6212,0.6306,0.6196,0.6302,5720093.06
2024-05-01 11:00:00+00:00,0.6302,0.6396,0.628,0.6393,3868483.59
2024-05-01 12:00:00+00:00,0.6393,0.6548,0.6365,0.6506,7045913.69
2024-05-01 13:00:00+00:00,0.6506,0.6552,0.6459,0.6476,7466968.18
2024-05-01 14:00:00+00:00,0.6476,0.6508,0.6404,0.6496,3365107.83
2024-05-01 15:00:00+00:00,0.6496,0.6497,0.6368,0.6391,3581817.34
2024-05-01 16:00:00+00:00,0.6391,0.6436,0.6305,0.632,5000817.05
2024-05-01 17:00:00+00:00,0.632,0.6478,0.6301,0.6443,6307991.68
2024-05-01 18:00:00+00:00,0.6443,0.6913,0.6442,0.6808,20057858.98
2024-05-01 19:00:00+00:00,0.6808,0.6846,0.6509,0.6561,11353037.77
2024-05-01 20:00:00+00:00,0.6561,0.6623,0.65,0.6565,4257624.27
2024-05-01 21:00:00+00:00,0.6565,0.6665,0.6548,0.6612,3754245.56
2024-05-01 22:00:00+00:00,0.6612,0.6675,0.6608,0.6666,2740044.54
2024-05-01 23:00:00+00:00,0.6666,0.6758,0.6646,0.6732,3219133.62
2024-05-02 00:00:00+00:00,0.6732,0.6758,0.6609,0.662,3357071.85
2024-05-02 01:00:00+00:00,0.662,0.6701,0.6566,0.6663,4770803.52
2024-05-02 02:00:00+00:00,0.6663,0.6676,0.6592,0.6663,2620295.22
2024-05-02 03:00:00+00:00,0.6663,0.6756,0.6654,0.6708,2331761.79
2024-05-02 04:00:00+00:00,0.6708,0.6714,0.6635,0.6647,3487778.79
2024-05-02 05:00:00+00:00,0.6647,0.666,0.6586,0.6641,1542984.81
2024-05-02 06:00:00+00:00,0.6641,0.6654,0.658,0.66,1994370.97
2024-05-02 07:00:00+00:00,0.66,0.6729,0.6599,0.6647,2510971.38
2024-05-02 08:00:00+00:00,0.6647,0.6723,0.6634,0.6713,2401873.18
2024-05-02 09:00:00+00:00,0.6713,0.6783,0.6703,0.6779,3749258.29
2024-05-02 10:00:00+00:00,0.6779,0.682,0.6719,0.6796,4441034.1
2024-05-02 11:00:00+00:00,0.6796,0.6866,0.6792,0.6837,4834140.67
2024-05-02 12:00:00+00:00,0.6837,0.6852,0.676,0.6762,4881559.91
2024-05-02 13:00:00+00:00,0.6762,0.6773,0.6661,0.6679,5155153.75
2024-05-02 14:00:00+00:00,0.6679,0.6785,0.6642,0.6761,4535130.84
2024-05-02 15:00:00+00:00,0.6761,0.6805,0.6711,0.6715,3101607.99
2024-05-02 16:00:00+00:00,0.6715,0.6724,0.6676,0.6696,2463324.13
2024-05-02 17:00:00+00:00,0.6696,0.6782,0.6687,0.6774,3723440.32
2024-05-02 18:00:00+00:00,0.6774,0.6802,0.6703,0.6743,4549724.54
2024-05-02 19:00:00+00:00,0.6743,0.6779,0.6727,0.6779,2793658.0
2024-05-02 20:00:00+00:00,0.6779,0.6785,0.6675,0.6713,2751776.85
2024-05-02 21:00:00+00:00,0.6713,0.6814,0.671,0.6781,2949292.36
2024-05-02 22:00:00+00:00,0.6781,0.6839,0.6775,0.6811,2176731.63
2024-05-02 23:00:00+00:00,0.6811,0.6826,0.6765,0.6766,1094002.67
2024-05-03 00:00:00+00:00,0.6766,0.679,0.6739,0.6758,998470.21
2024-05-03 01:00:00+00:00,0.6758,0.6865,0.6755,0.6814,2369017.25
2024-05-03 02:00:00+00:00,0.6814,0.6871,0.6764,0.6775,2037244.52
2024-05-03 03:00:00+00:00,0.6775,0.682,0.6771,0.6787,1245037.43
2024-05-03 04:00:00+00:00,0.6787,0.6812,0.676,0.6774,1160156.91
2024-05-03 05:00:00+00:00,0.6774,0.6813,0.6752,0.6758,1628216.41
2024-05-03 06:00:00+00:00,0.6758,0.6767,0.6685,0.6689,2203222.17
2024-05-03 07:00:00+00:00,0.6689,0.6726,0.6644,0.666,1556998.67
2024-05-03 08:00:00+00:00,0.666,0.6718,0.6656,0.6695,1612495.96
2024-05-03 09:00:00+00:00,0.6695,0.6781,0.6693,0.6745,1430631.82
2024-05-03 10:00:00+00:00,0.6745,0.6747,0.6619,0.6651,4636871.73
2024-05-03 11:00:00+00:00,0.6651,0.6674,0.6626,0.665,2642522.37
2024-05-03 12:00:00+00:00,0.665,0.6877,0.6632,0.6839,9150050.23
2024-05-03 13:00:00+00:00,0.6839,0.6964,0.6828,0.692,7499003.19
2024-05-03 14:00:00+00:00,0.692,0.6955,0.6874,0.6927,4436438.9
2024-05-03 15:00:00+00:00,0.6927,0.6959,0.6885,0.6946,2736232.79
2024-05-03 16:00:00+00:00,0.6946,0.7054,0.6942,0.6967,7891129.99
2024-05-03 17:00:00+00:00,0.6967,0.699,0.694,0.6967,3218270.58
2024-05-03 18:00:00+00:00,0.6967,0.6976,0.6931,0.6949,1300474.65
2024-05-03 19:00:00+00:00,0.6949,0.6949,0.6888,0.691,2406900.74
2024-05-03 20:00:00+00:00,0.691,0.707,0.6894,0.7008,7294604.68
2024-05-03 21:00:00+00:00,0.7008,0.7028,0.6957,0.6987,3056503.63
2024-05-03 22:00:00+00:00,0.6987,0.7044,0.6976,0.7017,4541018.26
2024-05-03 23:00:00+00:00,0.7017,0.7066,0.7007,0.7011,2597202.45
2024-05-04 00:00:00+00:00,0.7011,0.7098,0.7007,0.7045,1988779.0
2024-05-04 01:00:00+00:00,0.7045,0.7073,0.6987,0.6987,4763677.06
2024-05-04 02:00:00+00:00,0.6987,0.6997,0.6938,0.6967,1880089.34
2024-05-04 03:00:00+00:00,0.6967,0.6986,0.6956,0.6984,1353994.6
2024-05-04 04:00:00+00:00,0.6984,0.7027,0.6964,0.7011,1398727.58
2024-05-04 05:00:00+00:00,0.7011,0.7018,0.6969,0.7017,1623465.56
2024-05-04 06:00:00+00:00,0.7017,0.7018,0.6968,0.6973,1072927.01
2024-05-04 07:00:00+00:00,0.6973,0.6986,0.6942,0.6945,1202261.29
2024-05-04 08:00:00+00:00,0.6945,0.6992,0.6943,0.6984,667349.77
2024-05-04 09:00:00+00:00,0.6984,0.7004,0.6959,0.6978,770573.74
2024-05-04 10:00:00+00:00,0.6978,0.7135,0.6958,0.7133,2884003.61
2024-05-04 11:00:00+00:00,0.7133,0.7147,0.6968,0.6998,5900275.76
2024-05-04 12:00:00+00:00,0.6998,0.706,0.6982,0.7055,2237238.29
2024-05-04 13:00:00+00:00,0.7055,0.7067,0.6953,0.6992,2638851.8
2024-05-04 14:00:00+00:00,0.6992,0.7005,0.6953,0.6983,1807004.47
2024-05-04 15:00:00+00:00,0.6983,0.6988,0.6913,0.6928,3327153.54
2024-05-04 16:00:00+00:00,0.6928,0.696,0.6891,0.6958,2232081.93
2024-05-04 17:00:00+00:00,0.6958,0.6958,0.6893,0.6927,2076474.42
2024-05-04 18:00:00+00:00,0.6927,0.6978,0.6921,0.695,1397684.42
2024-05-04 19:00:00+00:00,0.695,0.6986,0.6935,0.6985,841500.77
2024-05-04 20:00:00+00:00,0.6985,0.7016,0.6975,0.698,1810679.0
2024-05-04 21:00:00+00:00,0.698,0.6992,0.6912,0.6955,1516715.23
2024-05-04 22:00:00+00:00,0.6955,0.6969,0.6918,0.6931,728882.86
2024-05-04 23:00:00+00:00,0.6931,0.6945,0.6922,0.6929,461964.59
2024-05-05 00:00:00+00:00,0.6929,0.6945,0.6822,0.6894,4261657.46
2024-05-05 01:00:00+00:00,0.6894,0.6908,0.6757,0.682,3816891.3
2024-05-05 02:00:00+00:00,0.682,0.684,0.6764,0.6772,1329029.04
2024-05-05 03:00:00+00:00,0.6772,0.6795,0.6756,0.6791,953310.78
2024-05-05 04:00:00+00:00,0.6791,0.6803,0.6776,0.6783,787265.67
2024-05-05 05:00:00+00:00,0.6783,0.6814,0.6765,0.6767,2101342.46
2024-05-05 06:00:00+00:00,0.6767,0.6816,0.6756,0.6792,2364061.24
2024-05-05 07:00:00+00:00,0.6792,0.688,0.6788,0.684,1532180.81
2024-05-05 08:00:00+00:00,0.684,0.7005,0.6836,0.6969,3561268.74
2024-05-05 09:00:00+00:00,0.6969,0.6986,0.6892,0.6924,1620685.86
2024-05-05 10:00:00+00:00,0.6924,0.6933,0.6879,0.6896,1306610.39
2024-05-05 11:00:00+00:00,0.6896,0.6913,0.6881,0.6907,2896850.5
2024-05-05 12:00:00+00:00,0.6907,0.6913,0.6861,0.6864,1330243.91
2024-05-05 13:00:00+00:00,0.6864,0.694,0.6837,0.6925,2707655.56
2024-05-05 14:00:00+00:00,0.6925,0.7031,0.6865,0.7011,5318419.0
2024-05-05 15:00:00+00:00,0.7011,0.7067,0.6963,0.7065,4594439.27
2024-05-05 16:00:00+00:00,0.7065,0.7162,0.7064,0.7088,6596225.07
2024-05-05 17:00:00+00:00,0.7088,0.7256,0.7064,0.7157,8383902.4
2024-05-05 18:00:00+00:00,0.7157,0.7188,0.7087,0.7111,3092330.93
2024-05-05 19:00:00+00:00,0.7111,0.7139,0.71,0.7118,1411468.18
2024-05-05 20:00:00+00:00,0.7118,0.7145,0.7079,0.7084,2030797.99
2024-05-05 21:00:00+00:00,0.7084,0.7092,0.7039,0.7092,1516686.74
2024-05-05 22:00:00+00:00,0.7092,0.7107,0.7062,0.7094,1326078.77
2024-05-05 23:00:00+00:00,0.7094,0.713,0.7088,0.712,1599472.0
2024-05-06 00:00:00+00:00,0.712,0.7244,0.7118,0.7195,3035780.31
2024-05-06 01:00:00+00:00,0.7195,0.7221,0.7142,0.7144,2356192.26
2024-05-06 02:00:00+00:00,0.7144,0.7212,0.7101,0.7101,1547942.57
2024-05-06 03:00:00+00:00,0.7101,0.7117,0.7061,0.7087,2522352.24
2024-05-06 04:00:00+00:00,0.7087,0.7153,0.7062,0.7135,1480513.62
2024-05-06 05:00:00+00:00,0.7135,0.7185,0.7092,0.7168,2184153.04
2024-05-06 06:00:00+00:00,0.7168,0.7228,0.7157,0.7215,3900049.74
2024-05-06 07:00:00+00:00,0.7215,0.7264,0.7203,0.7261,2896162.56
2024-05-06 08:00:00+00:00,0.7261,0.7495,0.7254,0.7458,12926719.49
2024-05-06 09:00:00+00:00,0.7458,0.7492,0.7425,0.7442,5479809.17
2024-05-06 10:00:00+00:00,0.7442,0.7472,0.7224,0.7275,9583013.95
2024-05-06 11:00:00+00:00,0.7275,0.7326,0.7241,0.7287,5776273.61
2024-05-06 12:00:00+00:00,0.7287,0.732,0.7061,0.7135,9936556.64
2024-05-06 13:00:00+00:00,0.7135,0.7212,0.7094,0.718,4649894.92
2024-05-06 14:00:00+00:00,0.718,0.7217,0.7029,0.704,6645670.46
2024-05-06 15:00:00+00:00,0.704,0.7182,0.6992,0.7151,8022197.87
2024-05-06 16:00:00+00:00,0.7151,0.7166,0.7039,0.7057,5063933.46
2024-05-06 17:00:00+00:00,0.7057,0.712,0.7006,0.7048,3771972.96
2024-05-06 18:00:00+00:00,0.7048,0.7106,0.7008,0.7059,5168075.64
2024-05-06 19:00:00+00:00,0.7059,0.706,0.6954,0.7024,5614007.79
2024-05-06 20:00:00+00:00,0.7024,0.7057,0.7007,0.7046,2766222.74
2024-05-06 21:00:00+00:00,0.7046,0.7077,0.7034,0.7064,1284646.63
2024-05-06 22:00:00+00:00,0.7064,0.7064,0.7005,0.7018,749876.64
2024-05-06 23:00:00+00:00,0.7018,0.7018,0.6955,0.6962,1279930.15
2024-05-07 00:00:00+00:00,0.6962,0.7028,0.6928,0.6994,6087220.16
2024-05-07 01:00:00+00:00,0.6994,0.7052,0.6977,0.7051,2642250.27
2024-05-07 02:00:00+00:00,0.7051,0.7055,0.6971,0.6973,3654158.04
2024-05-07 03:00:00+00:00,0.6973,0.6986,0.6816,0.6859,6572370.91
2024-05-07 04:00:00+00:00,0.6859,0.6992,0.6848,0.6927,11713105.59
2024-05-07 05:00:00+00:00,0.6927,0.6937,0.6863,0.6906,2502708.75
2024-05-07 06:00:00+00:00,0.6906,0.6915,0.6853,0.6886,1536856.28
2024-05-07 07:00:00+00:00,0.6886,0.6929,0.6881,0.6911,1408717.36
2024-05-07 08:00:00+00:00,0.6911,0.7052,0.6901,0.7045,3059752.27
2024-05-07 09:00:00+00:00,0.7045,0.711,0.7036,0.7069,3092949.3
2024-05-07 10:00:00+00:00,0.7069,0.7098,0.7018,0.7067,3160593.28
2024-05-07 11:00:00+00:00,0.7067,0.7091,0.696,0.6975,2865817.54
2024-05-07 12:00:00+00:00,0.6975,0.7072,0.6975,0.7044,1958027.45
2024-05-07 13:00:00+00:00,0.7044,0.7064,0.6939,0.697,2434940.1
2024-05-07 14:00:00+00:00,0.697,0.7085,0.693,0.7083,3180431.44
2024-05-07 15:00:00+00:00,0.7083,0.712,0.7031,0.7033,3465435.41
2024-05-07 16:00:00+00:00,0.7033,0.7052,0.698,0.7019,1455337.84
2024-05-07 17:00:00+00:00,0.7019,0.7038,0.6998,0.7006,747765.32
2024-05-07 18:00:00+00:00,0.7006,0.7007,0.6891,0.6939,2485367.71
2024-05-07 19:00:00+00:00,0.6939,0.6945,0.6903,0.6921,1154844.94
2024-05-07 20:00:00+00:00,0.6921,0.6948,0.6877,0.6898,2342577.68
2024-05-07 21:00:00+00:00,0.6898,0.6932,0.6855,0.6889,3868534.25
2024-05-07 22:00:00+00:00,0.6889,0.6893,0.6813,0.6837,1766225.47
2024-05-07 23:00:00+00:00,0.6837,0.6843,0.6735,0.6745,5183055.28
2024-05-08 00:00:00+00:00,0.6745,0.676,0.6657,0.6732,3917002.94
2024-05-08 01:00:00+00:00,0.6732,0.6761,0.6686,0.6709,2253879.3
2024-05-08 02:00:00+00:00,0.6709,0.6748,0.6702,0.6729,1544660.31
2024-05-08 03:00:00+00:00,0.6729,0.6756,0.6698,0.6745,1441403.04
2024-05-08 04:00:00+00:00,0.6745,0.6758,0.6652,0.6682,2382205.68
2024-05-08 05:00:00+00:00,0.6682,0.6716,0.6656,0.6699,1165131.95
2024-05-08 06:00:00+00:00,0.6699,0.6713,0.661,0.668,2644532.89
2024-05-08 07:00:00+00:00,0.668,0.6695,0.6624,0.6639,1745818.88
2024-05-08 08:00:00+00:00,0.6639,0.668,0.6617,0.6678,2426814.72
2024-05-08 09:00:00+00:00,0.6678,0.6683,0.6616,0.6664,2140470.42
2024-05-08 10:00:00+00:00,0.6664,0.6674,0.6619,0.6665,4489946.22
2024-05-08 11:00:00+00:00,0.6665,0.6672,0.659,0.6603,2223257.67
2024-05-08 12:00:00+00:00,0.6603,0.6649,0.6575,0.662,2212644.83
2024-05-08 13:00:00+00:00,0.662,0.6738,0.66,0.6736,4135579.72
2024-05-08 14:00:00+00:00,0.6736,0.6787,0.668,0.676,3699346.16
2024-05-08 15:00:00+00:00,0.676,0.6777,0.6653,0.6729,4834488.1
2024-05-08 16:00:00+00:00,0.6729,0.6729,0.6653,0.6716,1702289.91
2024-05-08 17:00:00+00:00,0.6716,0.6773,0.6702,0.6728,2283344.68
2024-05-08 18:00:00+00:00,0.6728,0.6795,0.6718,0.6762,1399145.39
2024-05-08 19:00:00+00:00,0.6762,0.6787,0.6658,0.6691,2295137.76
2024-05-08 20:00:00+00:00,0.6691,0.672,0.6533,0.6576,5826976.38
2024-05-08 21:00:00+00:00,0.6576,0.6642,0.6548,0.6592,2242297.91
2024-05-08 22:00:00+00:00,0.6592,0.6625,0.6556,0.6607,1237052.14
2024-05-08 23:00:00+00:00,0.6607,0.6632,0.658,0.6611,1486868.39
2024-05-09 00:00:00+00:00,0.6611,0.6672,0.6601,0.6656,985019.0
2024-05-09 01:00:00+00:00,0.6656,0.6678,0.6629,0.6661,1636877.05
2024-05-09 02:00:00+00:00,0.6661,0.6682,0.664,0.667,783927.38
2024-05-09 03:00:00+00:00,0.667,0.6683,0.6618,0.6661,1209627.08
2024-05-09 04:00:00+00:00,0.6661,0.6686,0.6637,0.6648,1044645.39
2024-05-09 05:00:00+00:00,0.6648,0.6703,0.6646,0.6689,1172564.78
2024-05-09 06:00:00+00:00,0.6689,0.6767,0.6689,0.6738,2688992.02
2024-05-09 07:00:00+00:00,0.6738,0.6746,0.6645,0.666,2407260.04
2024-05-09 08:00:00+00:00,0.666,0.6688,0.6626,0.6666,1677645.83
2024-05-09 09:00:00+00:00,0.6666,0.6669,0.6574,0.662,2192997.1
2024-05-09 10:00:00+00:00,0.662,0.6633,0.6534,0.6536,1448009.02
2024-05-09 11:00:00+00:00,0.6536,0.6658,0.6505,0.6642,2744290.13
2024-05-09 12:00:00+00:00,0.6642,0.6746,0.6637,0.6722,2174336.57
2024-05-09 13:00:00+00:00,0.6722,0.6737,0.6663,0.6736,2920913.64
2024-05-09 14:00:00+00:00,0.6736,0.6785,0.6691,0.6749,2487126.58
2024-05-09 15:00:00+00:00,0.6749,0.6852,0.6724,0.6848,4102757.54
2024-05-09 16:00:00+00:00,0.6848,0.6921,0.6814,0.6816,4709100.22
2024-05-09 17:00:00+00:00,0.6816,0.6875,0.6792,0.6847,2081450.41
2024-05-09 18:00:00+00:00,0.6847,0.6913,0.6843,0.6866,2736601.24
2024-05-09 19:00:00+00:00,0.6866,0.6953,0.6854,0.6947,1839078.56
2024-05-09 20:00:00+00:00,0.6947,0.7067,0.6934,0.7057,6371162.84
2024-05-09 21:00:00+00:00,0.7057,0.7149,0.7035,0.7072,4240219.22
2024-05-09 22:00:00+00:00,0.7072,0.7208,0.7065,0.7171,4629269.1
2024-05-09 23:00:00+00:00,0.7171,0.7182,0.7126,0.7166,4792593.22
2024-05-10 00:00:00+00:00,0.7166,0.7218,0.7156,0.7175,2448724.1
2024-05-10 01:00:00+00:00,0.7175,0.7259,0.7123,0.7223,2670421.99
2024-05-10 02:00:00+00:00,0.7223,0.726,0.7205,0.7239,1984978.7
2024-05-10 03:00:00+00:00,0.7239,0.7274,0.7192,0.7219,2618670.91
2024-05-10 04:00:00+00:00,0.7219,0.7253,0.72,0.7207,2424197.67
2024-05-10 05:00:00+00:00,0.7207,0.7216,0.7158,0.7195,1702139.44
2024-05-10 06:00:00+00:00,0.7195,0.7272,0.7189,0.7262,2066961.53
2024-05-10 07:00:00+00:00,0.7262,0.7301,0.7219,0.7251,2641534.39
2024-05-10 08:00:00+00:00,0.7251,0.7299,0.7238,0.7271,1861240.3
2024-05-10 09:00:00+00:00,0.7271,0.7321,0.7246,0.732,4024283.38
2024-05-10 10:00:00+00:00,0.732,0.74,0.7287,0.7375,5597599.35
2024-05-10 11:00:00+00:00,0.7375,0.7406,0.7329,0.7391,3095830.56
2024-05-10 12:00:00+00:00,0.7391,0.7406,0.7289,0.7306,5354760.71
2024-05-10 13:00:00+00:00,0.7306,0.7335,0.7242,0.7297,5814776.36
2024-05-10 14:00:00+00:00,0.7297,0.7325,0.7091,0.7163,16856728.46
2024-05-10 15:00:00+00:00,0.7163,0.729,0.7081,0.7247,16387255.18
2024-05-10 16:00:00+00:00,0.7247,0.7337,0.7141,0.7297,12673130.79
2024-05-10 17:00:00+00:00,0.7297,0.7323,0.7142,0.7214,7562052.92
2024-05-10 18:00:00+00:00,0.7214,0.7247,0.7136,0.7159,3652474.38
2024-05-10 19:00:00+00:00,0.7159,0.7171,0.6951,0.7053,6047191.29
2024-05-10 20:00:00+00:00,0.7053,0.7095,0.6948,0.7061,4902666.18
2024-05-10 21:00:00+00:00,0.7061,0.7093,0.7019,0.7089,2636079.52
2024-05-10 22:00:00+00:00,0.7089,0.7101,0.7,0.7058,2001214.54
2024-05-10 23:00:00+00:00,0.7058,0.7196,0.705,0.7162,3387117.89
2024-05-11 00:00:00+00:00,0.7162,0.7191,0.7065,0.7106,3488350.31
2024-05-11 01:00:00+00:00,0.7106,0.7183,0.704,0.7044,2551287.59
2024-05-11 02:00:00+00:00,0.7044,0.7055,0.6994,0.7051,1857881.15
2024-05-11 03:00:00+00:00,0.7051,0.7248,0.7031,0.7077,3588449.05
2024-05-11 04:00:00+00:00,0.7077,0.7141,0.7028,0.7106,2606980.15
2024-05-11 05:00:00+00:00,0.7106,0.7284,0.7092,0.7218,4123670.89
2024-05-11 06:00:00+00:00,0.7218,0.7308,0.7218,0.7239,5143331.89
2024-05-11 07:00:00+00:00,0.7239,0.7333,0.722,0.7291,3365497.84
2024-05-11 08:00:00+00:00,0.7291,0.7315,0.7243,0.7246,3202890.74
2024-05-11 09:00:00+00:00,0.7246,0.7358,0.7237,0.7325,4302014.2
2024-05-11 10:00:00+00:00,0.7325,0.7358,0.7223,0.7235,4870923.08
2024-05-11 11:00:00+00:00,0.7235,0.7248,0.7106,0.7157,6947044.97
2024-05-11 12:00:00+00:00,0.7157,0.7187,0.7079,0.7106,3301076.64
2024-05-11 13:00:00+00:00,0.7106,0.717,0.706,0.7168,2848923.62
2024-05-11 14:00:00+00:00,0.7168,0.7282,0.7147,0.7154,4874590.43
2024-05-11 15:00:00+00:00,0.7154,0.7274,0.7151,0.7246,4996444.7
2024-05-11 16:00:00+00:00,0.7246,0.7253,0.7157,0.7164,2716973.86
2024-05-11 17:00:00+00:00,0.7164,0.7206,0.7123,0.7203,2158631.26
2024-05-11 18:00:00+00:00,0.7203,0.7298,0.7189,0.727,3887778.54
2024-05-11 19:00:00+00:00,0.727,0.7272,0.7157,0.7186,2436215.02
2024-05-11 20:00:00+00:00,0.7186,0.7194,0.715,0.7156,1829112.97
2024-05-11 21:00:00+00:00,0.7156,0.7166,0.7127,0.7158,1035618.55
2024-05-11 22:00:00+00:00,0.7158,0.7191,0.7129,0.7164,1273032.37
2024-05-11 23:00:00+00:00,0.7164,0.7166,0.7086,0.7106,1564401.41
2024-05-12 00:00:00+00:00,0.7106,0.7227,0.7095,0.7124,1536069.87
2024-05-12 01:00:00+00:00,0.7124,0.7132,0.7048,0.71,1213712.75
2024-05-12 02:00:00+00:00,0.71,0.7143,0.7084,0.7113,508582.74
2024-05-12 03:00:00+00:00,0.7113,0.7132,0.7079,0.7095,550120.43
2024-05-12 04:00:00+00:00,0.7095,0.7113,0.7069,0.7093,673386.58
2024-05-12 05:00:00+00:00,0.7093,0.7101,0.7066,0.7081,1652701.03
2024-05-12 06:00:00+00:00,0.7081,0.7141,0.7069,0.7081,1804847.14
2024-05-12 07:00:00+00:00,0.7081,0.7086,0.701,0.7029,2602812.81
2024-05-12 08:00:00+00:00,0.7029,0.7063,0.7009,0.7052,1895495.85
2024-05-12 09:00:00+00:00,0.7052,0.708,0.7008,0.708,1616094.27
2024-05-12 10:00:00+00:00,0.708,0.7291,0.7074,0.725,6323244.04
2024-05-12 11:00:00+00:00,0.725,0.7319,0.7224,0.7228,4210522.16
2024-05-12 12:00:00+00:00,0.7228,0.729,0.7218,0.725,3880399.14
2024-05-12 13:00:00+00:00,0.725,0.7251,0.7137,0.7142,6199216.48
2024-05-12 14:00:00+00:00,0.7142,0.7174,0.7114,0.7143,2465592.74
2024-05-12 15:00:00+00:00,0.7143,0.7188,0.7135,0.7156,2563353.26
2024-05-12 16:00:00+00:00,0.7156,0.7223,0.7123,0.7124,2214601.27
2024-05-12 17:00:00+00:00,0.7124,0.7205,0.7095,0.7196,1912771.42
2024-05-12 18:00:00+00:00,0.7196,0.7234,0.713,0.7131,1887912.62
2024-05-12 19:00:00+00:00,0.7131,0.7152,0.7118,0.7123,1684420.71
2024-05-12 20:00:00+00:00,0.7123,0.7128,0.7074,0.7089,2100648.71
2024-05-12 21:00:00+00:00,0.7089,0.7133,0.7043,0.7057,2229523.32
2024-05-12 22:00:00+00:00,0.7057,0.706,0.7027,0.7036,2612121.33
2024-05-12 23:00:00+00:00,0.7036,0.7054,0.7009,0.7018,1202755.79
2024-05-13 00:00:00+00:00,0.7018,0.7065,0.6996,0.7002,2253552.89
2024-05-13 01:00:00+00:00,0.7002,0.7008,0.6802,0.6842,6189135.24
2024-05-13 02:00:00+00:00,0.6842,0.6842,0.6642,0.6666,6512154.77
2024-05-13 03:00:00+00:00,0.6666,0.6668,0.6575,0.666,4944832.27
2024-05-13 04:00:00+00:00,0.666,0.6663,0.6595,0.6648,3234133.06
2024-05-13 05:00:00+00:00,0.6648,0.6702,0.663,0.6665,2864723.38
2024-05-13 06:00:00+00:00,0.6665,0.6831,0.6658,0.6791,4541457.0
2024-05-13 07:00:00+00:00,0.6791,0.6895,0.6775,0.6887,4364567.25
2024-05-13 08:00:00+00:00,0.6887,0.6962,0.6886,0.6909,5243014.78
2024-05-13 09:00:00+00:00,0.6909,0.6975,0.6903,0.6916,2810962.66
2024-05-13 10:00:00+00:00,0.6916,0.6918,0.6793,0.6836,3671172.54
2024-05-13 11:00:00+00:00,0.6836,0.6859,0.6809,0.6825,1987073.4
2024-05-13 12:00:00+00:00,0.6825,0.6856,0.6758,0.6842,3809905.17
2024-05-13 13:00:00+00:00,0.6842,0.6886,0.6805,0.6835,2914930.64
2024-05-13 14:00:00+00:00,0.6835,0.6884,0.6817,0.6823,2449652.21
2024-05-13 15:00:00+00:00,0.6823,0.6931,0.6822,0.6918,3159424.05
2024-05-13 16:00:00+00:00,0.6918,0.6975,0.6858,0.6938,3051097.34
2024-05-13 17:00:00+00:00,0.6938,0.6943,0.6797,0.6834,3452413.87
2024-05-13 18:00:00+00:00,0.6834,0.6839,0.6758,0.6793,1906604.17
2024-05-13 19:00:00+00:00,0.6793,0.6859,0.6789,0.6844,2070131.84
2024-05-13 20:00:00+00:00,0.6844,0.6868,0.6807,0.6841,1461126.65
2024-05-13 21:00:00+00:00,0.6841,0.6856,0.6797,0.6809,1238094.55
2024-05-13 22:00:00+00:00,0.6809,0.6815,0.6715,0.6729,2429040.71
2024-05-13 23:00:00+00:00,0.6729,0.6768,0.6711,0.6728,1257481.85
2024-05-14 00:00:00+00:00,0.6728,0.6767,0.6674,0.669,2442499.59
2024-05-14 01:00:00+00:00,0.669,0.6726,0.6645,0.6682,1949600.41
2024-05-14 02:00:00+00:00,0.6682,0.6712,0.6633,0.6688,3725679.3
2024-05-14 03:00:00+00:00,0.6688,0.6726,0.665,0.6666,1577106.77
2024-05-14 04:00:00+00:00,0.6666,0.6707,0.6641,0.6688,1481312.66
2024-05-14 05:00:00+00:00,0.6688,0.6751,0.6677,0.6721,1753397.12
2024-05-14 06:00:00+00:00,0.6721,0.6721,0.6528,0.667,5700971.72
2024-05-14 07:00:00+00:00,0.667,0.6773,0.6666,0.677,3173008.37
2024-05-14 08:00:00+00:00,0.677,0.6822,0.6725,0.6727,3351488.49
2024-05-14 09:00:00+00:00,0.6727,0.6753,0.6677,0.6687,2255973.05
2024-05-14 10:00:00+00:00,0.6687,0.673,0.6651,0.672,2644700.54
2024-05-14 11:00:00+00:00,0.672,0.6737,0.6659,0.6673,1903260.14
2024-05-14 12:00:00+00:00,0.6673,0.6729,0.6581,0.6615,7142111.0
2024-05-14 13:00:00+00:00,0.6615,0.6666,0.6564,0.6574,2407699.48
2024-05-14 14:00:00+00:00,0.6574,0.6614,0.6452,0.652,9193646.37
2024-05-14 15:00:00+00:00,0.652,0.6566,0.6475,0.6485,4112357.68
2024-05-14 16:00:00+00:00,0.6485,0.6488,0.6386,0.6448,6977966.87
2024-05-14 17:00:00+00:00,0.6448,0.6468,0.6384,0.6423,2582579.53
2024-05-14 18:00:00+00:00,0.6423,0.6496,0.6414,0.6471,2261852.18
2024-05-14 19:00:00+00:00,0.6471,0.6516,0.6447,0.6447,2276940.07
2024-05-14 20:00:00+00:00,0.6447,0.6477,0.6433,0.6458,1393935.62
2024-05-14 21:00:00+00:00,0.6458,0.6486,0.6438,0.6469,2001844.66
2024-05-14 22:00:00+00:00,0.6469,0.6469,0.641,0.6447,1556327.07
2024-05-14 23:00:00+00:00,0.6447,0.6453,0.6417,0.6419,846728.74
2024-05-15 00:00:00+00:00,0.6419,0.6474,0.637,0.6407,2100120.89
2024-05-15 01:00:00+00:00,0.6407,0.6476,0.6403,0.6431,1189162.82
2024-05-15 02:00:00+00:00,0.6431,0.6485,0.6428,0.6461,964305.04
2024-05-15 03:00:00+00:00,0.6461,0.649,0.6458,0.6483,933162.29
2024-05-15 04:00:00+00:00,0.6483,0.6488,0.6441,0.6474,1133469.42
2024-05-15 05:00:00+00:00,0.6474,0.649,0.6422,0.6446,1212732.86
2024-05-15 06:00:00+00:00,0.6446,0.6471,0.6435,0.647,1178641.87
2024-05-15 07:00:00+00:00,0.647,0.6526,0.6466,0.6517,1905329.71
2024-05-15 08:00:00+00:00,0.6517,0.6524,0.6461,0.6478,1691127.34
2024-05-15 09:00:00+00:00,0.6478,0.6588,0.6441,0.6563,2689946.4
2024-05-15 10:00:00+00:00,0.6563,0.6636,0.653,0.6608,3939686.03
2024-05-15 11:00:00+00:00,0.6608,0.6613,0.6507,0.6573,2824178.2
2024-05-15 12:00:00+00:00,0.6573,0.6779,0.6537,0.677,10457749.8
2024-05-15 13:00:00+00:00,0.677,0.6924,0.674,0.6841,7399423.53
2024-05-15 14:00:00+00:00,0.6841,0.6982,0.6841,0.6968,8340814.85
2024-05-15 15:00:00+00:00,0.6968,0.6996,0.6882,0.6884,8840507.56
2024-05-15 16:00:00+00:00,0.6884,0.6974,0.6829,0.6937,10268002.27
2024-05-15 17:00:00+00:00,0.6937,0.7073,0.6937,0.7023,5512396.85
2024-05-15 18:00:00+00:00,0.7023,0.7152,0.7022,0.7135,6009894.17
2024-05-15 19:00:00+00:00,0.7135,0.7252,0.7097,0.725,8956305.57
2024-05-15 20:00:00+00:00,0.725,0.7694,0.7248,0.7588,29223063.82
2024-05-15 21:00:00+00:00,0.7588,0.771,0.7486,0.7527,23361090.87
2024-05-15 22:00:00+00:00,0.7527,0.7608,0.749,0.7511,6310801.75
2024-05-15 23:00:00+00:00,0.7511,0.7596,0.7472,0.759,5590433.24
2024-05-16 00:00:00+00:00,0.759,0.7685,0.7536,0.7613,10735794.58
2024-05-16 01:00:00+00:00,0.7613,0.7652,0.7552,0.76,6253923.15
2024-05-16 02:00:00+00:00,0.76,0.7749,0.76,0.7725,6325504.83
2024-05-16 03:00:00+00:00,0.7725,0.7824,0.7669,0.7747,8602713.3
2024-05-16 04:00:00+00:00,0.7747,0.8065,0.7747,0.8032,20605534.97
2024-05-16 05:00:00+00:00,0.8032,0.8196,0.7974,0.8004,24695859.89
2024-05-16 06:00:00+00:00,0.8004,0.8111,0.7978,0.8026,9243716.94
2024-05-16 07:00:00+00:00,0.8026,0.8158,0.8024,0.8078,9909159.37
2024-05-16 08:00:00+00:00,0.8078,0.818,0.8039,0.8152,9106127.04
2024-05-16 09:00:00+00:00,0.8152,0.8325,0.8074,0.8288,15507378.64
2024-05-16 10:00:00+00:00,0.8288,0.8338,0.8063,0.8125,12778915.97
2024-05-16 11:00:00+00:00,0.8125,0.8226,0.8079,0.8208,9742118.45
2024-05-16 12:00:00+00:00,0.8208,0.8272,0.8034,0.8061,18030439.15
2024-05-16 13:00:00+00:00,0.8061,0.8091,0.7926,0.802,18919926.66
2024-05-16 14:00:00+00:00,0.802,0.8029,0.7751,0.7775,17974807.3
2024-05-16 15:00:00+00:00,0.7775,0.788,0.7734,0.7805,15722026.89
2024-05-16 16:00:00+00:00,0.7805,0.7862,0.7712,0.785,11694416.13
2024-05-16 17:00:00+00:00,0.785,0.7984,0.7793,0.791,15864355.39
2024-05-16 18:00:00+00:00,0.791,0.7981,0.7776,0.7937,12012500.75
2024-05-16 19:00:00+00:00,0.7937,0.8118,0.7929,0.8073,10592412.35
2024-05-16 20:00:00+00:00,0.8073,0.8122,0.793,0.7999,11343566.48
2024-05-16 21:00:00+00:00,0.7999,0.8089,0.7982,0.8031,5897685.78
2024-05-16 22:00:00+00:00,0.8031,0.8045,0.7934,0.8012,3223777.9
2024-05-16 23:00:00+00:00,0.8012,0.8032,0.7966,0.7998,2572732.1
2024-05-17 00:00:00+00:00,0.7998,0.812,0.7973,0.8067,6395536.7
2024-05-17 01:00:00+00:00,0.8067,0.8141,0.7861,0.8049,6466564.89
2024-05-17 02:00:00+00:00,0.8049,0.8134,0.7953,0.7999,5335397.53
2024-05-17 03:00:00+00:00,0.7999,0.8204,0.7972,0.8086,8347534.25
2024-05-17 04:00:00+00:00,0.8086,0.8247,0.8086,0.8182,7109368.8
2024-05-17 05:00:00+00:00,0.8182,0.8246,0.8156,0.8165,6800120.64
2024-05-17 06:00:00+00:00,0.8165,0.8198,0.8055,0.8183,6935647.74
2024-05-17 07:00:00+00:00,0.8183,0.8465,0.807,0.8101,22356388.12
2024-05-17 08:00:00+00:00,0.8101,0.8129,0.7907,0.7964,15241164.45
2024-05-17 09:00:00+00:00,0.7964,0.8093,0.7913,0.8051,9248579.28
2024-05-17 10:00:00+00:00,0.8051,0.8087,0.8006,0.8035,5388785.81
2024-05-17 11:00:00+00:00,0.8035,0.8112,0.8007,0.8072,3201699.46
2024-05-17 12:00:00+00:00,0.8072,0.8141,0.805,0.8075,5234843.8
2024-05-17 13:00:00+00:00,0.8075,0.8082,0.801,0.8035,5088965.51
2024-05-17 14:00:00+00:00,0.8035,0.8055,0.7959,0.8012,5471234.03
2024-05-17 15:00:00+00:00,0.8012,0.8204,0.7972,0.8097,9159910.77
2024-05-17 16:00:00+00:00,0.8097,0.8233,0.8003,0.8185,10023281.07
2024-05-17 17:00:00+00:00,0.8185,0.8477,0.7854,0.8011,42239133.77
2024-05-17 18:00:00+00:00,0.8011,0.805,0.7896,0.7993,12985164.03
2024-05-17 19:00:00+00:00,0.7993,0.8102,0.7961,0.805,8341839.53
2024-05-17 20:00:00+00:00,0.805,0.8059,0.7875,0.792,8754361.75
2024-05-17 21:00:00+00:00,0.792,0.8003,0.7909,0.7948,4967857.28
2024-05-17 22:00:00+00:00,0.7948,0.7988,0.7934,0.7975,2187811.7
2024-05-17 23:00:00+00:00,0.7975,0.8082,0.7843,0.7849,5856075.22
2024-05-18 00:00:00+00:00,0.7849,0.7936,0.7814,0.7901,6785637.91
2024-05-18 01:00:00+00:00,0.7901,0.7939,0.7853,0.7895,3932575.96
2024-05-18 02:00:00+00:00,0.7895,0.7915,0.787,0.7909,2174111.61
2024-05-18 03:00:00+00:00,0.7909,0.8312,0.7901,0.8298,16943150.5
2024-05-18 04:00:00+00:00,0.8298,0.8435,0.8178,0.8401,12323196.71
2024-05-18 05:00:00+00:00,0.8401,0.8447,0.8342,0.8417,7329446.03
2024-05-18 06:00:00+00:00,0.8417,0.8866,0.8378,0.869,27008367.36
2024-05-18 07:00:00+00:00,0.869,0.8873,0.8689,0.875,14271174.58
2024-05-18 08:00:00+00:00,0.875,0.8753,0.8553,0.8595,12698121.02
2024-05-18 09:00:00+00:00,0.8595,0.8701,0.8592,0.8655,5531421.6
2024-05-18 10:00:00+00:00,0.8655,0.8694,0.859,0.8644,5648661.92
2024-05-18 11:00:00+00:00,0.8644,0.8983,0.861,0.8917,24222975.83
2024-05-18 12:00:00+00:00,0.8917,0.8987,0.8822,0.8831,10950931.27
2024-05-18 13:00:00+00:00,0.8831,0.8884,0.8773,0.8797,9548327.49
2024-05-18 14:00:00+00:00,0.8797,0.8943,0.8718,0.8873,11119698.81
2024-05-18 15:00:00+00:00,0.8873,0.8933,0.8808,0.8856,7136151.94
2024-05-18 16:00:00+00:00,0.8856,0.8929,0.872,0.8747,8009159.61
2024-05-18 17:00:00+00:00,0.8747,0.8911,0.8746,0.887,7464325.18
2024-05-18 18:00:00+00:00,0.887,0.8928,0.8819,0.8894,6397404.33
2024-05-18 19:00:00+00:00,0.8894,0.8913,0.8841,0.8901,3698091.31
2024-05-18 20:00:00+00:00,0.8901,0.8984,0.8849,0.8937,4324923.78
2024-05-18 21:00:00+00:00,0.8937,0.8976,0.8842,0.8878,3231359.65
2024-05-18 22:00:00+00:00,0.8878,0.8972,0.886,0.8915,2488636.7
2024-05-18 23:00:00+00:00,0.8915,0.8927,0.8781,0.8896,4989194.06
2024-05-19 00:00:00+00:00,0.8896,0.9023,0.8862,0.8922,6437739.17
2024-05-19 01:00:00+00:00,0.8922,0.8958,0.8782,0.8912,4892821.63
2024-05-19 02:00:00+00:00,0.8912,0.9234,0.8908,0.9157,8645436.8
2024-05-19 03:00:00+00:00,0.9157,0.918,0.9002,0.9042,5765300.9
2024-05-19 04:00:00+00:00,0.9042,0.9042,0.8912,0.8918,5569560.36
2024-05-19 05:00:00+00:00,0.8918,0.8972,0.8874,0.8923,3629175.37
2024-05-19 06:00:00+00:00,0.8923,0.9032,0.8875,0.8891,7164745.16
2024-05-19 07:00:00+00:00,0.8891,0.8908,0.8752,0.8806,8272874.22
2024-05-19 08:00:00+00:00,0.8806,0.8925,0.8806,0.8857,3942709.34
2024-05-19 09:00:00+00:00,0.8857,0.8908,0.8816,0.8879,3860422.82
2024-05-19 10:00:00+00:00,0.8879,0.8892,0.8783,0.8805,3921492.07
2024-05-19 11:00:00+00:00,0.8805,0.8827,0.8672,0.8768,10202527.75
2024-05-19 12:00:00+00:00,0.8768,0.8822,0.8688,0.8735,4621876.62
2024-05-19 13:00:00+00:00,0.8735,0.8781,0.8675,0.8704,4170058.64
2024-05-19 14:00:00+00:00,0.8704,0.8716,0.8544,0.8634,11596720.45
2024-05-19 15:00:00+00:00,0.8634,0.8641,0.8483,0.8565,14322155.21
2024-05-19 16:00:00+00:00,0.8565,0.8576,0.8378,0.8398,11588744.14
2024-05-19 17:00:00+00:00,0.8398,0.8558,0.8383,0.8544,4431941.99
2024-05-19 18:00:00+00:00,0.8544,0.8596,0.8523,0.8546,3798835.9
2024-05-19 19:00:00+00:00,0.8546,0.8557,0.8485,0.8528,3197562.1
2024-05-19 20:00:00+00:00,0.8528,0.8603,0.8508,0.8542,4211951.48
2024-05-19 21:00:00+00:00,0.8542,0.8554,0.8458,0.8548,3286682.04
2024-05-19 22:00:00+00:00,0.8548,0.8601,0.8485,0.8494,3062517.99
2024-05-19 23:00:00+00:00,0.8494,0.8498,0.8441,0.8457,2695210.2
2024-05-20 00:00:00+00:00,0.8457,0.8582,0.8449,0.8502,3823974.09
2024-05-20 01:00:00+00:00,0.8502,0.8577,0.8379,0.8549,4268648.72
2024-05-20 02:00:00+00:00,0.8549,0.8627,0.848,0.861,4652676.09
2024-05-20 03:00:00+00:00,0.861,0.8694,0.8455,0.854,4163626.12
2024-05-20 04:00:00+00:00,0.854,0.8587,0.848,0.8547,4945895.32
2024-05-20 05:00:00+00:00,0.8547,0.8745,0.8448,0.8508,7793978.81
2024-05-20 06:00:00+00:00,0.8508,0.8533,0.8379,0.8434,7614488.05
2024-05-20 07:00:00+00:00,0.8434,0.854,0.8412,0.8536,2973877.66
2024-05-20 08:00:00+00:00,0.8536,0.869,0.8533,0.8688,6146914.4
2024-05-20 09:00:00+00:00,0.8688,0.8826,0.8668,0.8769,7488761.2
2024-05-20 10:00:00+00:00,0.8769,0.8918,0.8763,0.885,7815210.64
2024-05-20 11:00:00+00:00,0.885,0.8913,0.8803,0.8807,4407628.52
2024-05-20 12:00:00+00:00,0.8807,0.8871,0.8765,0.8835,4092249.09
2024-05-20 13:00:00+00:00,0.8835,0.9048,0.8784,0.9008,8417864.23
2024-05-20 14:00:00+00:00,0.9008,0.9131,0.8945,0.9097,10451584.15
2024-05-20 15:00:00+00:00,0.9097,0.9643,0.9074,0.9616,23387176.22
2024-05-20 16:00:00+00:00,0.9616,0.9654,0.9442,0.9581,18266692.57
2024-05-20 17:00:00+00:00,0.9581,0.9602,0.9371,0.9406,12661875.78
2024-05-20 18:00:00+00:00,0.9406,0.9413,0.923,0.9246,14269646.82
2024-05-20 19:00:00+00:00,0.9246,0.9455,0.9198,0.9366,17006984.79
2024-05-20 20:00:00+00:00,0.9366,0.9385,0.9017,0.9032,18110462.5
2024-05-20 21:00:00+00:00,0.9032,0.9111,0.8985,0.91,7794597.65
2024-05-20 22:00:00+00:00,0.91,0.9112,0.9023,0.9069,4055811.85
2024-05-20 23:00:00+00:00,0.9069,0.9248,0.901,0.9245,7611066.23
2024-05-21 00:00:00+00:00,0.9245,0.9248,0.9008,0.9053,8560457.14
2024-05-21 01:00:00+00:00,0.9053,0.9101,0.9012,0.9077,5659826.94
2024-05-21 02:00:00+00:00,0.9077,0.9145,0.9015,0.9085,3449735.88
2024-05-21 03:00:00+00:00,0.9085,0.9305,0.9064,0.9186,7067853.67
2024-05-21 04:00:00+00:00,0.9186,0.9237,0.9057,0.9065,5960514.98
2024-05-21 05:00:00+00:00,0.9065,0.9211,0.901,0.9128,6789297.74
2024-05-21 06:00:00+00:00,0.9128,0.919,0.9048,0.9066,5756502.52
2024-05-21 07:00:00+00:00,0.9066,0.9137,0.9035,0.9098,4487349.87
2024-05-21 08:00:00+00:00,0.9098,0.914,0.9066,0.9086,2889104.99
2024-05-21 09:00:00+00:00,0.9086,0.9135,0.8984,0.9041,6333855.46
2024-05-21 10:00:00+00:00,0.9041,0.9047,0.8967,0.9001,5935785.02
2024-05-21 11:00:00+00:00,0.9001,0.9028,0.8928,0.8988,6937216.78
2024-05-21 12:00:00+00:00,0.8988,0.8989,0.8844,0.893,13809128.8
2024-05-21 13:00:00+00:00,0.893,0.9091,0.8869,0.8994,9684735.35
2024-05-21 14:00:00+00:00,0.8994,0.9063,0.8883,0.8886,8291607.79
2024-05-21 15:00:00+00:00,0.8886,0.9047,0.8885,0.9016,6312949.88
2024-05-21 16:00:00+00:00,0.9016,0.9145,0.8932,0.8954,8208795.29
2024-05-21 17:00:00+00:00,0.8954,0.9122,0.8951,0.911,5315548.12
2024-05-21 18:00:00+00:00,0.911,0.9133,0.8835,0.8861,7850580.77
2024-05-21 19:00:00+00:00,0.8861,0.8879,0.8695,0.8722,10747173.02
2024-05-21 20:00:00+00:00,0.8722,0.8823,0.8718,0.8803,4014346.03
2024-05-21 21:00:00+00:00,0.8803,0.882,0.8711,0.878,3029586.7
2024-05-21 22:00:00+00:00,0.878,0.8822,0.871,0.8803,7247943.48
2024-05-21 23:00:00+00:00,0.8803,0.8808,0.8723,0.8754,3906961.26
2024-05-22 00:00:00+00:00,0.8754,0.8809,0.8699,0.8717,2864700.37
2024-05-22 01:00:00+00:00,0.8717,0.8752,0.8703,0.8733,1565290.84
2024-05-22 02:00:00+00:00,0.8733,0.8737,0.8641,0.8677,2823674.12
2024-05-22 03:00:00+00:00,0.8677,0.8721,0.8645,0.8704,2524574.6
2024-05-22 04:00:00+00:00,0.8704,0.8711,0.8509,0.8576,8494226.25
2024-05-22 05:00:00+00:00,0.8576,0.8692,0.848,0.8675,5367752.83
2024-05-22 06:00:00+00:00,0.8675,0.8735,0.8661,0.871,3156711.42
2024-05-22 07:00:00+00:00,0.871,0.8728,0.8663,0.8674,2034812.84
2024-05-22 08:00:00+00:00,0.8674,0.8695,0.8604,0.8647,2786663.23
2024-05-22 09:00:00+00:00,0.8647,0.8651,0.8566,0.8606,3155982.96
2024-05-22 10:00:00+00:00,0.8606,0.8639,0.8562,0.8572,3476441.61
2024-05-22 11:00:00+00:00,0.8572,0.8583,0.8513,0.8516,3090975.11
2024-05-22 12:00:00+00:00,0.8516,0.8565,0.8338,0.839,7495957.34
2024-05-22 13:00:00+00:00,0.839,0.8517,0.8389,0.8509,3186061.2
2024-05-22 14:00:00+00:00,0.8509,0.8546,0.8458,0.8521,5957962.35
2024-05-22 15:00:00+00:00,0.8521,0.8663,0.8473,0.8577,5302244.53
2024-05-22 16:00:00+00:00,0.8577,0.8609,0.8501,0.8541,3831476.37
2024-05-22 17:00:00+00:00,0.8541,0.8545,0.8404,0.8432,6631420.62
2024-05-22 18:00:00+00:00,0.8432,0.8453,0.8367,0.8428,4025225.15
2024-05-22 19:00:00+00:00,0.8428,0.8437,0.839,0.8425,2250186.72
2024-05-22 20:00:00+00:00,0.8425,0.8501,0.8351,0.842,4076778.52
2024-05-22 21:00:00+00:00,0.842,0.8463,0.8364,0.845,2478350.14
2024-05-22 22:00:00+00:00,0.845,0.8498,0.8401,0.8424,3538470.87
2024-05-22 23:00:00+00:00,0.8424,0.844,0.8397,0.8429,935128.62
2024-05-23 00:00:00+00:00,0.8429,0.8592,0.8429,0.8542,2753778.34
2024-05-23 01:00:00+00:00,0.8542,0.8543,0.8435,0.8445,1934001.29
2024-05-23 02:00:00+00:00,0.8445,0.8494,0.8392,0.8475,1683101.13
2024-05-23 03:00:00+00:00,0.8475,0.8539,0.8458,0.8513,1364568.34
2024-05-23 04:00:00+00:00,0.8513,0.8514,0.8461,0.848,1258477.91
2024-05-23 05:00:00+00:00,0.848,0.8481,0.837,0.839,2114646.32
2024-05-23 06:00:00+00:00,0.839,0.845,0.8366,0.8428,1546594.86
2024-05-23 07:00:00+00:00,0.8428,0.847,0.84,0.8434,2341740.34
2024-05-23 08:00:00+00:00,0.8434,0.8434,0.8381,0.8422,2013397.31
2024-05-23 09:00:00+00:00,0.8422,0.8429,0.8272,0.8326,4917635.75
2024-05-23 10:00:00+00:00,0.8326,0.8335,0.8252,0.8297,3797936.59
2024-05-23 11:00:00+00:00,0.8297,0.8548,0.8294,0.8537,6542959.97
2024-05-23 12:00:00+00:00,0.8537,0.8611,0.8381,0.8485,10666736.88
2024-05-23 13:00:00+00:00,0.8485,0.8564,0.7952,0.8061,25806124.81
2024-05-23 14:00:00+00:00,0.8061,0.8107,0.7962,0.7983,11976246.28
2024-05-23 15:00:00+00:00,0.7983,0.8123,0.7948,0.8101,8552961.17
2024-05-23 16:00:00+00:00,0.8101,0.8113,0.8012,0.805,4975898.75
2024-05-23 17:00:00+00:00,0.805,0.8135,0.8019,0.8057,4519969.45
2024-05-23 18:00:00+00:00,0.8057,0.8072,0.794,0.8001,9226025.06
2024-05-23 19:00:00+00:00,0.8001,0.8035,0.7941,0.798,3569099.29
2024-05-23 20:00:00+00:00,0.798,0.8038,0.7735,0.8002,17277471.28
2024-05-23 21:00:00+00:00,0.8002,0.8276,0.7983,0.8259,17981153.25
2024-05-23 22:00:00+00:00,0.8259,0.8263,0.813,0.8158,2207609.05
2024-05-23 23:00:00+00:00,0.8158,0.8255,0.8135,0.8206,2449959.0
2024-05-24 00:00:00+00:00,0.8206,0.823,0.815,0.8198,2136998.55
2024-05-24 01:00:00+00:00,0.8198,0.8274,0.8156,0.8258,1370775.93
2024-05-24 02:00:00+00:00,0.8258,0.8278,0.8172,0.8187,3709458.08
2024-05-24 03:00:00+00:00,0.8187,0.8202,0.8136,0.8152,1585079.57
2024-05-24 04:00:00+00:00,0.8152,0.8279,0.8144,0.8221,5791820.84
2024-05-24 05:00:00+00:00,0.8221,0.8221,0.8082,0.8107,3831544.22
2024-05-24 06:00:00+00:00,0.8107,0.8192,0.8054,0.8056,3813572.49
2024-05-24 07:00:00+00:00,0.8056,0.8194,0.8015,0.8148,3487704.46
2024-05-24 08:00:00+00:00,0.8148,0.8174,0.8008,0.8121,4675378.61
2024-05-24 09:00:00+00:00,0.8121,0.8125,0.8025,0.8069,2100096.18
2024-05-24 10:00:00+00:00,0.8069,0.8091,0.7981,0.8003,6062202.18
2024-05-24 11:00:00+00:00,0.8003,0.8076,0.7955,0.8076,5081652.5
2024-05-24 12:00:00+00:00,0.8076,0.8164,0.8066,0.8142,2884563.53
2024-05-24 13:00:00+00:00,0.8142,0.8192,0.7953,0.797,6653010.9
2024-05-24 14:00:00+00:00,0.797,0.8105,0.7927,0.8076,5547225.71
2024-05-24 15:00:00+00:00,0.8076,0.8143,0.7965,0.7993,6088982.97
2024-05-24 16:00:00+00:00,0.7993,0.7996,0.7874,0.7956,4620766.42
2024-05-24 17:00:00+00:00,0.7956,0.8068,0.7922,0.8066,3261454.3
2024-05-24 18:00:00+00:00,0.8066,0.8176,0.8059,0.8097,5697081.97
2024-05-24 19:00:00+00:00,0.8097,0.8101,0.8038,0.8093,3036852.79
2024-05-24 20:00:00+00:00,0.8093,0.8106,0.8034,0.8053,1462123.26
2024-05-24 21:00:00+00:00,0.8053,0.8058,0.7986,0.7997,2361320.49
2024-05-24 22:00:00+00:00,0.7997,0.8026,0.7986,0.8024,1308566.81
2024-05-24 23:00:00+00:00,0.8024,0.8046,0.799,0.8035,1179408.84
2024-05-25 00:00:00+00:00,0.8035,0.8064,0.7983,0.8033,1420435.17
2024-05-25 01:00:00+00:00,0.8033,0.8109,0.8002,0.8097,1735518.42
2024-05-25 02:00:00+00:00,0.8097,0.8157,0.8081,0.8115,2363215.21
2024-05-25 03:00:00+00:00,0.8115,0.8215,0.8114,0.8212,2674025.41
2024-05-25 04:00:00+00:00,0.8212,0.8287,0.8198,0.8259,3878007.82
2024-05-25 05:00:00+00:00,0.8259,0.8278,0.8195,0.8216,2206512.79
2024-05-25 06:00:00+00:00,0.8216,0.8218,0.8152,0.8152,2497288.28
2024-05-25 07:00:00+00:00,0.8152,0.819,0.8113,0.8162,2777722.55
2024-05-25 08:00:00+00:00,0.8162,0.8196,0.8115,0.8153,2396327.71
2024-05-25 09:00:00+00:00,0.8153,0.8256,0.8148,0.8248,2951834.54
2024-05-25 10:00:00+00:00,0.8248,0.8299,0.8191,0.8295,3497206.55
2024-05-25 11:00:00+00:00,0.8295,0.8363,0.8234,0.8236,5840171.14
2024-05-25 12:00:00+00:00,0.8236,0.8257,0.8137,0.8168,4726560.98
2024-05-25 13:00:00+00:00,0.8168,0.8211,0.8081,0.8083,3396333.14
2024-05-25 14:00:00+00:00,0.8083,0.8128,0.8049,0.81,2578571.56
2024-05-25 15:00:00+00:00,0.81,0.813,0.8069,0.8088,2829853.01
2024-05-25 16:00:00+00:00,0.8088,0.8119,0.8064,0.8104,2489728.63
2024-05-25 17:00:00+00:00,0.8104,0.8177,0.81,0.8125,3794538.61
2024-05-25 18:00:00+00:00,0.8125,0.8156,0.81,0.8145,1623326.65
2024-05-25 19:00:00+00:00,0.8145,0.8223,0.8132,0.8141,2134241.96
2024-05-25 20:00:00+00:00,0.8141,0.8154,0.8074,0.811,1646625.79
2024-05-25 21:00:00+00:00,0.811,0.8178,0.8109,0.8173,1202070.81
2024-05-25 22:00:00+00:00,0.8173,0.8198,0.8157,0.8169,1061522.24
2024-05-25 23:00:00+00:00,0.8169,0.8249,0.8163,0.8239,1835034.94
2024-05-26 00:00:00+00:00,0.8239,0.8279,0.8192,0.8197,2616635.33
2024-05-26 01:00:00+00:00,0.8197,0.827,0.8189,0.8231,1755975.74
2024-05-26 02:00:00+00:00,0.8231,0.8245,0.8123,0.8209,2771880.3
2024-05-26 03:00:00+00:00,0.8209,0.8215,0.8134,0.8193,2482964.92
2024-05-26 04:00:00+00:00,0.8193,0.8193,0.8103,0.8121,1203428.95
2024-05-26 05:00:00+00:00,0.8121,0.8149,0.8105,0.8125,1140232.84
2024-05-26 06:00:00+00:00,0.8125,0.8127,0.8091,0.8103,1095826.0
2024-05-26 07:00:00+00:00,0.8103,0.8155,0.8082,0.8113,2271688.34
2024-05-26 08:00:00+00:00,0.8113,0.8132,0.8059,0.8095,3078916.77
2024-05-26 09:00:00+00:00,0.8095,0.8109,0.801,0.8072,4466860.66
2024-05-26 10:00:00+00:00,0.8072,0.8167,0.8068,0.8154,1863925.38
2024-05-26 11:00:00+00:00,0.8154,0.8165,0.8098,0.8106,2207870.7
2024-05-26 12:00:00+00:00,0.8106,0.811,0.8039,0.8056,2098694.75
2024-05-26 13:00:00+00:00,0.8056,0.8078,0.8021,0.8076,1419250.32
2024-05-26 14:00:00+00:00,0.8076,0.8162,0.8033,0.8153,2315202.66
2024-05-26 15:00:00+00:00,0.8153,0.8227,0.8085,0.8127,5447699.91
2024-05-26 16:00:00+00:00,0.8127,0.8162,0.8054,0.8102,2563886.38
2024-05-26 17:00:00+00:00,0.8102,0.8117,0.8045,0.8073,1649723.87
2024-05-26 18:00:00+00:00,0.8073,0.8146,0.8053,0.8107,2292425.43
2024-05-26 19:00:00+00:00,0.8107,0.8135,0.8089,0.8106,777719.76
2024-05-26 20:00:00+00:00,0.8106,0.8114,0.8056,0.8077,941263.65
2024-05-26 21:00:00+00:00,0.8077,0.8134,0.8004,0.8134,1728657.6
2024-05-26 22:00:00+00:00,0.8134,0.8218,0.8115,0.8192,2872829.14
2024-05-26 23:00:00+00:00,0.8192,0.8222,0.8168,0.8189,1273015.16
2024-05-27 00:00:00+00:00,0.8189,0.8262,0.8162,0.8253,2424592.47
2024-05-27 01:00:00+00:00,0.8253,0.8302,0.8195,0.8263,2273740.05
2024-05-27 02:00:00+00:00,0.8263,0.8282,0.819,0.8203,1906996.94
2024-05-27 03:00:00+00:00,0.8203,0.8322,0.8201,0.8293,1496247.05
2024-05-27 04:00:00+00:00,0.8293,0.8332,0.8231,0.8233,2640203.28
2024-05-27 05:00:00+00:00,0.8233,0.8236,0.8119,0.814,2610997.3
2024-05-27 06:00:00+00:00,0.814,0.8162,0.8069,0.8085,2177604.5
2024-05-27 07:00:00+00:00,0.8085,0.8127,0.8063,0.8109,2807309.19
2024-05-27 08:00:00+00:00,0.8109,0.8168,0.8102,0.8131,3451183.41
2024-05-27 09:00:00+00:00,0.8131,0.8225,0.8118,0.8158,4036641.04
2024-05-27 10:00:00+00:00,0.8158,0.8219,0.8116,0.8164,3171752.01
2024-05-27 11:00:00+00:00,0.8164,0.8229,0.8149,0.8203,3394917.05
2024-05-27 12:00:00+00:00,0.8203,0.8225,0.8179,0.8184,2177650.66
2024-05-27 13:00:00+00:00,0.8184,0.8317,0.8184,0.8293,4465795.06
2024-05-27 14:00:00+00:00,0.8293,0.8374,0.8259,0.8334,5977858.04
2024-05-27 15:00:00+00:00,0.8334,0.8489,0.8334,0.8486,7629886.72
2024-05-27 16:00:00+00:00,0.8486,0.8517,0.84,0.8457,7095514.37
2024-05-27 17:00:00+00:00,0.8457,0.8482,0.8398,0.8402,2872638.96
2024-05-27 18:00:00+00:00,0.8402,0.8446,0.8365,0.8368,2089689.96
2024-05-27 19:00:00+00:00,0.8368,0.8405,0.8211,0.8251,7405742.13
2024-05-27 20:00:00+00:00,0.8251,0.836,0.8236,0.8278,5343390.73
2024-05-27 21:00:00+00:00,0.8278,0.8326,0.8262,0.8273,1942528.11
2024-05-27 22:00:00+00:00,0.8273,0.8316,0.8257,0.8257,1970123.69
2024-05-27 23:00:00+00:00,0.8257,0.8264,0.8198,0.8224,2949337.34
2024-05-28 00:00:00+00:00,0.8224,0.8267,0.8116,0.8146,2944198.25
2024-05-28 01:00:00+00:00,0.8146,0.8218,0.8016,0.8035,6628045.71
2024-05-28 02:00:00+00:00,0.8035,0.8102,0.793,0.8084,8978323.89
2024-05-28 03:00:00+00:00,0.8084,0.8111,0.7984,0.8042,4327383.31
2024-05-28 04:00:00+00:00,0.8042,0.8042,0.7879,0.7925,6018197.16
2024-05-28 05:00:00+00:00,0.7925,0.8006,0.7895,0.8005,3374468.76
2024-05-28 06:00:00+00:00,0.8005,0.8052,0.7976,0.8044,2167384.44
2024-05-28 07:00:00+00:00,0.8044,0.8075,0.8016,0.8055,2408211.15
2024-05-28 08:00:00+00:00,0.8055,0.8142,0.8043,0.812,3336245.87
2024-05-28 09:00:00+00:00,0.812,0.8173,0.8096,0.8169,2631853.54
2024-05-28 10:00:00+00:00,0.8169,0.8258,0.8163,0.822,5436648.51
2024-05-28 11:00:00+00:00,0.822,0.8284,0.8189,0.8275,4216933.87
2024-05-28 12:00:00+00:00,0.8275,0.8356,0.8242,0.8321,5838616.04
2024-05-28 13:00:00+00:00,0.8321,0.8346,0.8072,0.8084,9926085.32
2024-05-28 14:00:00+00:00,0.8084,0.8181,0.8033,0.8073,8023057.42
2024-05-28 15:00:00+00:00,0.8073,0.8161,0.8035,0.8137,5892189.7
2024-05-28 16:00:00+00:00,0.8137,0.8336,0.8024,0.8058,14601074.13
2024-05-28 17:00:00+00:00,0.8058,0.8243,0.8049,0.8165,6764585.61
2024-05-28 18:00:00+00:00,0.8165,0.8197,0.8053,0.8134,4200476.08
2024-05-28 19:00:00+00:00,0.8134,0.8228,0.8124,0.8214,2741021.96
2024-05-28 20:00:00+00:00,0.8214,0.8265,0.8211,0.8244,2959760.05
2024-05-28 21:00:00+00:00,0.8244,0.8313,0.8229,0.8289,3961621.88
2024-05-28 22:00:00+00:00,0.8289,0.8327,0.8242,0.8246,2056332.71
2024-05-28 23:00:00+00:00,0.8246,0.8298,0.8225,0.8279,1661333.93
2024-05-29 00:00:00+00:00,0.8279,0.8339,0.8271,0.8282,2648936.21
2024-05-29 01:00:00+00:00,0.8282,0.8312,0.8223,0.8264,2596347.52
2024-05-29 02:00:00+00:00,0.8264,0.8323,0.8234,0.8281,2168492.64
2024-05-29 03:00:00+00:00,0.8281,0.8333,0.8271,0.8297,2229735.46
2024-05-29 04:00:00+00:00,0.8297,0.8427,0.8284,0.8395,4583129.85
2024-05-29 05:00:00+00:00,0.8395,0.8444,0.8365,0.8383,3802777.38
2024-05-29 06:00:00+00:00,0.8383,0.8423,0.8236,0.8239,6008483.73
2024-05-29 07:00:00+00:00,0.8239,0.8243,0.8153,0.8153,4688760.45
2024-05-29 08:00:00+00:00,0.8153,0.819,0.8061,0.819,6183455.22
2024-05-29 09:00:00+00:00,0.819,0.8238,0.8126,0.8193,4313610.31
2024-05-29 10:00:00+00:00,0.8193,0.8221,0.8167,0.8189,2488577.11
2024-05-29 11:00:00+00:00,0.8189,0.8208,0.8126,0.8137,2729007.37
2024-05-29 12:00:00+00:00,0.8137,0.82,0.8093,0.8136,2892652.24
2024-05-29 13:00:00+00:00,0.8136,0.8199,0.8067,0.8117,8352576.81
2024-05-29 14:00:00+00:00,0.8117,0.8171,0.8085,0.8121,3326866.78
2024-05-29 15:00:00+00:00,0.8121,0.8154,0.8039,0.8052,4847652.95
2024-05-29 16:00:00+00:00,0.8052,0.816,0.7974,0.811,7382627.93
2024-05-29 17:00:00+00:00,0.811,0.8131,0.8074,0.8128,2394966.86
2024-05-29 18:00:00+00:00,0.8128,0.8185,0.8111,0.815,3695291.48
2024-05-29 19:00:00+00:00,0.815,0.8235,0.8126,0.8139,4249925.11
2024-05-29 20:00:00+00:00,0.8139,0.8152,0.8086,0.8101,2114362.13
2024-05-29 21:00:00+00:00,0.8101,0.8138,0.8026,0.8112,2995741.73
2024-05-29 22:00:00+00:00,0.8112,0.8133,0.8067,0.8077,1845350.59
2024-05-29 23:00:00+00:00,0.8077,0.8099,0.8022,0.8036,1764109.1
2024-05-30 00:00:00+00:00,0.8036,0.8089,0.8029,0.8038,2246830.48
2024-05-30 01:00:00+00:00,0.8038,0.8101,0.8022,0.8074,1679129.27
2024-05-30 02:00:00+00:00,0.8074,0.8142,0.8074,0.8083,1543431.22
2024-05-30 03:00:00+00:00,0.8083,0.812,0.8063,0.8118,1032519.04
2024-05-30 04:00:00+00:00,0.8118,0.8177,0.8092,0.8099,1839543.55
2024-05-30 05:00:00+00:00,0.8099,0.8105,0.804,0.8078,1834516.5
2024-05-30 06:00:00+00:00,0.8078,0.8085,0.7876,0.7888,6788147.71
2024-05-30 07:00:00+00:00,0.7888,0.7931,0.7761,0.7796,7334672.02
2024-05-30 08:00:00+00:00,0.7796,0.7901,0.7728,0.7896,10127935.61
2024-05-30 09:00:00+00:00,0.7896,0.7917,0.786,0.7901,3219879.51
2024-05-30 10:00:00+00:00,0.7901,0.7925,0.784,0.7888,5028254.29
2024-05-30 11:00:00+00:00,0.7888,0.7959,0.7861,0.7905,5327936.37
2024-05-30 12:00:00+00:00,0.7905,0.7969,0.7883,0.7921,3773425.89
2024-05-30 13:00:00+00:00,0.7921,0.8023,0.7916,0.8007,6292718.03
2024-05-30 14:00:00+00:00,0.8007,0.8049,0.7915,0.7932,3622584.09
2024-05-30 15:00:00+00:00,0.7932,0.796,0.7891,0.7936,3675666.66
2024-05-30 16:00:00+00:00,0.7936,0.7977,0.793,0.7966,3075676.44
2024-05-30 17:00:00+00:00,0.7966,0.8162,0.794,0.7998,8813456.24
2024-05-30 18:00:00+00:00,0.7998,0.8023,0.7943,0.8003,3229303.45
2024-05-30 19:00:00+00:00,0.8003,0.8004,0.7874,0.7902,4183297.06
2024-05-30 20:00:00+00:00,0.7902,0.7902,0.7765,0.7817,5244852.14
2024-05-30 21:00:00+00:00,0.7817,0.786,0.7783,0.7845,6208889.93
2024-05-30 22:00:00+00:00,0.7845,0.7852,0.7817,0.7835,1345093.41
2024-05-30 23:00:00+00:00,0.7835,0.7862,0.7813,0.7823,981795.69
2024-05-31 00:00:00+00:00,0.7823,0.7823,0.7747,0.7792,2109903.73
2024-05-31 01:00:00+00:00,0.7792,0.7813,0.7675,0.7705,4079284.91
2024-05-31 02:00:00+00:00,0.7705,0.7773,0.7691,0.7757,3146239.94
2024-05-31 03:00:00+00:00,0.7757,0.7761,0.7701,0.7738,4356018.45
2024-05-31 04:00:00+00:00,0.7738,0.7777,0.7704,0.7721,3141660.51
2024-05-31 05:00:00+00:00,0.7721,0.7745,0.7626,0.7708,5443588.92
2024-05-31 06:00:00+00:00,0.7708,0.7751,0.7696,0.7726,2256508.15
2024-05-31 07:00:00+00:00,0.7726,0.7769,0.7725,0.7759,1413107.54
2024-05-31 08:00:00+00:00,0.7759,0.7829,0.7745,0.7818,4190205.28
2024-05-31 09:00:00+00:00,0.7818,0.7849,0.7759,0.7831,6472267.17
2024-05-31 10:00:00+00:00,0.7831,0.7899,0.7827,0.7889,2915870.72
2024-05-31 11:00:00+00:00,0.7889,0.7925,0.7883,0.7924,1982301.76
2024-05-31 12:00:00+00:00,0.7924,0.8061,0.7913,0.7986,4825778.96
2024-05-31 13:00:00+00:00,0.7986,0.8013,0.7891,0.7906,7440928.42
2024-05-31 14:00:00+00:00,0.7906,0.7984,0.7856,0.7982,4069628.64
2024-05-31 15:00:00+00:00,0.7982,0.8029,0.7809,0.7815,5930777.17
2024-05-31 16:00:00+00:00,0.7815,0.7917,0.7729,0.7894,7150950.42
2024-05-31 17:00:00+00:00,0.7894,0.7944,0.7882,0.7912,2719306.43
2024-05-31 18:00:00+00:00,0.7912,0.7926,0.7843,0.7854,2194000.71
2024-05-31 19:00:00+00:00,0.7854,0.7916,0.7839,0.7892,1156286.24
2024-05-31 20:00:00+00:00,0.7892,0.7955,0.7878,0.7948,1329780.67
2024-05-31 21:00:00+00:00,0.7948,0.7986,0.7929,0.7931,1283683.92
2024-05-31 22:00:00+00:00,0.7931,0.7947,0.792,0.7939,681983.57
2024-05-31 23:00:00+00:00,0.7939,0.7964,0.7893,0.7927,1991424.19
2024-06-01 00:00:00+00:00,0.7927,0.7992,0.7926,0.7942,3223040.53
2024-06-01 01:00:00+00:00,0.7942,0.7948,0.7865,0.7894,2973934.3
2024-06-01 02:00:00+00:00,0.7894,0.7911,0.7883,0.791,666221.09
2024-06-01 03:00:00+00:00,0.791,0.7923,0.7873,0.7884,1117485.93
2024-06-01 04:00:00+00:00,0.7884,0.7899,0.7865,0.7888,1650280.82
2024-06-01 05:00:00+00:00,0.7888,0.79,0.7867,0.7878,722097.82
2024-06-01 06:00:00+00:00,0.7878,0.7885,0.7831,0.7856,1313490.31
2024-06-01 07:00:00+00:00,0.7856,0.7871,0.7837,0.7841,1355411.56
2024-06-01 08:00:00+00:00,0.7841,0.7864,0.7817,0.7857,1458715.09
2024-06-01 09:00:00+00:00,0.7857,0.7872,0.782,0.7826,1022497.2
2024-06-01 10:00:00+00:00,0.7826,0.7832,0.7784,0.7805,1288449.45
2024-06-01 11:00:00+00:00,0.7805,0.7819,0.7778,0.7781,1535103.51
2024-06-01 12:00:00+00:00,0.7781,0.7812,0.7763,0.7794,1695585.85
2024-06-01 13:00:00+00:00,0.7794,0.784,0.779,0.7812,1682164.86
2024-06-01 14:00:00+00:00,0.7812,0.7871,0.7802,0.7861,981883.99
2024-06-01 15:00:00+00:00,0.7861,0.7899,0.7844,0.7845,1883698.35
2024-06-01 16:00:00+00:00,0.7845,0.7882,0.7842,0.786,1009403.95
2024-06-01 17:00:00+00:00,0.786,0.786,0.7802,0.7857,2059550.61
2024-06-01 18:00:00+00:00,0.7857,0.7866,0.7829,0.7837,583181.45
2024-06-01 19:00:00+00:00,0.7837,0.7862,0.7827,0.7849,875780.99
2024-06-01 20:00:00+00:00,0.7849,0.7867,0.7843,0.7863,772651.3
2024-06-01 21:00:00+00:00,0.7863,0.7913,0.7856,0.7905,2801251.13
2024-06-01 22:00:00+00:00,0.7905,0.7926,0.7902,0.7908,893927.64
2024-06-01 23:00:00+00:00,0.7908,0.7914,0.7855,0.7875,966402.81
2024-06-02 00:00:00+00:00,0.7875,0.7926,0.7873,0.7922,833042.78
2024-06-02 01:00:00+00:00,0.7922,0.7961,0.7907,0.7917,1087507.07
2024-06-02 02:00:00+00:00,0.7917,0.7926,0.7862,0.7887,961179.19
2024-06-02 03:00:00+00:00,0.7887,0.7978,0.7882,0.7957,2031140.49
2024-06-02 04:00:00+00:00,0.7957,0.8014,0.7953,0.7983,1754731.0
2024-06-02 05:00:00+00:00,0.7983,0.8019,0.7936,0.7943,1450505.76
2024-06-02 06:00:00+00:00,0.7943,0.7974,0.7936,0.7968,1042965.85
2024-06-02 07:00:00+00:00,0.7968,0.7975,0.7888,0.7925,1366982.09
2024-06-02 08:00:00+00:00,0.7925,0.7975,0.7918,0.7933,1486737.52
2024-06-02 09:00:00+00:00,0.7933,0.7933,0.7823,0.7864,2769923.34
2024-06-02 10:00:00+00:00,0.7864,0.7898,0.7821,0.7894,1517164.51
2024-06-02 11:00:00+00:00,0.7894,0.7952,0.7856,0.7935,2433402.85
2024-06-02 12:00:00+00:00,0.7935,0.7962,0.786,0.7883,3736667.8
2024-06-02 13:00:00+00:00,0.7883,0.7906,0.7849,0.7896,2090032.1
2024-06-02 14:00:00+00:00,0.7896,0.795,0.7891,0.7927,4823430.89
2024-06-02 15:00:00+00:00,0.7927,0.7933,0.7881,0.7885,1642262.4
2024-06-02 16:00:00+00:00,0.7885,0.7901,0.7817,0.7831,2486843.49
2024-06-02 17:00:00+00:00,0.7831,0.7831,0.7732,0.7732,3910328.63
2024-06-02 18:00:00+00:00,0.7732,0.7771,0.7652,0.7763,4394947.4
2024-06-02 19:00:00+00:00,0.7763,0.7765,0.7677,0.774,2574064.32
2024-06-02 20:00:00+00:00,0.774,0.7743,0.7654,0.7716,2493218.88
2024-06-02 21:00:00+00:00,0.7716,0.7736,0.7686,0.7695,1640808.9
2024-06-02 22:00:00+00:00,0.7695,0.7709,0.7646,0.7675,1830250.51
2024-06-02 23:00:00+00:00,0.7675,0.774,0.7673,0.771,947207.34
2024-06-03 00:00:00+00:00,0.771,0.7729,0.7596,0.7658,3764767.96
2024-06-03 01:00:00+00:00,0.7658,0.781,0.7647,0.7807,2727777.02
2024-06-03 02:00:00+00:00,0.7807,0.7873,0.779,0.7834,2743833.91
2024-06-03 03:00:00+00:00,0.7834,0.8104,0.7818,0.8069,16946680.32
2024-06-03 04:00:00+00:00,0.8069,0.8113,0.7935,0.8045,8190054.68
2024-06-03 05:00:00+00:00,0.8045,0.8183,0.8045,0.8119,9030935.84
2024-06-03 06:00:00+00:00,0.8119,0.8212,0.807,0.8195,4027556.15
2024-06-03 07:00:00+00:00,0.8195,0.8264,0.8153,0.8186,4152337.74
2024-06-03 08:00:00+00:00,0.8186,0.8208,0.8093,0.8122,6233851.3
2024-06-03 09:00:00+00:00,0.8122,0.8127,0.8029,0.8055,2884103.43
2024-06-03 10:00:00+00:00,0.8055,0.8091,0.8028,0.8054,2683461.92
2024-06-03 11:00:00+00:00,0.8054,0.8165,0.8038,0.8124,5190909.4
2024-06-03 12:00:00+00:00,0.8124,0.8225,0.81,0.8206,4495394.05
2024-06-03 13:00:00+00:00,0.8206,0.8259,0.8173,0.8201,4112476.94
2024-06-03 14:00:00+00:00,0.8201,0.8238,0.8004,0.8049,8582221.49
2024-06-03 15:00:00+00:00,0.8049,0.8143,0.8047,0.811,2991715.42
2024-06-03 16:00:00+00:00,0.811,0.8115,0.801,0.806,3412354.96
2024-06-03 17:00:00+00:00,0.806,0.81,0.8023,0.8092,3306577.81
2024-06-03 18:00:00+00:00,0.8092,0.8161,0.8062,0.8144,3806245.36
2024-06-03 19:00:00+00:00,0.8144,0.8171,0.8108,0.8167,2942697.51
2024-06-03 20:00:00+00:00,0.8167,0.8193,0.8127,0.8128,1713594.59
2024-06-03 21:00:00+00:00,0.8128,0.8154,0.8076,0.8119,1596116.86
2024-06-03 22:00:00+00:00,0.8119,0.8119,0.8057,0.8091,1233007.57
2024-06-03 23:00:00+00:00,0.8091,0.8097,0.8028,0.8049,848649.22
2024-06-04 00:00:00+00:00,0.8049,0.8124,0.7995,0.8112,2951249.8
2024-06-04 01:00:00+00:00,0.8112,0.818,0.8051,0.8178,2404407.39
2024-06-04 02:00:00+00:00,0.8178,0.8179,0.813,0.8166,1775977.7
2024-06-04 03:00:00+00:00,0.8166,0.8253,0.8144,0.8219,3736780.4
2024-06-04 04:00:00+00:00,0.8219,0.829,0.8192,0.825,4832612.31
2024-06-04 05:00:00+00:00,0.825,0.8323,0.8214,0.8248,6472619.82
2024-06-04 06:00:00+00:00,0.8248,0.831,0.8203,0.8245,3904967.9
2024-06-04 07:00:00+00:00,0.8245,0.8352,0.824,0.8273,5840920.26
2024-06-04 08:00:00+00:00,0.8273,0.8357,0.8253,0.8296,4474378.26
2024-06-04 09:00:00+00:00,0.8296,0.8318,0.8187,0.8234,5118359.51
2024-06-04 10:00:00+00:00,0.8234,0.827,0.8194,0.8255,4949425.28
2024-06-04 11:00:00+00:00,0.8255,0.8263,0.8191,0.8206,3150092.55
2024-06-04 12:00:00+00:00,0.8206,0.821,0.8102,0.8115,3361738.3
2024-06-04 13:00:00+00:00,0.8115,0.8179,0.8095,0.8122,3603275.27
2024-06-04 14:00:00+00:00,0.8122,0.8219,0.8089,0.8151,4238598.07
2024-06-04 15:00:00+00:00,0.8151,0.8335,0.8123,0.8308,4416603.02
2024-06-04 16:00:00+00:00,0.8308,0.8348,0.8272,0.8309,3669762.82
2024-06-04 17:00:00+00:00,0.8309,0.8448,0.8257,0.8447,8022477.55
2024-06-04 18:00:00+00:00,0.8447,0.8498,0.8403,0.8419,7459528.01
2024-06-04 19:00:00+00:00,0.8419,0.8419,0.8299,0.834,4489004.72
2024-06-04 20:00:00+00:00,0.834,0.8341,0.8277,0.8321,1863579.5
2024-06-04 21:00:00+00:00,0.8321,0.834,0.8284,0.8306,1419674.1
2024-06-04 22:00:00+00:00,0.8306,0.8371,0.8295,0.8339,1391320.04
2024-06-04 23:00:00+00:00,0.8339,0.8381,0.8319,0.8367,938178.88
2024-06-05 00:00:00+00:00,0.8367,0.8496,0.8364,0.8491,3458181.7
2024-06-05 01:00:00+00:00,0.8491,0.8542,0.845,0.8499,3641450.53
2024-06-05 02:00:00+00:00,0.8499,0.8509,0.8406,0.8413,2230628.71
2024-06-05 03:00:00+00:00,0.8413,0.8428,0.8324,0.8353,2347135.97
2024-06-05 04:00:00+00:00,0.8353,0.8387,0.8328,0.8369,2428087.14
2024-06-05 05:00:00+00:00,0.8369,0.8415,0.8312,0.8392,2119323.71
2024-06-05 06:00:00+00:00,0.8392,0.8514,0.8372,0.8483,5279424.14
2024-06-05 07:00:00+00:00,0.8483,0.8532,0.8464,0.8515,3844360.81
2024-06-05 08:00:00+00:00,0.8515,0.8522,0.8415,0.8418,2741054.74
2024-06-05 09:00:00+00:00,0.8418,0.8436,0.8354,0.8371,2024073.76
2024-06-05 10:00:00+00:00,0.8371,0.8383,0.8335,0.8357,1415853.46
2024-06-05 11:00:00+00:00,0.8357,0.836,0.8326,0.8336,1357680.01
2024-06-05 12:00:00+00:00,0.8336,0.8362,0.8267,0.8302,2710759.07
2024-06-05 13:00:00+00:00,0.8302,0.8366,0.8278,0.8294,2984958.19
2024-06-05 14:00:00+00:00,0.8294,0.832,0.823,0.8306,4853931.88
2024-06-05 15:00:00+00:00,0.8306,0.8557,0.8284,0.8444,10006778.17
2024-06-05 16:00:00+00:00,0.8444,0.8481,0.8385,0.8404,4275087.98
2024-06-05 17:00:00+00:00,0.8404,0.8474,0.84,0.8432,2884642.6
2024-06-05 18:00:00+00:00,0.8432,0.8451,0.8352,0.8388,1826100.02
2024-06-05 19:00:00+00:00,0.8388,0.8415,0.8357,0.8408,1710703.8
2024-06-05 20:00:00+00:00,0.8408,0.8418,0.8363,0.8392,1209611.84
2024-06-05 21:00:00+00:00,0.8392,0.8397,0.8274,0.8306,3818864.6
2024-06-05 22:00:00+00:00,0.8306,0.8314,0.8262,0.8271,1537691.62
2024-06-05 23:00:00+00:00,0.8271,0.8314,0.8268,0.8285,1147227.9
2024-06-06 00:00:00+00:00,0.8285,0.831,0.8269,0.8305,935979.77
2024-06-06 01:00:00+00:00,0.8305,0.837,0.8294,0.8316,1473287.66
2024-06-06 02:00:00+00:00,0.8316,0.8343,0.8304,0.8317,795567.88
2024-06-06 03:00:00+00:00,0.8317,0.833,0.826,0.8266,1612405.86
2024-06-06 04:00:00+00:00,0.8266,0.8271,0.8175,0.8238,3319838.8
2024-06-06 05:00:00+00:00,0.8238,0.8243,0.8161,0.8171,2726084.94
2024-06-06 06:00:00+00:00,0.8171,0.8198,0.8105,0.8115,4693095.55
2024-06-06 07:00:00+00:00,0.8115,0.8161,0.8087,0.8157,3100907.62
2024-06-06 08:00:00+00:00,0.8157,0.8157,0.8109,0.814,1691784.21
2024-06-06 09:00:00+00:00,0.814,0.831,0.814,0.8179,5852755.01
2024-06-06 10:00:00+00:00,0.8179,0.8194,0.8122,0.8148,3622610.78
2024-06-06 11:00:00+00:00,0.8148,0.8174,0.8131,0.8152,3359359.7
2024-06-06 12:00:00+00:00,0.8152,0.8222,0.8136,0.8177,3162090.14
2024-06-06 13:00:00+00:00,0.8177,0.8202,0.8125,0.8172,2922477.44
2024-06-06 14:00:00+00:00,0.8172,0.8201,0.814,0.8184,2348891.2
2024-06-06 15:00:00+00:00,0.8184,0.8235,0.8163,0.8166,2000034.21
2024-06-06 16:00:00+00:00,0.8166,0.8196,0.8073,0.8085,4126723.43
2024-06-06 17:00:00+00:00,0.8085,0.8142,0.8053,0.8121,2054452.33
2024-06-06 18:00:00+00:00,0.8121,0.8135,0.8078,0.8107,2701329.93
2024-06-06 19:00:00+00:00,0.8107,0.8112,0.7994,0.8004,3705917.86
2024-06-06 20:00:00+00:00,0.8004,0.8052,0.7917,0.805,4420180.76
2024-06-06 21:00:00+00:00,0.805,0.8059,0.8008,0.8035,1793551.8
2024-06-06 22:00:00+00:00,0.8035,0.8081,0.8019,0.8071,2181224.43
2024-06-06 23:00:00+00:00,0.8071,0.8083,0.8054,0.8061,932760.67
2024-06-07 00:00:00+00:00,0.8061,0.8062,0.8032,0.8033,793591.74
2024-06-07 01:00:00+00:00,0.8033,0.8058,0.8008,0.8046,1038656.07
2024-06-07 02:00:00+00:00,0.8046,0.8057,0.7979,0.8028,1669049.39
2024-06-07 03:00:00+00:00,0.8028,0.8053,0.8007,0.8049,1782138.63
2024-06-07 04:00:00+00:00,0.8049,0.8116,0.8038,0.8097,2897116.38
2024-06-07 05:00:00+00:00,0.8097,0.8148,0.8091,0.812,2093056.19
2024-06-07 06:00:00+00:00,0.812,0.8148,0.8112,0.8148,1389609.45
2024-06-07 07:00:00+00:00,0.8148,0.815,0.8094,0.8105,2084615.33
2024-06-07 08:00:00+00:00,0.8105,0.8114,0.8075,0.8089,1398199.68
2024-06-07 09:00:00+00:00,0.8089,0.8099,0.8056,0.8076,1361488.63
2024-06-07 10:00:00+00:00,0.8076,0.8104,0.8043,0.8104,1532986.62
2024-06-07 11:00:00+00:00,0.8104,0.8179,0.8095,0.8178,2839524.39
2024-06-07 12:00:00+00:00,0.8178,0.8195,0.7937,0.8064,10138424.26
2024-06-07 13:00:00+00:00,0.8064,0.8179,0.8019,0.8177,3828915.19
2024-06-07 14:00:00+00:00,0.8177,0.8197,0.812,0.8159,2987142.31
2024-06-07 15:00:00+00:00,0.8159,0.8184,0.8047,0.8073,2632944.92
2024-06-07 16:00:00+00:00,0.8073,0.8074,0.7903,0.7936,5245655.86
2024-06-07 17:00:00+00:00,0.7936,0.7936,0.7739,0.7739,7866310.4
2024-06-07 18:00:00+00:00,0.7739,0.7751,0.6713,0.7075,55884928.97
2024-06-07 19:00:00+00:00,0.7075,0.721,0.6952,0.7147,11414326.59
2024-06-07 20:00:00+00:00,0.7147,0.7213,0.7101,0.7197,4569127.6
2024-06-07 21:00:00+00:00,0.7197,0.7221,0.7167,0.7199,3858868.16
2024-06-07 22:00:00+00:00,0.7199,0.7264,0.7186,0.725,3003585.1
2024-06-07 23:00:00+00:00,0.725,0.725,0.7208,0.7225,2496964.21
2024-06-08 00:00:00+00:00,0.7225,0.7245,0.7185,0.7194,4807262.68
2024-06-08 01:00:00+00:00,0.7194,0.7278,0.7187,0.7276,2427664.26
2024-06-08 02:00:00+00:00,0.7276,0.7293,0.7258,0.7285,2048781.31
2024-06-08 03:00:00+00:00,0.7285,0.7293,0.726,0.7262,980862.59
2024-06-08 04:00:00+00:00,0.7262,0.7282,0.7211,0.7211,1507872.31
2024-06-08 05:00:00+00:00,0.7211,0.7239,0.7203,0.721,1445758.61
2024-06-08 06:00:00+00:00,0.721,0.7244,0.7196,0.7212,1699270.27
2024-06-08 07:00:00+00:00,0.7212,0.7258,0.7212,0.7235,1837874.2
2024-06-08 08:00:00+00:00,0.7235,0.7236,0.7206,0.7211,1193286.08
2024-06-08 09:00:00+00:00,0.7211,0.7234,0.7181,0.7186,2273441.84
2024-06-08 10:00:00+00:00,0.7186,0.7187,0.7124,0.7135,2665747.01
2024-06-08 11:00:00+00:00,0.7135,0.7151,0.7003,0.7038,4442154.44
2024-06-08 12:00:00+00:00,0.7038,0.7085,0.699,0.7041,5421461.51
2024-06-08 13:00:00+00:00,0.7041,0.7069,0.6966,0.7062,6024199.14
2024-06-08 14:00:00+00:00,0.7062,0.7062,0.6966,0.7036,2770687.38
2024-06-08 15:00:00+00:00,0.7036,0.7057,0.6948,0.6972,6162827.19
2024-06-08 16:00:00+00:00,0.6972,0.6996,0.6872,0.6904,5820036.32
2024-06-08 17:00:00+00:00,0.6904,0.6958,0.6832,0.6912,4165903.51
2024-06-08 18:00:00+00:00,0.6912,0.6984,0.6906,0.693,2983206.92
2024-06-08 19:00:00+00:00,0.693,0.697,0.6926,0.6938,1531505.09
2024-06-08 20:00:00+00:00,0.6938,0.6955,0.6908,0.6915,1431975.96
2024-06-08 21:00:00+00:00,0.6915,0.6952,0.6904,0.6911,1065448.47
2024-06-08 22:00:00+00:00,0.6911,0.6927,0.685,0.6896,2371707.97
2024-06-08 23:00:00+00:00,0.6896,0.6933,0.6885,0.6899,3293175.65
2024-06-09 00:00:00+00:00,0.6899,0.6955,0.6884,0.693,3869687.39
2024-06-09 01:00:00+00:00,0.693,0.6981,0.6923,0.6948,1439142.06
2024-06-09 02:00:00+00:00,0.6948,0.6948,0.6844,0.685,2170229.55
2024-06-09 03:00:00+00:00,0.685,0.6906,0.6846,0.6861,4741791.67
2024-06-09 04:00:00+00:00,0.6861,0.689,0.6831,0.684,2013145.03
2024-06-09 05:00:00+00:00,0.684,0.69,0.6787,0.6894,2750678.13
2024-06-09 06:00:00+00:00,0.6894,0.693,0.6889,0.6919,1338211.66
2024-06-09 07:00:00+00:00,0.6919,0.6946,0.6901,0.6908,1289101.15
2024-06-09 08:00:00+00:00,0.6908,0.6948,0.689,0.6931,1527729.26
2024-06-09 09:00:00+00:00,0.6931,0.6934,0.6874,0.6882,1488301.14
2024-06-09 10:00:00+00:00,0.6882,0.6887,0.6838,0.6844,2000762.47
2024-06-09 11:00:00+00:00,0.6844,0.6874,0.6836,0.6864,1642339.78
2024-06-09 12:00:00+00:00,0.6864,0.6932,0.6828,0.6929,2583713.0
2024-06-09 13:00:00+00:00,0.6929,0.6941,0.6815,0.6844,2929102.77
2024-06-09 14:00:00+00:00,0.6844,0.6919,0.6837,0.6914,2309921.21
2024-06-09 15:00:00+00:00,0.6914,0.6922,0.6882,0.6886,1473736.98
2024-06-09 16:00:00+00:00,0.6886,0.693,0.6872,0.6918,946520.88
2024-06-09 17:00:00+00:00,0.6918,0.6933,0.6898,0.6914,969977.39
2024-06-09 18:00:00+00:00,0.6914,0.6989,0.6904,0.6988,2022614.91
2024-06-09 19:00:00+00:00,0.6988,0.7026,0.6965,0.6969,2175207.63
2024-06-09 20:00:00+00:00,0.6969,0.6993,0.6955,0.696,1687022.31
2024-06-09 21:00:00+00:00,0.696,0.7008,0.6955,0.6999,1209557.99
2024-06-09 22:00:00+00:00,0.6999,0.7031,0.6965,0.6968,3154996.25
2024-06-09 23:00:00+00:00,0.6968,0.6971,0.6947,0.6962,1419565.07
2024-06-10 00:00:00+00:00,0.6962,0.6963,0.6892,0.6909,2128066.67
2024-06-10 01:00:00+00:00,0.6909,0.6941,0.6883,0.6909,880113.74
2024-06-10 02:00:00+00:00,0.6909,0.6939,0.6895,0.6897,950096.23
2024-06-10 03:00:00+00:00,0.6897,0.6898,0.6838,0.6859,2434580.83
2024-06-10 04:00:00+00:00,0.6859,0.688,0.6818,0.6869,1451023.64
2024-06-10 05:00:00+00:00,0.6869,0.6873,0.6809,0.6834,1886078.75
2024-06-10 06:00:00+00:00,0.6834,0.6856,0.6794,0.681,3272634.6
2024-06-10 07:00:00+00:00,0.681,0.6814,0.6684,0.669,5396011.47
2024-06-10 08:00:00+00:00,0.669,0.6837,0.6688,0.6829,3839083.24
2024-06-10 09:00:00+00:00,0.6829,0.6884,0.6815,0.6865,2145400.43
2024-06-10 10:00:00+00:00,0.6865,0.6893,0.6848,0.6859,1212587.82
2024-06-10 11:00:00+00:00,0.6859,0.6876,0.683,0.6839,1378745.3
2024-06-10 12:00:00+00:00,0.6839,0.6844,0.6781,0.679,1550562.39
2024-06-10 13:00:00+00:00,0.679,0.6831,0.6756,0.6806,2347164.9
2024-06-10 14:00:00+00:00,0.6806,0.6872,0.6781,0.687,1877700.65
2024-06-10 15:00:00+00:00,0.687,0.6993,0.686,0.6976,2925810.68
2024-06-10 16:00:00+00:00,0.6976,0.6981,0.6878,0.6925,3423787.32
2024-06-10 17:00:00+00:00,0.6925,0.693,0.6876,0.6908,3504222.59
2024-06-10 18:00:00+00:00,0.6908,0.6915,0.6822,0.6858,2347857.08
2024-06-10 19:00:00+00:00,0.6858,0.6865,0.68,0.6813,1922578.72
2024-06-10 20:00:00+00:00,0.6813,0.6819,0.674,0.6781,2452952.44
2024-06-10 21:00:00+00:00,0.6781,0.6806,0.6758,0.6793,1069422.84
2024-06-10 22:00:00+00:00,0.6793,0.6795,0.6742,0.6792,1175507.68
2024-06-10 23:00:00+00:00,0.6792,0.6801,0.6724,0.6768,1539566.11
2024-06-11 00:00:00+00:00,0.6768,0.6795,0.6737,0.6757,1392094.52
2024-06-11 01:00:00+00:00,0.6757,0.6799,0.6552,0.6602,11444120.77
2024-06-11 02:00:00+00:00,0.6602,0.6629,0.6478,0.6622,16231963.26
2024-06-11 03:00:00+00:00,0.6622,0.6673,0.6609,0.6651,3543263.28
2024-06-11 04:00:00+00:00,0.6651,0.6659,0.656,0.6637,8708726.17
2024-06-11 05:00:00+00:00,0.6637,0.6643,0.661,0.6639,1957255.91
2024-06-11 06:00:00+00:00,0.6639,0.6641,0.6521,0.6543,4012742.96
2024-06-11 07:00:00+00:00,0.6543,0.6592,0.6509,0.6563,6719424.08
2024-06-11 08:00:00+00:00,0.6563,0.6596,0.6522,0.6577,3946912.19
2024-06-11 09:00:00+00:00,0.6577,0.661,0.6544,0.6599,2934196.93
2024-06-11 10:00:00+00:00,0.6599,0.6684,0.6569,0.6624,3244675.35
2024-06-11 11:00:00+00:00,0.6624,0.6634,0.6585,0.6589,2727961.56
2024-06-11 12:00:00+00:00,0.6589,0.6595,0.6472,0.6477,10873320.09
2024-06-11 13:00:00+00:00,0.6477,0.654,0.6362,0.6382,12962380.83
2024-06-11 14:00:00+00:00,0.6382,0.65,0.6348,0.6489,7401883.71
2024-06-11 15:00:00+00:00,0.6489,0.6504,0.6306,0.6382,17760274.96
2024-06-11 16:00:00+00:00,0.6382,0.6445,0.6318,0.6335,6568997.41
2024-06-11 17:00:00+00:00,0.6335,0.6367,0.6232,0.6337,6995940.02
2024-06-11 18:00:00+00:00,0.6337,0.6386,0.6306,0.6351,4427565.35
2024-06-11 19:00:00+00:00,0.6351,0.6384,0.6308,0.6365,3144782.66
2024-06-11 20:00:00+00:00,0.6365,0.6365,0.6315,0.6339,1964408.29
2024-06-11 21:00:00+00:00,0.6339,0.6372,0.632,0.6369,1659255.37
2024-06-11 22:00:00+00:00,0.6369,0.6376,0.6344,0.6362,1565761.15
2024-06-11 23:00:00+00:00,0.6362,0.6388,0.632,0.633,2252672.08
2024-06-12 00:00:00+00:00,0.633,0.6351,0.6265,0.6291,1885246.62
2024-06-12 01:00:00+00:00,0.6291,0.6307,0.6138,0.6253,6820194.9
2024-06-12 02:00:00+00:00,0.6253,0.6375,0.6242,0.6365,5849156.84
2024-06-12 03:00:00+00:00,0.6365,0.6509,0.6364,0.6482,6776418.06
2024-06-12 04:00:00+00:00,0.6482,0.6517,0.6441,0.6482,5624518.79
2024-06-12 05:00:00+00:00,0.6482,0.6488,0.6434,0.6434,2152330.96
2024-06-12 06:00:00+00:00,0.6434,0.6518,0.6434,0.6488,3704454.76
2024-06-12 07:00:00+00:00,0.6488,0.6537,0.6488,0.6523,2357487.04
2024-06-12 08:00:00+00:00,0.6523,0.6558,0.647,0.6477,3726415.38
2024-06-12 09:00:00+00:00,0.6477,0.6528,0.6459,0.6521,1892569.61
2024-06-12 10:00:00+00:00,0.6521,0.6551,0.6517,0.6537,3105422.82
2024-06-12 11:00:00+00:00,0.6537,0.6539,0.6464,0.648,2023061.43
2024-06-12 12:00:00+00:00,0.648,0.6871,0.6475,0.6848,19600495.04
2024-06-12 13:00:00+00:00,0.6848,0.6943,0.676,0.682,8074835.99
2024-06-12 14:00:00+00:00,0.682,0.6921,0.6819,0.6907,6056421.58
2024-06-12 15:00:00+00:00,0.6907,0.695,0.6891,0.6925,5695405.14
2024-06-12 16:00:00+00:00,0.6925,0.6936,0.6862,0.6918,4045397.18
2024-06-12 17:00:00+00:00,0.6918,0.6956,0.6878,0.695,1447397.96
2024-06-12 18:00:00+00:00,0.695,0.6951,0.6746,0.6774,14644179.49
2024-06-12 19:00:00+00:00,0.6774,0.6892,0.6563,0.6609,14770174.58
2024-06-12 20:00:00+00:00,0.6609,0.675,0.6574,0.6715,4645970.8
2024-06-12 21:00:00+00:00,0.6715,0.6764,0.6713,0.6747,2062998.63
2024-06-12 22:00:00+00:00,0.6747,0.6787,0.6732,0.6773,1634636.9
2024-06-12 23:00:00+00:00,0.6773,0.6791,0.675,0.6769,1771647.53
2024-06-13 00:00:00+00:00,0.6769,0.6769,0.6716,0.6751,1623413.15
2024-06-13 01:00:00+00:00,0.6751,0.6752,0.6654,0.666,1756410.87
2024-06-13 02:00:00+00:00,0.666,0.6664,0.6509,0.6517,6921701.27
2024-06-13 03:00:00+00:00,0.6517,0.6536,0.6434,0.6535,8989259.99
2024-06-13 04:00:00+00:00,0.6535,0.662,0.6531,0.6578,2397201.96
2024-06-13 05:00:00+00:00,0.6578,0.6624,0.6577,0.6578,2897417.78
2024-06-13 06:00:00+00:00,0.6578,0.6596,0.6526,0.6537,2105104.03
2024-06-13 07:00:00+00:00,0.6537,0.6562,0.6516,0.6531,1304502.96
2024-06-13 08:00:00+00:00,0.6531,0.6547,0.6493,0.6505,1924583.01
2024-06-13 09:00:00+00:00,0.6505,0.6513,0.6434,0.6507,3190651.14
2024-06-13 10:00:00+00:00,0.6507,0.6538,0.6457,0.6522,1751297.18
2024-06-13 11:00:00+00:00,0.6522,0.6537,0.6471,0.6486,1827718.98
2024-06-13 12:00:00+00:00,0.6486,0.6596,0.646,0.6498,5165904.51
2024-06-13 13:00:00+00:00,0.6498,0.6573,0.6468,0.6488,2763922.17
2024-06-13 14:00:00+00:00,0.6488,0.6516,0.6432,0.6476,5440237.25
2024-06-13 15:00:00+00:00,0.6476,0.6488,0.6321,0.6339,7615085.04
2024-06-13 16:00:00+00:00,0.6339,0.6439,0.6301,0.6437,4129714.13
2024-06-13 17:00:00+00:00,0.6437,0.6522,0.6421,0.6518,3060863.27
2024-06-13 18:00:00+00:00,0.6518,0.6518,0.6434,0.6451,2266194.92
2024-06-13 19:00:00+00:00,0.6451,0.6456,0.6409,0.641,1106611.84
2024-06-13 20:00:00+00:00,0.641,0.6439,0.6362,0.6372,3382304.09
2024-06-13 21:00:00+00:00,0.6372,0.6427,0.6328,0.6414,2176449.02
2024-06-13 22:00:00+00:00,0.6414,0.6444,0.6378,0.6425,2183463.45
2024-06-13 23:00:00+00:00,0.6425,0.6425,0.6365,0.6404,1657774.7
2024-06-14 00:00:00+00:00,0.6404,0.6452,0.6358,0.6401,3037502.73
2024-06-14 01:00:00+00:00,0.6401,0.6468,0.6343,0.6462,6873686.83
2024-06-14 02:00:00+00:00,0.6462,0.6518,0.643,0.6506,5316646.24
2024-06-14 03:00:00+00:00,0.6506,0.6537,0.6459,0.6462,2644167.95
2024-06-14 04:00:00+00:00,0.6462,0.6489,0.6436,0.6436,2085870.09
2024-06-14 05:00:00+00:00,0.6436,0.6509,0.6436,0.6489,3095765.07
2024-06-14 06:00:00+00:00,0.6489,0.6527,0.6461,0.6478,2293917.6
2024-06-14 07:00:00+00:00,0.6478,0.651,0.6459,0.6484,1521360.5
2024-06-14 08:00:00+00:00,0.6484,0.6526,0.6468,0.6485,2660618.88
2024-06-14 09:00:00+00:00,0.6485,0.6485,0.6435,0.6456,3730351.42
2024-06-14 10:00:00+00:00,0.6456,0.6471,0.6438,0.6447,1810379.39
2024-06-14 11:00:00+00:00,0.6447,0.6496,0.6424,0.6469,1814864.72
2024-06-14 12:00:00+00:00,0.6469,0.6499,0.6445,0.647,2692580.08
2024-06-14 13:00:00+00:00,0.647,0.6549,0.6464,0.6533,3306903.07
2024-06-14 14:00:00+00:00,0.6533,0.6539,0.6399,0.6492,5901632.35
2024-06-14 15:00:00+00:00,0.6492,0.6548,0.6401,0.6419,6682134.53
2024-06-14 16:00:00+00:00,0.6419,0.6431,0.6123,0.6157,24597667.21
2024-06-14 17:00:00+00:00,0.6157,0.6237,0.6061,0.6178,9307907.75
2024-06-14 18:00:00+00:00,0.6178,0.6178,0.6044,0.6157,6500500.49
2024-06-14 19:00:00+00:00,0.6157,0.6184,0.6083,0.6094,3373911.74
2024-06-14 20:00:00+00:00,0.6094,0.6145,0.607,0.609,3359595.83
2024-06-14 21:00:00+00:00,0.609,0.628,0.6073,0.6242,5433777.95
2024-06-14 22:00:00+00:00,0.6242,0.6247,0.6141,0.6181,4408281.7
2024-06-14 23:00:00+00:00,0.6181,0.6198,0.6155,0.6185,1388532.63
2024-06-15 00:00:00+00:00,0.6185,0.625,0.6174,0.6205,2523231.47
2024-06-15 01:00:00+00:00,0.6205,0.6256,0.6197,0.6198,979902.78
2024-06-15 02:00:00+00:00,0.6198,0.6267,0.6192,0.6257,973144.16
2024-06-15 03:00:00+00:00,0.6257,0.632,0.6256,0.6319,2368849.96
2024-06-15 04:00:00+00:00,0.6319,0.6334,0.6276,0.6282,1009777.94
2024-06-15 05:00:00+00:00,0.6282,0.6301,0.627,0.6275,753079.98
2024-06-15 06:00:00+00:00,0.6275,0.6334,0.6275,0.628,1917682.28
2024-06-15 07:00:00+00:00,0.628,0.6304,0.6266,0.6283,1151545.02
2024-06-15 08:00:00+00:00,0.6283,0.6342,0.6283,0.6329,1485627.11
2024-06-15 09:00:00+00:00,0.6329,0.6337,0.6294,0.6316,1304224.26
2024-06-15 10:00:00+00:00,0.6316,0.6324,0.6298,0.6318,786022.45
2024-06-15 11:00:00+00:00,0.6318,0.6328,0.6307,0.6317,954138.51
2024-06-15 12:00:00+00:00,0.6317,0.6348,0.6304,0.6339,1216224.66
2024-06-15 13:00:00+00:00,0.6339,0.635,0.6312,0.6342,1359858.08
2024-06-15 14:00:00+00:00,0.6342,0.6343,0.6283,0.6323,2173969.48
2024-06-15 15:00:00+00:00,0.6323,0.6377,0.6319,0.6344,1859715.87
2024-06-15 16:00:00+00:00,0.6344,0.6366,0.6314,0.6316,1329894.6
2024-06-15 17:00:00+00:00,0.6316,0.6349,0.6301,0.6338,1838586.44
2024-06-15 18:00:00+00:00,0.6338,0.6338,0.6296,0.6302,1404704.64
2024-06-15 19:00:00+00:00,0.6302,0.6329,0.6287,0.6302,2140767.8
2024-06-15 20:00:00+00:00,0.6302,0.6309,0.6223,0.6254,2365300.7
2024-06-15 21:00:00+00:00,0.6254,0.63,0.6247,0.6286,1530567.65
2024-06-15 22:00:00+00:00,0.6286,0.629,0.6246,0.6261,1271315.74
2024-06-15 23:00:00+00:00,0.6261,0.6266,0.6232,0.624,1270706.58
2024-06-16 00:00:00+00:00,0.624,0.6258,0.6204,0.6207,1914069.53
2024-06-16 01:00:00+00:00,0.6207,0.6219,0.6155,0.6219,2175343.05
2024-06-16 02:00:00+00:00,0.6219,0.6224,0.6174,0.6178,652560.28
2024-06-16 03:00:00+00:00,0.6178,0.6181,0.6146,0.6162,1557319.29
2024-06-16 04:00:00+00:00,0.6162,0.6169,0.6119,0.6154,1954301.5
2024-06-16 05:00:00+00:00,0.6154,0.6225,0.615,0.6223,988085.28
2024-06-16 06:00:00+00:00,0.6223,0.6231,0.6193,0.6215,1138236.67
2024-06-16 07:00:00+00:00,0.6215,0.6233,0.6198,0.6212,841699.29
2024-06-16 08:00:00+00:00,0.6212,0.6239,0.6193,0.6204,924369.86
2024-06-16 09:00:00+00:00,0.6204,0.6229,0.6181,0.6226,1087970.32
2024-06-16 10:00:00+00:00,0.6226,0.6299,0.6219,0.6298,2534230.95
2024-06-16 11:00:00+00:00,0.6298,0.631,0.625,0.6252,1098428.24
2024-06-16 12:00:00+00:00,0.6252,0.6284,0.6248,0.6279,1055124.76
2024-06-16 13:00:00+00:00,0.6279,0.63,0.6255,0.628,2009022.82
2024-06-16 14:00:00+00:00,0.628,0.6311,0.6254,0.6257,3030003.72
2024-06-16 15:00:00+00:00,0.6257,0.6325,0.6253,0.6323,2442346.21
2024-06-16 16:00:00+00:00,0.6323,0.6343,0.6292,0.6321,2005904.62
2024-06-16 17:00:00+00:00,0.6321,0.6361,0.6298,0.6308,1882347.06
2024-06-16 18:00:00+00:00,0.6308,0.632,0.6294,0.6318,1157559.31
2024-06-16 19:00:00+00:00,0.6318,0.6341,0.6293,0.631,1155157.54
2024-06-16 20:00:00+00:00,0.631,0.6332,0.6301,0.6332,1451003.89
2024-06-16 21:00:00+00:00,0.6332,0.6355,0.6323,0.635,926809.34
2024-06-16 22:00:00+00:00,0.635,0.6478,0.635,0.6418,3215419.89
2024-06-16 23:00:00+00:00,0.6418,0.6455,0.6399,0.6423,1401522.47
2024-06-17 00:00:00+00:00,0.6423,0.6479,0.6409,0.6449,1905586.51
2024-06-17 01:00:00+00:00,0.6449,0.6495,0.6404,0.6468,3552974.82
2024-06-17 02:00:00+00:00,0.6468,0.6468,0.6338,0.6358,4412329.46
2024-06-17 03:00:00+00:00,0.6358,0.6371,0.6279,0.6301,2351551.62
2024-06-17 04:00:00+00:00,0.6301,0.6336,0.626,0.6331,2732255.04
2024-06-17 05:00:00+00:00,0.6331,0.6344,0.6238,0.6262,2304948.08
2024-06-17 06:00:00+00:00,0.6262,0.6281,0.6204,0.6217,3376957.35
2024-06-17 07:00:00+00:00,0.6217,0.6278,0.6157,0.6202,4072018.6
2024-06-17 08:00:00+00:00,0.6202,0.6214,0.6062,0.6097,5477029.14
2024-06-17 09:00:00+00:00,0.6097,0.6129,0.5982,0.5996,8862833.95
2024-06-17 10:00:00+00:00,0.5996,0.6007,0.5839,0.5968,12907335.89
2024-06-17 11:00:00+00:00,0.5968,0.6032,0.5957,0.6005,3912365.12
2024-06-17 12:00:00+00:00,0.6005,0.6013,0.5928,0.5941,4169117.49
2024-06-17 13:00:00+00:00,0.5941,0.5973,0.5866,0.5888,4573481.54
2024-06-17 14:00:00+00:00,0.5888,0.5996,0.5884,0.5968,4579907.82
2024-06-17 15:00:00+00:00,0.5968,0.5992,0.5884,0.5901,3629170.27
2024-06-17 16:00:00+00:00,0.5901,0.5993,0.5748,0.596,15950698.53
2024-06-17 17:00:00+00:00,0.596,0.6018,0.5923,0.5998,4659897.33
2024-06-17 18:00:00+00:00,0.5998,0.6087,0.5994,0.6082,3773809.1
2024-06-17 19:00:00+00:00,0.6082,0.6094,0.6002,0.6014,2687196.95
2024-06-17 20:00:00+00:00,0.6014,0.6016,0.5853,0.5871,4642730.76
2024-06-17 21:00:00+00:00,0.5871,0.5911,0.5801,0.5847,3360842.15
2024-06-17 22:00:00+00:00,0.5847,0.5864,0.5775,0.5798,4227036.92
2024-06-17 23:00:00+00:00,0.5798,0.582,0.5673,0.5705,7455671.48
2024-06-18 00:00:00+00:00,0.5705,0.572,0.5505,0.5593,11692016.03
2024-06-18 01:00:00+00:00,0.5593,0.5627,0.4896,0.5043,53571810.3
2024-06-18 02:00:00+00:00,0.5043,0.5072,0.4951,0.5043,24093848.3
2024-06-18 03:00:00+00:00,0.5043,0.5084,0.4979,0.5074,13331296.96
2024-06-18 04:00:00+00:00,0.5074,0.5101,0.501,0.5094,10129320.97
2024-06-18 05:00:00+00:00,0.5094,0.5209,0.5085,0.5186,19916768.64
2024-06-18 06:00:00+00:00,0.5186,0.5223,0.5164,0.5169,8223729.04
2024-06-18 07:00:00+00:00,0.5169,0.5205,0.5118,0.5124,7944641.19
2024-06-18 08:00:00+00:00,0.5124,0.5174,0.5082,0.512,8448958.32
2024-06-18 09:00:00+00:00,0.512,0.512,0.5053,0.5054,5596186.77
2024-06-18 10:00:00+00:00,0.5054,0.5084,0.5008,0.5067,5240919.09
2024-06-18 11:00:00+00:00,0.5067,0.5067,0.4948,0.5,9434349.5
2024-06-18 12:00:00+00:00,0.5,0.5028,0.4893,0.4955,15635773.98
2024-06-18 13:00:00+00:00,0.4955,0.4968,0.4803,0.4818,19335705.58
2024-06-18 14:00:00+00:00,0.4818,0.4987,0.4768,0.4876,22013623.69
2024-06-18 15:00:00+00:00,0.4876,0.4942,0.4814,0.4881,11636508.23
2024-06-18 16:00:00+00:00,0.4881,0.4964,0.4748,0.4938,25817093.57
2024-06-18 17:00:00+00:00,0.4938,0.5001,0.4858,0.4873,12707155.99
2024-06-18 18:00:00+00:00,0.4873,0.4925,0.4838,0.4873,7854493.48
2024-06-18 19:00:00+00:00,0.4873,0.5067,0.4826,0.5064,22000852.96
2024-06-18 20:00:00+00:00,0.5064,0.5338,0.4992,0.5322,27325466.93
2024-06-18 21:00:00+00:00,0.5322,0.5322,0.5214,0.53,12981597.42
2024-06-18 22:00:00+00:00,0.53,0.5359,0.5266,0.5317,4863286.04
2024-06-18 23:00:00+00:00,0.5317,0.5374,0.5271,0.5353,8137940.01
2024-06-19 00:00:00+00:00,0.5353,0.5397,0.5275,0.5392,6871494.22
2024-06-19 01:00:00+00:00,0.5392,0.5515,0.5383,0.5413,8798334.1
2024-06-19 02:00:00+00:00,0.5413,0.5527,0.5405,0.5485,6651315.71
2024-06-19 03:00:00+00:00,0.5485,0.5566,0.5455,0.5463,6782355.91
2024-06-19 04:00:00+00:00,0.5463,0.552,0.5452,0.5503,4055463.03
2024-06-19 05:00:00+00:00,0.5503,0.56,0.5435,0.5538,7242596.42
2024-06-19 06:00:00+00:00,0.5538,0.559,0.5513,0.5549,5107508.2
2024-06-19 07:00:00+00:00,0.5549,0.561,0.552,0.5572,7079409.79
2024-06-19 08:00:00+00:00,0.5572,0.5583,0.5428,0.5434,6759463.02
2024-06-19 09:00:00+00:00,0.5434,0.5473,0.5398,0.5444,5797246.41
2024-06-19 10:00:00+00:00,0.5444,0.5545,0.5441,0.5545,3787764.69
2024-06-19 11:00:00+00:00,0.5545,0.5557,0.5446,0.5513,5176046.48
2024-06-19 12:00:00+00:00,0.5513,0.5698,0.5511,0.5659,14268340.13
2024-06-19 13:00:00+00:00,0.5659,0.5675,0.5549,0.5583,8707701.14
2024-06-19 14:00:00+00:00,0.5583,0.5584,0.5384,0.543,12567638.41
2024-06-19 15:00:00+00:00,0.543,0.546,0.5381,0.5417,5189028.58
2024-06-19 16:00:00+00:00,0.5417,0.5423,0.5343,0.5406,7044437.45
2024-06-19 17:00:00+00:00,0.5406,0.5563,0.5402,0.5455,8933302.18
2024-06-19 18:00:00+00:00,0.5455,0.554,0.5453,0.5501,5360748.22
2024-06-19 19:00:00+00:00,0.5501,0.5507,0.5424,0.5437,4952872.14
2024-06-19 20:00:00+00:00,0.5437,0.547,0.5407,0.5464,4069842.2
2024-06-19 21:00:00+00:00,0.5464,0.5548,0.54,0.5427,8744492.43
2024-06-19 22:00:00+00:00,0.5427,0.5437,0.5361,0.537,2865754.21
2024-06-19 23:00:00+00:00,0.537,0.5389,0.5319,0.5378,6587522.52
2024-06-20 00:00:00+00:00,0.5378,0.5401,0.5319,0.5372,5472680.05
2024-06-20 01:00:00+00:00,0.5372,0.5513,0.5358,0.5416,4979677.45
2024-06-20 02:00:00+00:00,0.5416,0.546,0.5366,0.5409,6035996.44
2024-06-20 03:00:00+00:00,0.5409,0.5495,0.5385,0.5461,2898465.87
2024-06-20 04:00:00+00:00,0.5461,0.5633,0.5424,0.5621,7126044.74
2024-06-20 05:00:00+00:00,0.5621,0.5677,0.5578,0.5669,7734585.62
2024-06-20 06:00:00+00:00,0.5669,0.577,0.5615,0.5654,14870147.29
2024-06-20 07:00:00+00:00,0.5654,0.5747,0.5654,0.5711,11101699.27
2024-06-20 08:00:00+00:00,0.5711,0.5712,0.5621,0.5661,5997548.74
2024-06-20 09:00:00+00:00,0.5661,0.5688,0.5627,0.5662,3610096.23
2024-06-20 10:00:00+00:00,0.5662,0.5761,0.5642,0.5754,4799876.32
2024-06-20 11:00:00+00:00,0.5754,0.5844,0.5662,0.5674,9643570.77
2024-06-20 12:00:00+00:00,0.5674,0.5722,0.5648,0.5657,7328568.06
2024-06-20 13:00:00+00:00,0.5657,0.5682,0.5526,0.5549,9323359.52
2024-06-20 14:00:00+00:00,0.5549,0.5558,0.5424,0.549,10505507.01
2024-06-20 15:00:00+00:00,0.549,0.554,0.5458,0.5474,7186076.16
2024-06-20 16:00:00+00:00,0.5474,0.5555,0.5384,0.5551,8246399.53
2024-06-20 17:00:00+00:00,0.5551,0.5615,0.5516,0.5578,8809035.43
2024-06-20 18:00:00+00:00,0.5578,0.5621,0.5546,0.5604,5633207.74
2024-06-20 19:00:00+00:00,0.5604,0.5623,0.5557,0.5601,4246039.82
2024-06-20 20:00:00+00:00,0.5601,0.5618,0.5574,0.5588,2272638.55
2024-06-20 21:00:00+00:00,0.5588,0.5588,0.554,0.5542,2059482.5
2024-06-20 22:00:00+00:00,0.5542,0.5556,0.5508,0.5515,2224419.08
2024-06-20 23:00:00+00:00,0.5515,0.5524,0.5464,0.5484,2345872.77
2024-06-21 00:00:00+00:00,0.5484,0.5518,0.5415,0.5486,4982541.46
2024-06-21 01:00:00+00:00,0.5486,0.5717,0.5484,0.5717,6347689.44
2024-06-21 02:00:00+00:00,0.5717,0.5772,0.5653,0.5653,5840245.93
2024-06-21 03:00:00+00:00,0.5653,0.5758,0.5625,0.5717,4393421.37
2024-06-21 04:00:00+00:00,0.5717,0.5857,0.5684,0.5791,11465941.41
2024-06-21 05:00:00+00:00,0.5791,0.5799,0.572,0.5746,5696777.7
2024-06-21 06:00:00+00:00,0.5746,0.5828,0.5723,0.5797,5108682.68
2024-06-21 07:00:00+00:00,0.5797,0.5837,0.5677,0.5692,5292004.61
2024-06-21 08:00:00+00:00,0.5692,0.5778,0.5619,0.5643,8973486.37
2024-06-21 09:00:00+00:00,0.5643,0.5889,0.5614,0.583,13780546.97
2024-06-21 10:00:00+00:00,0.583,0.5869,0.5789,0.5823,7092919.73
2024-06-21 11:00:00+00:00,0.5823,0.5846,0.5771,0.5822,3962735.87
2024-06-21 12:00:00+00:00,0.5822,0.5852,0.5739,0.5786,4948367.42
2024-06-21 13:00:00+00:00,0.5786,0.5786,0.5622,0.5653,6548962.81
2024-06-21 14:00:00+00:00,0.5653,0.5895,0.562,0.586,10282873.88
2024-06-21 15:00:00+00:00,0.586,0.5897,0.5697,0.5764,7092047.24
2024-06-21 16:00:00+00:00,0.5764,0.5811,0.5694,0.5717,3672315.0
2024-06-21 17:00:00+00:00,0.5717,0.5735,0.5565,0.5619,6198253.63
2024-06-21 18:00:00+00:00,0.5619,0.5743,0.5577,0.5741,6938435.51
2024-06-21 19:00:00+00:00,0.5741,0.5769,0.568,0.5694,5371657.97
2024-06-21 20:00:00+00:00,0.5694,0.5768,0.5682,0.5697,3529519.86
2024-06-21 21:00:00+00:00,0.5697,0.5724,0.5642,0.5714,2630417.18
2024-06-21 22:00:00+00:00,0.5714,0.5717,0.5669,0.569,1387181.83
2024-06-21 23:00:00+00:00,0.569,0.5764,0.5685,0.5764,4089826.73
2024-06-22 00:00:00+00:00,0.5764,0.5773,0.5589,0.5621,5663286.06
2024-06-22 01:00:00+00:00,0.5621,0.5674,0.5582,0.5638,3132450.97
2024-06-22 02:00:00+00:00,0.5638,0.5702,0.5631,0.5676,3738981.05
2024-06-22 03:00:00+00:00,0.5676,0.5696,0.5618,0.5696,2773430.48
2024-06-22 04:00:00+00:00,0.5696,0.5698,0.5645,0.5648,2432789.55
2024-06-22 05:00:00+00:00,0.5648,0.5649,0.5596,0.5645,3109673.94
2024-06-22 06:00:00+00:00,0.5645,0.5732,0.5637,0.5722,2658935.83
2024-06-22 07:00:00+00:00,0.5722,0.5733,0.5678,0.5685,2441348.37
2024-06-22 08:00:00+00:00,0.5685,0.5712,0.5595,0.5691,4177240.9
2024-06-22 09:00:00+00:00,0.5691,0.5718,0.5638,0.5658,2861589.45
2024-06-22 10:00:00+00:00,0.5658,0.5745,0.5637,0.574,6147971.47
2024-06-22 11:00:00+00:00,0.574,0.5763,0.5708,0.5751,3975032.19
2024-06-22 12:00:00+00:00,0.5751,0.5819,0.5729,0.5812,3089889.54
2024-06-22 13:00:00+00:00,0.5812,0.5847,0.5781,0.5825,4065602.76
2024-06-22 14:00:00+00:00,0.5825,0.5923,0.5811,0.5888,7258256.4
2024-06-22 15:00:00+00:00,0.5888,0.5888,0.5807,0.5856,6225536.3
2024-06-22 16:00:00+00:00,0.5856,0.5879,0.58,0.5801,4173104.37
2024-06-22 17:00:00+00:00,0.5801,0.5855,0.5793,0.5807,3343127.89
2024-06-22 18:00:00+00:00,0.5807,0.5811,0.5771,0.5787,2002291.29
2024-06-22 19:00:00+00:00,0.5787,0.581,0.5778,0.5807,1607602.17
2024-06-22 20:00:00+00:00,0.5807,0.5816,0.5765,0.5805,3995986.81
2024-06-22 21:00:00+00:00,0.5805,0.582,0.5777,0.58,1760348.98
2024-06-22 22:00:00+00:00,0.58,0.5801,0.575,0.5767,1826936.4
2024-06-22 23:00:00+00:00,0.5767,0.5788,0.5737,0.5746,1159418.27
2024-06-23 00:00:00+00:00,0.5746,0.5871,0.573,0.5831,2493822.71
2024-06-23 01:00:00+00:00,0.5831,0.5865,0.58,0.5822,3130319.65
2024-06-23 02:00:00+00:00,0.5822,0.5852,0.5796,0.5816,2882432.32
2024-06-23 03:00:00+00:00,0.5816,0.586,0.5787,0.5818,2337719.39
2024-06-23 04:00:00+00:00,0.5818,0.5888,0.581,0.5873,7060199.71
2024-06-23 05:00:00+00:00,0.5873,0.5919,0.5801,0.586,6934138.85
2024-06-23 06:00:00+00:00,0.586,0.5868,0.5814,0.5816,2787920.97
2024-06-23 07:00:00+00:00,0.5816,0.5882,0.5814,0.5864,2742364.85
2024-06-23 08:00:00+00:00,0.5864,0.59,0.5828,0.5887,4818235.33
2024-06-23 09:00:00+00:00,0.5887,0.591,0.583,0.587,3718115.16
2024-06-23 10:00:00+00:00,0.587,0.5878,0.5801,0.5813,4211845.94
2024-06-23 11:00:00+00:00,0.5813,0.5827,0.5768,0.5786,2374204.03
2024-06-23 12:00:00+00:00,0.5786,0.5838,0.5771,0.5821,1950022.82
2024-06-23 13:00:00+00:00,0.5821,0.5834,0.5767,0.5784,3381444.04
2024-06-23 14:00:00+00:00,0.5784,0.5795,0.5706,0.5757,5171193.04
2024-06-23 15:00:00+00:00,0.5757,0.5777,0.5678,0.5694,4688770.9
2024-06-23 16:00:00+00:00,0.5694,0.5708,0.5597,0.5625,4674597.17
2024-06-23 17:00:00+00:00,0.5625,0.5668,0.5606,0.5649,2734734.85
2024-06-23 18:00:00+00:00,0.5649,0.5665,0.563,0.5643,2283072.97
2024-06-23 19:00:00+00:00,0.5643,0.5738,0.5636,0.5704,4820947.12
2024-06-23 20:00:00+00:00,0.5704,0.5726,0.5583,0.5692,7034195.23
2024-06-23 21:00:00+00:00,0.5692,0.5954,0.5691,0.5903,11581179.39
2024-06-23 22:00:00+00:00,0.5903,0.5981,0.5872,0.5979,9494156.41
2024-06-23 23:00:00+00:00,0.5979,0.5985,0.5853,0.5905,5758332.92
2024-06-24 00:00:00+00:00,0.5905,0.5925,0.5772,0.5809,9922394.25
2024-06-24 01:00:00+00:00,0.5809,0.5917,0.5775,0.5839,6723250.01
2024-06-24 02:00:00+00:00,0.5839,0.5858,0.5662,0.5677,10211580.94
2024-06-24 03:00:00+00:00,0.5677,0.5824,0.5642,0.5678,8770680.49
2024-06-24 04:00:00+00:00,0.5678,0.5719,0.5655,0.57,5182547.32
2024-06-24 05:00:00+00:00,0.57,0.5713,0.551,0.5537,13952871.81
2024-06-24 06:00:00+00:00,0.5537,0.5592,0.552,0.5553,5146257.88
2024-06-24 07:00:00+00:00,0.5553,0.5553,0.5463,0.5491,5456974.51
2024-06-24 08:00:00+00:00,0.5491,0.5622,0.5425,0.5587,17048139.88
2024-06-24 09:00:00+00:00,0.5587,0.5712,0.5427,0.5662,35079357.83
2024-06-24 10:00:00+00:00,0.5662,0.5793,0.5636,0.57,15369043.22
2024-06-24 11:00:00+00:00,0.57,0.5777,0.5637,0.5755,6562222.1
2024-06-24 12:00:00+00:00,0.5755,0.5929,0.5742,0.5874,13237953.65
2024-06-24 13:00:00+00:00,0.5874,0.5985,0.5767,0.5965,13857142.66
2024-06-24 14:00:00+00:00,0.5965,0.6131,0.5964,0.6016,21326532.84
2024-06-24 15:00:00+00:00,0.6016,0.6032,0.5824,0.5895,11621202.08
2024-06-24 16:00:00+00:00,0.5895,0.5932,0.5739,0.5792,10796535.31
2024-06-24 17:00:00+00:00,0.5792,0.5974,0.5781,0.5845,17091231.19
2024-06-24 18:00:00+00:00,0.5845,0.5997,0.577,0.5987,16288991.48
2024-06-24 19:00:00+00:00,0.5987,0.6108,0.5892,0.5924,17459375.85
2024-06-24 20:00:00+00:00,0.5924,0.6024,0.5855,0.5969,21485964.98
2024-06-24 21:00:00+00:00,0.5969,0.6134,0.5962,0.6112,13024534.44
2024-06-24 22:00:00+00:00,0.6112,0.614,0.6079,0.609,3657555.68
2024-06-24 23:00:00+00:00,0.609,0.6209,0.607,0.6164,6509351.68
2024-06-25 00:00:00+00:00,0.6164,0.6191,0.6061,0.6147,9310541.93
2024-06-25 01:00:00+00:00,0.6147,0.6208,0.611,0.6191,2874536.7
2024-06-25 02:00:00+00:00,0.6191,0.623,0.611,0.6117,5150575.09
2024-06-25 03:00:00+00:00,0.6117,0.6205,0.6025,0.6036,11084849.37
2024-06-25 04:00:00+00:00,0.6036,0.6037,0.598,0.6011,4367661.92
2024-06-25 05:00:00+00:00,0.6011,0.607,0.6002,0.6017,3875576.35
2024-06-25 06:00:00+00:00,0.6017,0.6063,0.5981,0.6044,2757783.46
2024-06-25 07:00:00+00:00,0.6044,0.6081,0.598,0.5984,3933431.81
2024-06-25 08:00:00+00:00,0.5984,0.6007,0.5918,0.5936,3026607.63
2024-06-25 09:00:00+00:00,0.5936,0.6061,0.5912,0.6038,4914563.34
2024-06-25 10:00:00+00:00,0.6038,0.6039,0.5971,0.5979,2610543.56
2024-06-25 11:00:00+00:00,0.5979,0.6017,0.5953,0.5982,2799945.99
2024-06-25 12:00:00+00:00,0.5982,0.6011,0.5944,0.5958,3310148.68
2024-06-25 13:00:00+00:00,0.5958,0.5996,0.5917,0.5933,5093849.62
2024-06-25 14:00:00+00:00,0.5933,0.6149,0.5929,0.6142,9330488.91
2024-06-25 15:00:00+00:00,0.6142,0.6289,0.6088,0.6214,13423978.15
2024-06-25 16:00:00+00:00,0.6214,0.6214,0.5995,0.6014,6157294.92
2024-06-25 17:00:00+00:00,0.6014,0.608,0.5992,0.5997,5272938.31
2024-06-25 18:00:00+00:00,0.5997,0.6079,0.5992,0.6026,8032935.38
2024-06-25 19:00:00+00:00,0.6026,0.6048,0.5991,0.6009,2352500.72
2024-06-25 20:00:00+00:00,0.6009,0.6014,0.5952,0.5961,2394406.41
2024-06-25 21:00:00+00:00,0.5961,0.5988,0.595,0.5954,1538698.21
2024-06-25 22:00:00+00:00,0.5954,0.5975,0.5945,0.5952,1352049.67
2024-06-25 23:00:00+00:00,0.5952,0.5958,0.5917,0.5942,1727812.06
2024-06-26 00:00:00+00:00,0.5942,0.5951,0.5876,0.5896,3043815.81
2024-06-26 01:00:00+00:00,0.5896,0.5969,0.588,0.596,2674594.11
2024-06-26 02:00:00+00:00,0.596,0.5996,0.5902,0.5905,2964646.57
2024-06-26 03:00:00+00:00,0.5905,0.5912,0.5825,0.5845,3773548.02
2024-06-26 04:00:00+00:00,0.5845,0.5885,0.5811,0.5811,2422095.49
2024-06-26 05:00:00+00:00,0.5811,0.5832,0.5775,0.5789,3940542.87
2024-06-26 06:00:00+00:00,0.5789,0.5814,0.5784,0.5796,1899270.56
2024-06-26 07:00:00+00:00,0.5796,0.5857,0.5789,0.5828,3857339.24
2024-06-26 08:00:00+00:00,0.5828,0.5836,0.5617,0.5747,5058237.56
2024-06-26 09:00:00+00:00,0.5747,0.5783,0.5734,0.5754,3813466.63
2024-06-26 10:00:00+00:00,0.5754,0.5761,0.5709,0.5725,2900204.37
2024-06-26 11:00:00+00:00,0.5725,0.5758,0.5715,0.5738,2564240.88
2024-06-26 12:00:00+00:00,0.5738,0.5754,0.5701,0.571,2617903.31
2024-06-26 13:00:00+00:00,0.571,0.5767,0.569,0.5753,3682649.36
2024-06-26 14:00:00+00:00,0.5753,0.578,0.5698,0.5725,3684423.07
2024-06-26 15:00:00+00:00,0.5725,0.5735,0.5669,0.5698,3657263.33
2024-06-26 16:00:00+00:00,0.5698,0.5709,0.5639,0.5658,3686473.09
2024-06-26 17:00:00+00:00,0.5658,0.568,0.5602,0.5656,5470130.47
2024-06-26 18:00:00+00:00,0.5656,0.5704,0.5632,0.569,1562423.14
2024-06-26 19:00:00+00:00,0.569,0.5771,0.5685,0.5767,2966414.93
2024-06-26 20:00:00+00:00,0.5767,0.5781,0.5714,0.578,2520673.56
2024-06-26 21:00:00+00:00,0.578,0.5794,0.5748,0.5761,1706928.83
2024-06-26 22:00:00+00:00,0.5761,0.5761,0.5728,0.5739,1030474.39
2024-06-26 23:00:00+00:00,0.5739,0.5741,0.5709,0.5726,953293.9
2024-06-27 00:00:00+00:00,0.5726,0.574,0.5688,0.5703,1632155.18
2024-06-27 01:00:00+00:00,0.5703,0.5755,0.5679,0.5722,1614841.48
2024-06-27 02:00:00+00:00,0.5722,0.576,0.5702,0.5709,2600080.71
2024-06-27 03:00:00+00:00,0.5709,0.5735,0.5684,0.5722,2345695.14
2024-06-27 04:00:00+00:00,0.5722,0.575,0.5721,0.5737,1241525.06
2024-06-27 05:00:00+00:00,0.5737,0.5738,0.566,0.5673,1217059.73
2024-06-27 06:00:00+00:00,0.5673,0.5686,0.5648,0.5678,1626301.17
2024-06-27 07:00:00+00:00,0.5678,0.5694,0.5644,0.5694,2055272.74
2024-06-27 08:00:00+00:00,0.5694,0.5721,0.5659,0.5716,1748627.33
2024-06-27 09:00:00+00:00,0.5716,0.5804,0.5702,0.5796,3359812.98
2024-06-27 10:00:00+00:00,0.5796,0.5857,0.5788,0.5825,4869080.6
2024-06-27 11:00:00+00:00,0.5825,0.5864,0.575,0.5751,3540922.56
2024-06-27 12:00:00+00:00,0.5751,0.5797,0.5667,0.5789,8718098.07
2024-06-27 13:00:00+00:00,0.5789,0.5918,0.5766,0.58,11958632.44
2024-06-27 14:00:00+00:00,0.58,0.5867,0.5726,0.5736,7633949.69
2024-06-27 15:00:00+00:00,0.5736,0.5756,0.5685,0.5719,3284794.88
2024-06-27 16:00:00+00:00,0.5719,0.5732,0.565,0.5669,5650384.78
2024-06-27 17:00:00+00:00,0.5669,0.5738,0.5659,0.5701,6621809.54
2024-06-27 18:00:00+00:00,0.5701,0.5732,0.5673,0.5719,2274408.48
2024-06-27 19:00:00+00:00,0.5719,0.5725,0.5691,0.5702,2744441.13
2024-06-27 20:00:00+00:00,0.5702,0.5718,0.5688,0.5694,2427963.55
2024-06-27 21:00:00+00:00,0.5694,0.5697,0.5657,0.5688,1793797.42
2024-06-27 22:00:00+00:00,0.5688,0.5695,0.5661,0.5672,1278843.32
2024-06-27 23:00:00+00:00,0.5672,0.5675,0.5634,0.5652,1051322.79
2024-06-28 00:00:00+00:00,0.5652,0.5652,0.5569,0.5585,3507791.82
2024-06-28 01:00:00+00:00,0.5585,0.5692,0.5576,0.568,3028064.77
2024-06-28 02:00:00+00:00,0.568,0.57,0.56,0.5612,1746439.7
2024-06-28 03:00:00+00:00,0.5612,0.5643,0.5606,0.5626,1854167.95
2024-06-28 04:00:00+00:00,0.5626,0.5664,0.5601,0.5652,2769993.33
2024-06-28 05:00:00+00:00,0.5652,0.5652,0.5586,0.5597,1597624.15
2024-06-28 06:00:00+00:00,0.5597,0.5664,0.5597,0.5663,2278721.74
2024-06-28 07:00:00+00:00,0.5663,0.5691,0.5647,0.569,4279884.67
2024-06-28 08:00:00+00:00,0.569,0.5694,0.5633,0.5656,3019133.2
2024-06-28 09:00:00+00:00,0.5656,0.5698,0.5622,0.5692,2980425.68
2024-06-28 10:00:00+00:00,0.5692,0.5711,0.5667,0.5683,4472335.95
2024-06-28 11:00:00+00:00,0.5683,0.5705,0.5648,0.567,2390220.44
2024-06-28 12:00:00+00:00,0.567,0.5718,0.5618,0.5629,5673912.08
2024-06-28 13:00:00+00:00,0.5629,0.5687,0.5579,0.5619,4085991.1
2024-06-28 14:00:00+00:00,0.5619,0.5667,0.561,0.5653,2611688.18
2024-06-28 15:00:00+00:00,0.5653,0.5726,0.5604,0.5701,3558762.88
2024-06-28 16:00:00+00:00,0.5701,0.5709,0.5527,0.5596,5068399.55
2024-06-28 17:00:00+00:00,0.5596,0.5596,0.5454,0.5494,5299559.37
2024-06-28 18:00:00+00:00,0.5494,0.5494,0.5444,0.5462,3888194.23
2024-06-28 19:00:00+00:00,0.5462,0.5483,0.5404,0.5412,5562403.67
2024-06-28 20:00:00+00:00,0.5412,0.5447,0.5412,0.5427,1475538.95
2024-06-28 21:00:00+00:00,0.5427,0.5431,0.5369,0.5399,2357200.95
2024-06-28 22:00:00+00:00,0.5399,0.5412,0.5384,0.5401,3947034.91
2024-06-28 23:00:00+00:00,0.5401,0.5428,0.5385,0.5405,1427831.34
2024-06-29 00:00:00+00:00,0.5405,0.5425,0.5384,0.5407,1603331.07
2024-06-29 01:00:00+00:00,0.5407,0.5458,0.5404,0.5414,2741360.65
2024-06-29 02:00:00+00:00,0.5414,0.5438,0.5414,0.543,933896.19
2024-06-29 03:00:00+00:00,0.543,0.5483,0.543,0.5479,1277376.07
2024-06-29 04:00:00+00:00,0.5479,0.5486,0.5463,0.5471,990378.43
2024-06-29 05:00:00+00:00,0.5471,0.5476,0.5423,0.5439,1509914.0
2024-06-29 06:00:00+00:00,0.5439,0.5479,0.5425,0.5461,1955462.11
2024-06-29 07:00:00+00:00,0.5461,0.5495,0.5449,0.5451,1884334.91
2024-06-29 08:00:00+00:00,0.5451,0.5451,0.5423,0.5442,1216803.67
2024-06-29 09:00:00+00:00,0.5442,0.546,0.543,0.5456,1495847.62
2024-06-29 10:00:00+00:00,0.5456,0.5478,0.5451,0.5459,1010829.94
2024-06-29 11:00:00+00:00,0.5459,0.5497,0.5459,0.5484,905101.19
2024-06-29 12:00:00+00:00,0.5484,0.5493,0.5455,0.5468,734100.47
2024-06-29 13:00:00+00:00,0.5468,0.5484,0.5456,0.5473,996831.65
2024-06-29 14:00:00+00:00,0.5473,0.5483,0.5448,0.5454,1289650.15
2024-06-29 15:00:00+00:00,0.5454,0.548,0.5436,0.5478,1232146.16
2024-06-29 16:00:00+00:00,0.5478,0.5481,0.5446,0.5458,1160558.27
2024-06-29 17:00:00+00:00,0.5458,0.546,0.543,0.543,951122.99
2024-06-29 18:00:00+00:00,0.543,0.5436,0.5407,0.5434,1047828.49
2024-06-29 19:00:00+00:00,0.5434,0.5443,0.539,0.5425,1437758.48
2024-06-29 20:00:00+00:00,0.5425,0.5449,0.5414,0.5431,911405.13
2024-06-29 21:00:00+00:00,0.5431,0.5444,0.5409,0.5442,1069801.36
2024-06-29 22:00:00+00:00,0.5442,0.5447,0.5391,0.5408,1351689.99
2024-06-29 23:00:00+00:00,0.5408,0.5436,0.5405,0.5421,730834.2
2024-06-30 00:00:00+00:00,0.5421,0.5451,0.54,0.5439,972413.32
2024-06-30 01:00:00+00:00,0.5439,0.5449,0.5398,0.5443,5714801.59
2024-06-30 02:00:00+00:00,0.5443,0.5443,0.5358,0.5386,2388833.37
2024-06-30 03:00:00+00:00,0.5386,0.544,0.5381,0.5436,1420284.23
2024-06-30 04:00:00+00:00,0.5436,0.5442,0.5375,0.5411,2951300.82
2024-06-30 05:00:00+00:00,0.5411,0.5423,0.5391,0.5419,1164875.49
2024-06-30 06:00:00+00:00,0.5419,0.5497,0.5408,0.5478,2805685.14
2024-06-30 07:00:00+00:00,0.5478,0.5584,0.5475,0.5538,5609436.82
2024-06-30 08:00:00+00:00,0.5538,0.5558,0.551,0.5538,3043829.59
2024-06-30 09:00:00+00:00,0.5538,0.559,0.5537,0.5548,2868840.62
2024-06-30 10:00:00+00:00,0.5548,0.555,0.5494,0.551,4308720.09
2024-06-30 11:00:00+00:00,0.551,0.5527,0.5497,0.5506,3135437.01
2024-06-30 12:00:00+00:00,0.5506,0.5531,0.5478,0.5516,1040965.54
2024-06-30 13:00:00+00:00,0.5516,0.5562,0.5511,0.5561,1651106.3
2024-06-30 14:00:00+00:00,0.5561,0.5574,0.5536,0.555,1771913.07
2024-06-30 15:00:00+00:00,0.555,0.5598,0.5548,0.5584,2919810.47
2024-06-30 16:00:00+00:00,0.5584,0.5593,0.5561,0.5566,1310977.05
2024-06-30 17:00:00+00:00,0.5566,0.5645,0.5563,0.5621,1973632.42
2024-06-30 18:00:00+00:00,0.5621,0.5699,0.5613,0.5688,2665995.39
2024-06-30 19:00:00+00:00,0.5688,0.5702,0.5656,0.5678,2110967.36
2024-06-30 20:00:00+00:00,0.5678,0.5748,0.5671,0.5727,3981230.27
2024-06-30 21:00:00+00:00,0.5727,0.575,0.5688,0.5723,4184851.65
2024-06-30 22:00:00+00:00,0.5723,0.5906,0.5722,0.5897,8049239.9
2024-06-30 23:00:00+00:00,0.5897,0.5938,0.588,0.5898,4861962.73
2024-07-01 00:00:00+00:00,0.5898,0.5975,0.5878,0.596,3643423.6
2024-07-01 01:00:00+00:00,0.596,0.6072,0.5951,0.606,5330041.52
2024-07-01 02:00:00+00:00,0.606,0.6103,0.601,0.6039,7553616.61
2024-07-01 03:00:00+00:00,0.6039,0.6048,0.5949,0.596,3182718.28
2024-07-01 04:00:00+00:00,0.596,0.5988,0.5933,0.598,3343435.31
2024-07-01 05:00:00+00:00,0.598,0.6062,0.5979,0.6001,5464377.51
2024-07-01 06:00:00+00:00,0.6001,0.6007,0.5932,0.5935,4256213.16
2024-07-01 07:00:00+00:00,0.5935,0.5964,0.5922,0.5939,1654618.14
2024-07-01 08:00:00+00:00,0.5939,0.5946,0.5857,0.5887,3247519.5
2024-07-01 09:00:00+00:00,0.5887,0.5939,0.5887,0.5928,4433894.31
2024-07-01 10:00:00+00:00,0.5928,0.5967,0.5907,0.5953,3554099.04
2024-07-01 11:00:00+00:00,0.5953,0.5968,0.5906,0.5925,2620498.96
2024-07-01 12:00:00+00:00,0.5925,0.5954,0.5874,0.59,6509340.47
2024-07-01 13:00:00+00:00,0.59,0.59,0.5816,0.5827,4207160.48
2024-07-01 14:00:00+00:00,0.5827,0.5842,0.5779,0.5822,4119309.37
2024-07-01 15:00:00+00:00,0.5822,0.588,0.5822,0.5877,1636352.16
2024-07-01 16:00:00+00:00,0.5877,0.5884,0.583,0.5855,3500272.45
2024-07-01 17:00:00+00:00,0.5855,0.5915,0.5828,0.5905,4878611.98
2024-07-01 18:00:00+00:00,0.5905,0.5935,0.5856,0.5887,5697090.12
2024-07-01 19:00:00+00:00,0.5887,0.5893,0.5851,0.5889,1905550.73
2024-07-01 20:00:00+00:00,0.5889,0.5897,0.5855,0.5857,1094683.69
2024-07-01 21:00:00+00:00,0.5857,0.5877,0.5848,0.5857,1689030.28
2024-07-01 22:00:00+00:00,0.5857,0.586,0.5786,0.5833,2934966.23
2024-07-01 23:00:00+00:00,0.5833,0.5839,0.58,0.581,1526920.09
2024-07-02 00:00:00+00:00,0.581,0.5854,0.5784,0.5844,1523074.84
2024-07-02 01:00:00+00:00,0.5844,0.586,0.582,0.5848,855552.66
2024-07-02 02:00:00+00:00,0.5848,0.5859,0.5821,0.584,911316.88
2024-07-02 03:00:00+00:00,0.584,0.591,0.5836,0.587,2975197.73
2024-07-02 04:00:00+00:00,0.587,0.5879,0.5838,0.5847,996178.15
2024-07-02 05:00:00+00:00,0.5847,0.5859,0.5832,0.5836,1440166.1
2024-07-02 06:00:00+00:00,0.5836,0.5836,0.5796,0.5827,1623520.07
2024-07-02 07:00:00+00:00,0.5827,0.5844,0.579,0.5793,2036294.31
2024-07-02 08:00:00+00:00,0.5793,0.5835,0.5763,0.582,4266310.82
2024-07-02 09:00:00+00:00,0.582,0.5869,0.5816,0.5833,1784599.53
2024-07-02 10:00:00+00:00,0.5833,0.5857,0.5802,0.5844,1341596.08
2024-07-02 11:00:00+00:00,0.5844,0.5889,0.5837,0.5875,1467242.06
2024-07-02 12:00:00+00:00,0.5875,0.5894,0.5856,0.5877,1581399.99
2024-07-02 13:00:00+00:00,0.5877,0.5897,0.5802,0.5815,3390313.25
2024-07-02 14:00:00+00:00,0.5815,0.5866,0.5783,0.5861,4151208.69
2024-07-02 15:00:00+00:00,0.5861,0.5888,0.5841,0.5869,1651643.75
2024-07-02 16:00:00+00:00,0.5869,0.588,0.5825,0.584,1373088.06
2024-07-02 17:00:00+00:00,0.584,0.5843,0.5809,0.5814,1346723.23
2024-07-02 18:00:00+00:00,0.5814,0.5898,0.5813,0.5859,1757075.79
2024-07-02 19:00:00+00:00,0.5859,0.589,0.5846,0.5888,1251677.94
2024-07-02 20:00:00+00:00,0.5888,0.5916,0.5874,0.5899,2390845.1
2024-07-02 21:00:00+00:00,0.5899,0.5961,0.5893,0.591,2664415.58
2024-07-02 22:00:00+00:00,0.591,0.5924,0.5877,0.5897,2026119.01
2024-07-02 23:00:00+00:00,0.5897,0.5931,0.5868,0.5868,2507256.78
2024-07-03 00:00:00+00:00,0.5868,0.5881,0.5831,0.5831,1985883.72
2024-07-03 01:00:00+00:00,0.5831,0.5831,0.5713,0.572,6689270.13
2024-07-03 02:00:00+00:00,0.572,0.5724,0.5673,0.5673,5134651.67
2024-07-03 03:00:00+00:00,0.5673,0.5674,0.5568,0.5596,5335991.45
2024-07-03 04:00:00+00:00,0.5596,0.5596,0.5527,0.5551,2860698.42
2024-07-03 05:00:00+00:00,0.5551,0.5591,0.5528,0.559,2113574.47
2024-07-03 06:00:00+00:00,0.559,0.5617,0.5572,0.5602,1477404.44
2024-07-03 07:00:00+00:00,0.5602,0.5602,0.5569,0.5594,2424142.12
2024-07-03 08:00:00+00:00,0.5594,0.5594,0.5518,0.5523,3975243.28
2024-07-03 09:00:00+00:00,0.5523,0.5573,0.5521,0.553,5568988.87
2024-07-03 10:00:00+00:00,0.553,0.553,0.5403,0.5476,9791084.36
2024-07-03 11:00:00+00:00,0.5476,0.5476,0.5426,0.5438,2168695.59
2024-07-03 12:00:00+00:00,0.5438,0.5438,0.528,0.5284,6370371.57
2024-07-03 13:00:00+00:00,0.5284,0.538,0.5253,0.5368,12217069.07
2024-07-03 14:00:00+00:00,0.5368,0.5375,0.529,0.5292,5017024.22
2024-07-03 15:00:00+00:00,0.5292,0.5314,0.5237,0.5241,5890186.03
2024-07-03 16:00:00+00:00,0.5241,0.5313,0.5234,0.5262,7463227.21
2024-07-03 17:00:00+00:00,0.5262,0.5265,0.4993,0.505,20255761.88
2024-07-03 18:00:00+00:00,0.505,0.5105,0.504,0.506,5892299.67
2024-07-03 19:00:00+00:00,0.506,0.5106,0.4997,0.5022,10612892.15
2024-07-03 20:00:00+00:00,0.5022,0.504,0.4986,0.4993,4724053.77
2024-07-03 21:00:00+00:00,0.4993,0.5048,0.4978,0.5027,5482589.76
2024-07-03 22:00:00+00:00,0.5027,0.503,0.498,0.5006,3894726.85
2024-07-03 23:00:00+00:00,0.5006,0.5019,0.4979,0.5005,3763388.05
2024-07-04 00:00:00+00:00,0.5005,0.5082,0.499,0.5043,7214837.69
2024-07-04 01:00:00+00:00,0.5043,0.5044,0.4854,0.4899,20251517.91
2024-07-04 02:00:00+00:00,0.4899,0.4997,0.4849,0.4975,7982475.08
2024-07-04 03:00:00+00:00,0.4975,0.4985,0.4932,0.4941,2316198.35
2024-07-04 04:00:00+00:00,0.4941,0.4962,0.491,0.4925,4265203.47
2024-07-04 05:00:00+00:00,0.4925,0.4925,0.4894,0.4899,4598261.61
2024-07-04 06:00:00+00:00,0.4899,0.4907,0.4829,0.4841,6648160.33
2024-07-04 07:00:00+00:00,0.4841,0.4849,0.4782,0.4824,7512240.46
2024-07-04 08:00:00+00:00,0.4824,0.4867,0.4735,0.4826,13362430.46
2024-07-04 09:00:00+00:00,0.4826,0.484,0.4754,0.4797,5970745.93
2024-07-04 10:00:00+00:00,0.4797,0.4831,0.4768,0.483,3177808.83
2024-07-04 11:00:00+00:00,0.483,0.483,0.4774,0.4783,2309232.6
2024-07-04 12:00:00+00:00,0.4783,0.4789,0.4604,0.4617,12847397.44
2024-07-04 13:00:00+00:00,0.4617,0.4636,0.4513,0.4603,18635655.15
2024-07-04 14:00:00+00:00,0.4603,0.4614,0.4545,0.4587,9242002.45
2024-07-04 15:00:00+00:00,0.4587,0.4672,0.457,0.4657,6315121.77
2024-07-04 16:00:00+00:00,0.4657,0.4691,0.4622,0.4679,7138169.61
2024-07-04 17:00:00+00:00,0.4679,0.469,0.4639,0.4666,2416041.53
2024-07-04 18:00:00+00:00,0.4666,0.4666,0.4606,0.4619,3070751.14
2024-07-04 19:00:00+00:00,0.4619,0.4653,0.4591,0.4598,4865587.99
2024-07-04 20:00:00+00:00,0.4598,0.464,0.4576,0.464,2405164.06
2024-07-04 21:00:00+00:00,0.464,0.4668,0.4626,0.4638,2437586.41
2024-07-04 22:00:00+00:00,0.4638,0.4648,0.4558,0.4561,3718159.66
2024-07-04 23:00:00+00:00,0.4561,0.4562,0.4368,0.4426,14044185.9
2024-07-05 00:00:00+00:00,0.4426,0.4434,0.4125,0.4273,35621855.16
2024-07-05 01:00:00+00:00,0.4273,0.4382,0.4147,0.4293,13105688.89
2024-07-05 02:00:00+00:00,0.4293,0.4293,0.391,0.3962,20444991.38
2024-07-05 03:00:00+00:00,0.3962,0.4027,0.3815,0.3869,57420406.62
2024-07-05 04:00:00+00:00,0.3869,0.4079,0.3817,0.4041,25479063.78
2024-07-05 05:00:00+00:00,0.4041,0.4115,0.4012,0.4058,8182121.69
2024-07-05 06:00:00+00:00,0.4058,0.4066,0.3975,0.3998,8364365.47
2024-07-05 07:00:00+00:00,0.3998,0.4028,0.3957,0.4009,8473072.66
2024-07-05 08:00:00+00:00,0.4009,0.4009,0.3878,0.3891,9926586.38
2024-07-05 09:00:00+00:00,0.3891,0.4017,0.3876,0.4008,14025569.25
2024-07-05 10:00:00+00:00,0.4008,0.4106,0.3991,0.4048,10080326.22
2024-07-05 11:00:00+00:00,0.4048,0.4202,0.4045,0.4192,16679589.45
2024-07-05 12:00:00+00:00,0.4192,0.4251,0.4149,0.4156,12656416.24
2024-07-05 13:00:00+00:00,0.4156,0.4264,0.4147,0.422,6568123.94
2024-07-05 14:00:00+00:00,0.422,0.4243,0.4167,0.421,7808819.9
2024-07-05 15:00:00+00:00,0.421,0.4287,0.4195,0.4258,10098000.77
2024-07-05 16:00:00+00:00,0.4258,0.4288,0.4173,0.4199,14746103.66
2024-07-05 17:00:00+00:00,0.4199,0.431,0.419,0.4282,11763836.46
2024-07-05 18:00:00+00:00,0.4282,0.4299,0.4222,0.4278,5917926.03
2024-07-05 19:00:00+00:00,0.4278,0.4288,0.4246,0.4276,2503618.66
2024-07-05 20:00:00+00:00,0.4276,0.4291,0.4241,0.4281,2346364.37
2024-07-05 21:00:00+00:00,0.4281,0.4285,0.424,0.424,3554407.67
2024-07-05 22:00:00+00:00,0.424,0.4288,0.4211,0.4252,4640541.89
2024-07-05 23:00:00+00:00,0.4252,0.4288,0.422,0.4245,5754110.46
2024-07-06 00:00:00+00:00,0.4245,0.4397,0.4221,0.4282,8767480.59
2024-07-06 01:00:00+00:00,0.4282,0.4286,0.4217,0.4222,3285784.67
2024-07-06 02:00:00+00:00,0.4222,0.4256,0.4176,0.4231,4007698.06
2024-07-06 03:00:00+00:00,0.4231,0.4261,0.4215,0.4254,2095051.31
2024-07-06 04:00:00+00:00,0.4254,0.4277,0.4206,0.4208,2180301.32
2024-07-06 05:00:00+00:00,0.4208,0.4236,0.4193,0.4213,2745451.22
2024-07-06 06:00:00+00:00,0.4213,0.4327,0.4209,0.4283,4504984.06
2024-07-06 07:00:00+00:00,0.4283,0.4387,0.4277,0.4325,6848026.14
2024-07-06 08:00:00+00:00,0.4325,0.4349,0.4292,0.4298,3689637.58
2024-07-06 09:00:00+00:00,0.4298,0.4346,0.4259,0.4345,2569988.7
2024-07-06 10:00:00+00:00,0.4345,0.4378,0.4325,0.4371,3050620.46
2024-07-06 11:00:00+00:00,0.4371,0.44,0.4315,0.4339,11199882.77
2024-07-06 12:00:00+00:00,0.4339,0.4354,0.4301,0.4338,1854097.94
2024-07-06 13:00:00+00:00,0.4338,0.4397,0.4312,0.4362,3866461.83
2024-07-06 14:00:00+00:00,0.4362,0.4411,0.433,0.4391,4651463.46
2024-07-06 15:00:00+00:00,0.4391,0.4489,0.4379,0.4478,5047022.04
2024-07-06 16:00:00+00:00,0.4478,0.4575,0.4461,0.4574,9248551.66
2024-07-06 17:00:00+00:00,0.4574,0.4599,0.4553,0.4584,4574672.96
2024-07-06 18:00:00+00:00,0.4584,0.4614,0.4558,0.4605,2690941.51
2024-07-06 19:00:00+00:00,0.4605,0.4607,0.4546,0.4552,3201762.24
2024-07-06 20:00:00+00:00,0.4552,0.4613,0.4544,0.4605,3868348.73
2024-07-06 21:00:00+00:00,0.4605,0.4629,0.4566,0.4573,2322255.16
2024-07-06 22:00:00+00:00,0.4573,0.4598,0.4558,0.4589,3069384.74
2024-07-06 23:00:00+00:00,0.4589,0.4598,0.4505,0.4518,12335972.49
2024-07-07 00:00:00+00:00,0.4518,0.4519,0.4468,0.4474,4078108.64
2024-07-07 01:00:00+00:00,0.4474,0.4486,0.4431,0.4473,3571240.2
2024-07-07 02:00:00+00:00,0.4473,0.4533,0.4472,0.4508,1866753.39
2024-07-07 03:00:00+00:00,0.4508,0.4508,0.4457,0.4465,1577042.65
2024-07-07 04:00:00+00:00,0.4465,0.4476,0.4386,0.4396,3670124.08
2024-07-07 05:00:00+00:00,0.4396,0.4437,0.4381,0.4422,1749005.88
2024-07-07 06:00:00+00:00,0.4422,0.4433,0.4326,0.4389,14294068.08
2024-07-07 07:00:00+00:00,0.4389,0.4401,0.4304,0.4351,4448388.65
2024-07-07 08:00:00+00:00,0.4351,0.439,0.4344,0.4361,3028490.31
2024-07-07 09:00:00+00:00,0.4361,0.4403,0.4349,0.4387,1510772.29
2024-07-07 10:00:00+00:00,0.4387,0.4437,0.4378,0.441,14162197.8
2024-07-07 11:00:00+00:00,0.441,0.4431,0.44,0.4419,3166991.52
2024-07-07 12:00:00+00:00,0.4419,0.4443,0.4378,0.4398,1620094.36
2024-07-07 13:00:00+00:00,0.4398,0.4398,0.4255,0.4265,7347565.5
2024-07-07 14:00:00+00:00,0.4265,0.4267,0.4186,0.4206,10829826.0
2024-07-07 15:00:00+00:00,0.4206,0.4285,0.4179,0.4193,13424688.7
2024-07-07 16:00:00+00:00,0.4193,0.4254,0.4178,0.4245,4886966.69
2024-07-07 17:00:00+00:00,0.4245,0.4312,0.4191,0.431,10948996.77
2024-07-07 18:00:00+00:00,0.431,0.4337,0.4278,0.4302,8722129.98
2024-07-07 19:00:00+00:00,0.4302,0.4332,0.4271,0.4307,4941107.28
2024-07-07 20:00:00+00:00,0.4307,0.4325,0.4282,0.4296,1555361.91
2024-07-07 21:00:00+00:00,0.4296,0.4296,0.4175,0.4232,3679336.47
2024-07-07 22:00:00+00:00,0.4232,0.4261,0.4172,0.4194,3744539.37
2024-07-07 23:00:00+00:00,0.4194,0.4216,0.4114,0.416,6691550.18
2024-07-08 00:00:00+00:00,0.416,0.4168,0.3994,0.4015,13691118.47
2024-07-08 01:00:00+00:00,0.4015,0.403,0.3937,0.4029,13876862.44
2024-07-08 02:00:00+00:00,0.4029,0.4168,0.4012,0.4134,9332706.47
2024-07-08 03:00:00+00:00,0.4134,0.4193,0.4103,0.4156,5118436.36
2024-07-08 04:00:00+00:00,0.4156,0.4272,0.4142,0.4272,8811372.57
2024-07-08 05:00:00+00:00,0.4272,0.4305,0.4225,0.425,3475422.41
2024-07-08 06:00:00+00:00,0.425,0.4397,0.4237,0.4334,8219010.17
2024-07-08 07:00:00+00:00,0.4334,0.4345,0.4281,0.4295,3805421.18
2024-07-08 08:00:00+00:00,0.4295,0.4478,0.4284,0.4476,15174758.41
2024-07-08 09:00:00+00:00,0.4476,0.4532,0.4402,0.4423,7470848.64
2024-07-08 10:00:00+00:00,0.4423,0.4479,0.4389,0.4406,4070050.89
2024-07-08 11:00:00+00:00,0.4406,0.4541,0.4406,0.4489,7767289.76
2024-07-08 12:00:00+00:00,0.4489,0.4509,0.4432,0.4464,6922145.26
2024-07-08 13:00:00+00:00,0.4464,0.4495,0.4422,0.4455,3402756.11
2024-07-08 14:00:00+00:00,0.4455,0.4483,0.4251,0.4381,18230098.49
2024-07-08 15:00:00+00:00,0.4381,0.4429,0.4297,0.4298,4170486.99
2024-07-08 16:00:00+00:00,0.4298,0.4333,0.4222,0.4287,5286115.51
2024-07-08 17:00:00+00:00,0.4287,0.4329,0.426,0.4286,2886120.97
2024-07-08 18:00:00+00:00,0.4286,0.4337,0.4266,0.431,2382596.68
2024-07-08 19:00:00+00:00,0.431,0.4323,0.4283,0.4311,1565863.02
2024-07-08 20:00:00+00:00,0.4311,0.4329,0.4277,0.4285,2229863.59
2024-07-08 21:00:00+00:00,0.4285,0.4344,0.4272,0.4338,1877612.34
2024-07-08 22:00:00+00:00,0.4338,0.4358,0.4307,0.4313,1683343.34
2024-07-08 23:00:00+00:00,0.4313,0.4335,0.4297,0.4305,1573402.88
2024-07-09 00:00:00+00:00,0.4305,0.4325,0.4275,0.4292,3409097.36
2024-07-09 01:00:00+00:00,0.4292,0.4424,0.4282,0.4303,4719931.83
2024-07-09 02:00:00+00:00,0.4303,0.4416,0.4265,0.4415,5672153.9
2024-07-09 03:00:00+00:00,0.4415,0.4429,0.4356,0.438,5033832.32
2024-07-09 04:00:00+00:00,0.438,0.4468,0.4371,0.4443,3471669.7
2024-07-09 05:00:00+00:00,0.4443,0.4476,0.4423,0.4453,3063753.86
2024-07-09 06:00:00+00:00,0.4453,0.4506,0.4432,0.4466,2718894.31
2024-07-09 07:00:00+00:00,0.4466,0.4481,0.4413,0.4431,2503862.79
2024-07-09 08:00:00+00:00,0.4431,0.449,0.442,0.4433,3660669.99
2024-07-09 09:00:00+00:00,0.4433,0.4446,0.4416,0.4424,2619028.59
2024-07-09 10:00:00+00:00,0.4424,0.4453,0.4401,0.4413,3419901.01
2024-07-09 11:00:00+00:00,0.4413,0.4423,0.4386,0.4392,1760208.28
2024-07-09 12:00:00+00:00,0.4392,0.44,0.4367,0.4393,1312327.12
2024-07-09 13:00:00+00:00,0.4393,0.4404,0.4344,0.4369,2105218.79
2024-07-09 14:00:00+00:00,0.4369,0.4463,0.4342,0.4342,7205402.99
2024-07-09 15:00:00+00:00,0.4342,0.4384,0.4282,0.438,3879409.91
2024-07-09 16:00:00+00:00,0.438,0.4445,0.437,0.441,4966187.48
2024-07-09 17:00:00+00:00,0.441,0.4467,0.4383,0.4396,7287884.82
2024-07-09 18:00:00+00:00,0.4396,0.4485,0.4395,0.4481,8514048.82
2024-07-09 19:00:00+00:00,0.4481,0.4547,0.4447,0.4513,5351265.95
2024-07-09 20:00:00+00:00,0.4513,0.4532,0.448,0.4488,7074463.1
2024-07-09 21:00:00+00:00,0.4488,0.4596,0.4486,0.4541,7512714.43
2024-07-09 22:00:00+00:00,0.4541,0.4629,0.4503,0.4598,9015170.45
2024-07-09 23:00:00+00:00,0.4598,0.4604,0.4536,0.4565,7445776.18
2024-07-10 00:00:00+00:00,0.4565,0.461,0.4529,0.453,12720542.11
2024-07-10 01:00:00+00:00,0.453,0.4667,0.453,0.4608,5610296.73
2024-07-10 02:00:00+00:00,0.4608,0.4625,0.4548,0.4614,2776015.42
2024-07-10 03:00:00+00:00,0.4614,0.4794,0.4571,0.4764,8406855.46
2024-07-10 04:00:00+00:00,0.4764,0.4948,0.4742,0.4919,21981283.47
2024-07-10 05:00:00+00:00,0.4919,0.4949,0.4847,0.489,7800754.38
2024-07-10 06:00:00+00:00,0.489,0.4923,0.4863,0.488,5045713.85
2024-07-10 07:00:00+00:00,0.488,0.4889,0.4787,0.4808,8090868.25
2024-07-10 08:00:00+00:00,0.4808,0.4826,0.474,0.4743,4934944.59
2024-07-10 09:00:00+00:00,0.4743,0.476,0.4688,0.4733,5133801.16
2024-07-10 10:00:00+00:00,0.4733,0.4769,0.4694,0.4717,6194165.72
2024-07-10 11:00:00+00:00,0.4717,0.474,0.4648,0.4667,3969540.02
2024-07-10 12:00:00+00:00,0.4667,0.469,0.4624,0.4683,3105686.96
2024-07-10 13:00:00+00:00,0.4683,0.4708,0.4635,0.4706,3680170.07
2024-07-10 14:00:00+00:00,0.4706,0.4739,0.4656,0.4716,5748441.84
2024-07-10 15:00:00+00:00,0.4716,0.4746,0.4678,0.471,2276029.32
2024-07-10 16:00:00+00:00,0.471,0.4757,0.4705,0.4726,3944431.7
2024-07-10 17:00:00+00:00,0.4726,0.4734,0.4683,0.4696,2021530.94
2024-07-10 18:00:00+00:00,0.4696,0.4713,0.4679,0.47,1414081.52
2024-07-10 19:00:00+00:00,0.47,0.4701,0.4681,0.469,1014201.92
2024-07-10 20:00:00+00:00,0.469,0.4698,0.4645,0.4673,2210861.1
2024-07-10 21:00:00+00:00,0.4673,0.4673,0.4642,0.467,1251317.31
2024-07-10 22:00:00+00:00,0.467,0.4697,0.4662,0.4692,1909497.59
2024-07-10 23:00:00+00:00,0.4692,0.4713,0.4686,0.4702,1073022.8
2024-07-11 00:00:00+00:00,0.4702,0.4716,0.4675,0.4716,992784.95
2024-07-11 01:00:00+00:00,0.4716,0.4753,0.4676,0.4734,2361831.74
2024-07-11 02:00:00+00:00,0.4734,0.4742,0.4674,0.4679,2786785.12
2024-07-11 03:00:00+00:00,0.4679,0.4683,0.4599,0.4658,3432054.69
2024-07-11 04:00:00+00:00,0.4658,0.4691,0.4646,0.467,1748499.18
2024-07-11 05:00:00+00:00,0.467,0.4697,0.4655,0.4693,1630017.27
2024-07-11 06:00:00+00:00,0.4693,0.4722,0.4688,0.4711,920556.77
2024-07-11 07:00:00+00:00,0.4711,0.4726,0.4698,0.4719,1829938.07
2024-07-11 08:00:00+00:00,0.4719,0.4758,0.4714,0.4743,3552318.72
2024-07-11 09:00:00+00:00,0.4743,0.4776,0.4732,0.4774,2686990.93
2024-07-11 10:00:00+00:00,0.4774,0.4795,0.4764,0.4784,2043350.76
2024-07-11 11:00:00+00:00,0.4784,0.4813,0.4764,0.4781,2798673.45
2024-07-11 12:00:00+00:00,0.4781,0.4912,0.4765,0.4843,9347340.22
2024-07-11 13:00:00+00:00,0.4843,0.4868,0.4745,0.4776,5311443.34
2024-07-11 14:00:00+00:00,0.4776,0.4796,0.4674,0.4747,5157718.31
2024-07-11 15:00:00+00:00,0.4747,0.4768,0.4621,0.4639,5740035.47
2024-07-11 16:00:00+00:00,0.4639,0.4699,0.4614,0.4687,2390208.23
2024-07-11 17:00:00+00:00,0.4687,0.4713,0.4664,0.471,2191587.22
2024-07-11 18:00:00+00:00,0.471,0.4771,0.471,0.474,3829956.06
2024-07-11 19:00:00+00:00,0.474,0.474,0.4674,0.4677,1432075.57
2024-07-11 20:00:00+00:00,0.4677,0.4685,0.4634,0.4674,1990220.71
2024-07-11 21:00:00+00:00,0.4674,0.4682,0.4594,0.4633,4140265.67
2024-07-11 22:00:00+00:00,0.4633,0.4635,0.4588,0.4603,2542448.32
2024-07-11 23:00:00+00:00,0.4603,0.4621,0.4558,0.461,4014532.34
2024-07-12 00:00:00+00:00,0.461,0.4696,0.4595,0.4659,2732976.11
2024-07-12 01:00:00+00:00,0.4659,0.4693,0.4573,0.469,7331667.28
2024-07-12 02:00:00+00:00,0.469,0.4739,0.4673,0.4676,3106729.33
2024-07-12 03:00:00+00:00,0.4676,0.4686,0.4632,0.4648,1451970.41
2024-07-12 04:00:00+00:00,0.4648,0.4658,0.4571,0.4628,2012402.01
2024-07-12 05:00:00+00:00,0.4628,0.4698,0.4618,0.4632,2660662.63
2024-07-12 06:00:00+00:00,0.4632,0.4685,0.4627,0.4667,986100.77
2024-07-12 07:00:00+00:00,0.4667,0.4685,0.4608,0.4643,1476684.74
2024-07-12 08:00:00+00:00,0.4643,0.4644,0.4602,0.4638,3975193.5
2024-07-12 09:00:00+00:00,0.4638,0.4641,0.4546,0.4565,3770203.78
2024-07-12 10:00:00+00:00,0.4565,0.457,0.4498,0.4554,6192982.92
2024-07-12 11:00:00+00:00,0.4554,0.4558,0.4503,0.4511,4335472.45
2024-07-12 12:00:00+00:00,0.4511,0.4561,0.4504,0.4536,3152296.43
2024-07-12 13:00:00+00:00,0.4536,0.4744,0.4536,0.4714,6860160.58
2024-07-12 14:00:00+00:00,0.4714,0.4725,0.4648,0.4655,3343020.8
2024-07-12 15:00:00+00:00,0.4655,0.4736,0.4654,0.4719,2774766.68
2024-07-12 16:00:00+00:00,0.4719,0.4731,0.4679,0.471,3596103.19
2024-07-12 17:00:00+00:00,0.471,0.473,0.4683,0.4704,1922697.79
2024-07-12 18:00:00+00:00,0.4704,0.4782,0.4687,0.476,4472130.36
2024-07-12 19:00:00+00:00,0.476,0.4767,0.4671,0.4673,5657377.91
2024-07-12 20:00:00+00:00,0.4673,0.4685,0.4581,0.4663,7134829.02
2024-07-12 21:00:00+00:00,0.4663,0.4671,0.4618,0.4626,2562265.33
2024-07-12 22:00:00+00:00,0.4626,0.4697,0.4622,0.4694,3079549.53
2024-07-12 23:00:00+00:00,0.4694,0.4694,0.4661,0.4685,1807984.53
2024-07-13 00:00:00+00:00,0.4685,0.4701,0.4662,0.4674,1788547.89
2024-07-13 01:00:00+00:00,0.4674,0.471,0.4664,0.4673,2639919.48
2024-07-13 02:00:00+00:00,0.4673,0.4674,0.4638,0.4654,1279874.41
2024-07-13 03:00:00+00:00,0.4654,0.4664,0.464,0.4649,814952.07
2024-07-13 04:00:00+00:00,0.4649,0.4649,0.4632,0.464,1175291.29
2024-07-13 05:00:00+00:00,0.464,0.4748,0.4633,0.4742,2131252.4
2024-07-13 06:00:00+00:00,0.4742,0.4798,0.4729,0.4747,2640990.02
2024-07-13 07:00:00+00:00,0.4747,0.4821,0.4737,0.482,2473175.88
2024-07-13 08:00:00+00:00,0.482,0.4822,0.4752,0.4757,3023431.64
2024-07-13 09:00:00+00:00,0.4757,0.4852,0.4752,0.485,3581250.08
2024-07-13 10:00:00+00:00,0.485,0.487,0.4811,0.4828,3146332.67
2024-07-13 11:00:00+00:00,0.4828,0.4845,0.4796,0.4835,1407265.25
2024-07-13 12:00:00+00:00,0.4835,0.4841,0.4805,0.4806,1356972.41
2024-07-13 13:00:00+00:00,0.4806,0.4814,0.4786,0.4797,1466254.74
2024-07-13 14:00:00+00:00,0.4797,0.4797,0.4741,0.4766,2628772.77
2024-07-13 15:00:00+00:00,0.4766,0.4799,0.4752,0.4784,1306334.22
2024-07-13 16:00:00+00:00,0.4784,0.4833,0.4768,0.4774,2437545.9
2024-07-13 17:00:00+00:00,0.4774,0.4814,0.4756,0.4812,1590158.88
2024-07-13 18:00:00+00:00,0.4812,0.4815,0.4765,0.4789,1379176.6
2024-07-13 19:00:00+00:00,0.4789,0.4837,0.4788,0.4828,3232294.85
2024-07-13 20:00:00+00:00,0.4828,0.4836,0.4805,0.4807,2074370.99
2024-07-13 21:00:00+00:00,0.4807,0.4807,0.4779,0.4797,1162081.29
2024-07-13 22:00:00+00:00,0.4797,0.4892,0.4764,0.4885,3441182.33
2024-07-13 23:00:00+00:00,0.4885,0.4914,0.4832,0.4832,2471011.73
2024-07-14 00:00:00+00:00,0.4832,0.4861,0.4789,0.4837,3786047.37
2024-07-14 01:00:00+00:00,0.4837,0.4877,0.4816,0.4857,1600692.11
2024-07-14 02:00:00+00:00,0.4857,0.4866,0.4776,0.4811,3923068.59
2024-07-14 03:00:00+00:00,0.4811,0.4897,0.4811,0.4886,3718859.15
2024-07-14 04:00:00+00:00,0.4886,0.4997,0.4875,0.4983,6049716.35
2024-07-14 05:00:00+00:00,0.4983,0.5053,0.4974,0.4978,8338430.16
2024-07-14 06:00:00+00:00,0.4978,0.498,0.4868,0.487,5921632.66
2024-07-14 07:00:00+00:00,0.487,0.49,0.4853,0.4856,6939516.0
2024-07-14 08:00:00+00:00,0.4856,0.4892,0.4854,0.4882,2418786.05
2024-07-14 09:00:00+00:00,0.4882,0.4911,0.487,0.4872,2511067.56
2024-07-14 10:00:00+00:00,0.4872,0.4876,0.4807,0.4814,2255054.07
2024-07-14 11:00:00+00:00,0.4814,0.4816,0.48,0.4807,1989951.55
2024-07-14 12:00:00+00:00,0.4807,0.4817,0.4751,0.476,3499611.38
2024-07-14 13:00:00+00:00,0.476,0.4827,0.4759,0.4796,5728208.41
2024-07-14 14:00:00+00:00,0.4796,0.4817,0.4761,0.4806,2133456.89
2024-07-14 15:00:00+00:00,0.4806,0.4822,0.4791,0.4815,2622369.55
2024-07-14 16:00:00+00:00,0.4815,0.4828,0.4792,0.4811,3864640.09
2024-07-14 17:00:00+00:00,0.4811,0.4821,0.4784,0.4798,1192612.17
2024-07-14 18:00:00+00:00,0.4798,0.4805,0.4781,0.4788,1057234.29
2024-07-14 19:00:00+00:00,0.4788,0.4792,0.477,0.478,755754.11
2024-07-14 20:00:00+00:00,0.478,0.4822,0.4776,0.4787,1908773.88
2024-07-14 21:00:00+00:00,0.4787,0.4892,0.4782,0.4888,2828550.07
2024-07-14 22:00:00+00:00,0.4888,0.4928,0.4868,0.4905,3225465.46
2024-07-14 23:00:00+00:00,0.4905,0.496,0.4895,0.4913,5146592.27
2024-07-15 00:00:00+00:00,0.4913,0.4946,0.4865,0.4929,6016744.3
2024-07-15 01:00:00+00:00,0.4929,0.496,0.4903,0.4923,3507676.43
2024-07-15 02:00:00+00:00,0.4923,0.4987,0.4912,0.4933,6108361.3
2024-07-15 03:00:00+00:00,0.4933,0.4959,0.4917,0.495,3207021.85
2024-07-15 04:00:00+00:00,0.495,0.4953,0.4908,0.4928,4359611.65
2024-07-15 05:00:00+00:00,0.4928,0.4938,0.491,0.4914,11216142.79
2024-07-15 06:00:00+00:00,0.4914,0.4963,0.4909,0.4955,6867190.84
2024-07-15 07:00:00+00:00,0.4955,0.4998,0.4945,0.4982,4406671.82
2024-07-15 08:00:00+00:00,0.4982,0.4989,0.4909,0.4917,5104194.91
2024-07-15 09:00:00+00:00,0.4917,0.4918,0.4887,0.4909,2811657.14
2024-07-15 10:00:00+00:00,0.4909,0.4909,0.4845,0.486,2852574.54
2024-07-15 11:00:00+00:00,0.486,0.492,0.4838,0.4905,5647160.55
2024-07-15 12:00:00+00:00,0.4905,0.4972,0.4894,0.4945,7035373.32
2024-07-15 13:00:00+00:00,0.4945,0.4978,0.4894,0.4952,6332702.1
2024-07-15 14:00:00+00:00,0.4952,0.4961,0.4912,0.4954,1823267.3
2024-07-15 15:00:00+00:00,0.4954,0.4984,0.4921,0.4956,6992415.02
2024-07-15 16:00:00+00:00,0.4956,0.5108,0.4928,0.5061,8803905.01
2024-07-15 17:00:00+00:00,0.5061,0.5124,0.4996,0.5051,10264094.31
2024-07-15 18:00:00+00:00,0.5051,0.51,0.5034,0.5095,3777473.57
2024-07-15 19:00:00+00:00,0.5095,0.5134,0.5069,0.513,5888500.4
2024-07-15 20:00:00+00:00,0.513,0.5202,0.5107,0.5162,4737531.86
2024-07-15 21:00:00+00:00,0.5162,0.5233,0.5131,0.5147,5786930.33
2024-07-15 22:00:00+00:00,0.5147,0.5282,0.5141,0.5257,6129934.49
2024-07-15 23:00:00+00:00,0.5257,0.5287,0.5235,0.5262,3683624.17
2024-07-16 00:00:00+00:00,0.5262,0.5335,0.525,0.5272,6699075.84
2024-07-16 01:00:00+00:00,0.5272,0.5318,0.524,0.531,3061011.4
2024-07-16 02:00:00+00:00,0.531,0.5329,0.5264,0.529,2455547.81
2024-07-16 03:00:00+00:00,0.529,0.5292,0.5242,0.5265,1388201.1
2024-07-16 04:00:00+00:00,0.5265,0.5286,0.5229,0.5238,2145189.83
2024-07-16 05:00:00+00:00,0.5238,0.5273,0.5123,0.5148,7067582.29
2024-07-16 06:00:00+00:00,0.5148,0.5195,0.5014,0.5024,6238681.85
2024-07-16 07:00:00+00:00,0.5024,0.5089,0.5012,0.5022,6459222.87
2024-07-16 08:00:00+00:00,0.5022,0.506,0.4949,0.5023,9570305.94
2024-07-16 09:00:00+00:00,0.5023,0.5075,0.5005,0.5068,4344088.64
2024-07-16 10:00:00+00:00,0.5068,0.5107,0.504,0.5077,4029853.12
2024-07-16 11:00:00+00:00,0.5077,0.5083,0.5046,0.506,1777556.04
2024-07-16 12:00:00+00:00,0.506,0.5104,0.503,0.5038,2687676.36
2024-07-16 13:00:00+00:00,0.5038,0.509,0.502,0.5045,2792333.21
2024-07-16 14:00:00+00:00,0.5045,0.5116,0.5028,0.5108,3136755.19
2024-07-16 15:00:00+00:00,0.5108,0.5245,0.5106,0.5234,6176887.82
2024-07-16 16:00:00+00:00,0.5234,0.5301,0.5188,0.5299,7580767.81
2024-07-16 17:00:00+00:00,0.5299,0.5321,0.5256,0.5289,2844704.09
2024-07-16 18:00:00+00:00,0.5289,0.5299,0.5241,0.5255,3839188.21
2024-07-16 19:00:00+00:00,0.5255,0.526,0.5182,0.5242,5264516.79
2024-07-16 20:00:00+00:00,0.5242,0.5253,0.5218,0.5218,1659799.99
2024-07-16 21:00:00+00:00,0.5218,0.5231,0.5193,0.5212,1380350.84
2024-07-16 22:00:00+00:00,0.5212,0.5218,0.517,0.5193,1673128.24
2024-07-16 23:00:00+00:00,0.5193,0.5269,0.5189,0.5228,1836181.06
2024-07-17 00:00:00+00:00,0.5228,0.5281,0.5217,0.5279,2063596.79
2024-07-17 01:00:00+00:00,0.5279,0.5339,0.5276,0.5307,3296415.29
2024-07-17 02:00:00+00:00,0.5307,0.5351,0.5296,0.5303,1891708.8
2024-07-17 03:00:00+00:00,0.5303,0.5305,0.5242,0.5282,2366734.28
2024-07-17 04:00:00+00:00,0.5282,0.532,0.5265,0.5313,1766410.84
2024-07-17 05:00:00+00:00,0.5313,0.5318,0.5266,0.5279,1920841.03
2024-07-17 06:00:00+00:00,0.5279,0.5297,0.5247,0.5265,2212373.59
2024-07-17 07:00:00+00:00,0.5265,0.5267,0.5215,0.5224,3489041.09
2024-07-17 08:00:00+00:00,0.5224,0.5243,0.5148,0.5212,3008908.68
2024-07-17 09:00:00+00:00,0.5212,0.5265,0.5184,0.5264,2011909.3
2024-07-17 10:00:00+00:00,0.5264,0.529,0.5246,0.5249,1714234.41
2024-07-17 11:00:00+00:00,0.5249,0.5249,0.5162,0.519,4192380.08
2024-07-17 12:00:00+00:00,0.519,0.5229,0.5176,0.5194,1533251.41
2024-07-17 13:00:00+00:00,0.5194,0.5265,0.5154,0.5255,3110310.11
2024-07-17 14:00:00+00:00,0.5255,0.5265,0.5212,0.5248,2603644.98
2024-07-17 15:00:00+00:00,0.5248,0.5282,0.5168,0.5178,2568037.06
2024-07-17 16:00:00+00:00,0.5178,0.5189,0.5057,0.5123,5775212.16
2024-07-17 17:00:00+00:00,0.5123,0.5146,0.5099,0.5112,1842655.05
2024-07-17 18:00:00+00:00,0.5112,0.5203,0.5111,0.5186,1806933.12
2024-07-17 19:00:00+00:00,0.5186,0.5197,0.5168,0.5173,1475411.77
2024-07-17 20:00:00+00:00,0.5173,0.5191,0.5166,0.5166,899622.86
2024-07-17 21:00:00+00:00,0.5166,0.5189,0.5126,0.5165,1672943.11
2024-07-17 22:00:00+00:00,0.5165,0.518,0.5115,0.5118,1448000.4
2024-07-17 23:00:00+00:00,0.5118,0.5132,0.5086,0.5088,1648969.69
2024-07-18 00:00:00+00:00,0.5088,0.5181,0.5088,0.5173,1534450.92
2024-07-18 01:00:00+00:00,0.5173,0.5191,0.5159,0.5167,957198.39
2024-07-18 02:00:00+00:00,0.5167,0.5185,0.5103,0.5155,1941695.86
2024-07-18 03:00:00+00:00,0.5155,0.518,0.513,0.5144,2692810.42
2024-07-18 04:00:00+00:00,0.5144,0.5154,0.5088,0.5089,1459713.81
2024-07-18 05:00:00+00:00,0.5089,0.5116,0.5034,0.5102,2967749.84
2024-07-18 06:00:00+00:00,0.5102,0.5144,0.5076,0.5122,2382546.31
2024-07-18 07:00:00+00:00,0.5122,0.5125,0.5052,0.5059,2327513.87
2024-07-18 08:00:00+00:00,0.5059,0.5086,0.5002,0.5007,7557748.56
2024-07-18 09:00:00+00:00,0.5007,0.5029,0.4967,0.4986,7720531.59
2024-07-18 10:00:00+00:00,0.4986,0.4993,0.4925,0.4985,4183371.75
2024-07-18 11:00:00+00:00,0.4985,0.4996,0.496,0.4996,1761051.67
2024-07-18 12:00:00+00:00,0.4996,0.5045,0.4993,0.5026,3817500.33
2024-07-18 13:00:00+00:00,0.5026,0.5061,0.5001,0.5004,1985860.18
2024-07-18 14:00:00+00:00,0.5004,0.5016,0.4891,0.4918,3846031.05
2024-07-18 15:00:00+00:00,0.4918,0.4918,0.4791,0.4806,7010892.07
2024-07-18 16:00:00+00:00,0.4806,0.4806,0.4725,0.4801,6367901.61
2024-07-18 17:00:00+00:00,0.4801,0.4804,0.4735,0.474,2347027.53
2024-07-18 18:00:00+00:00,0.474,0.4756,0.4705,0.4715,3355847.97
2024-07-18 19:00:00+00:00,0.4715,0.4747,0.4675,0.4723,3990548.45
2024-07-18 20:00:00+00:00,0.4723,0.4767,0.4703,0.4761,3348005.84
2024-07-18 21:00:00+00:00,0.4761,0.4775,0.4733,0.4774,1407201.84
2024-07-18 22:00:00+00:00,0.4774,0.4792,0.4733,0.4789,5868358.13
2024-07-18 23:00:00+00:00,0.4789,0.4813,0.475,0.4762,3632717.49
2024-07-19 00:00:00+00:00,0.4762,0.4764,0.4704,0.4721,2241214.51
2024-07-19 01:00:00+00:00,0.4721,0.4742,0.4643,0.4734,5641938.27
2024-07-19 02:00:00+00:00,0.4734,0.4747,0.4709,0.4722,2249930.58
2024-07-19 03:00:00+00:00,0.4722,0.4833,0.4716,0.4827,3306151.21
2024-07-19 04:00:00+00:00,0.4827,0.4831,0.4785,0.4787,1250558.72
2024-07-19 05:00:00+00:00,0.4787,0.4831,0.4783,0.4823,1012469.66
2024-07-19 06:00:00+00:00,0.4823,0.49,0.4818,0.489,4089515.49
2024-07-19 07:00:00+00:00,0.489,0.4895,0.4822,0.4831,4059653.26
2024-07-19 08:00:00+00:00,0.4831,0.4839,0.4756,0.4818,4428496.2
2024-07-19 09:00:00+00:00,0.4818,0.4872,0.4792,0.4798,3067035.17
2024-07-19 10:00:00+00:00,0.4798,0.4856,0.4794,0.4819,1911634.93
2024-07-19 11:00:00+00:00,0.4819,0.4832,0.4787,0.482,1302793.15
2024-07-19 12:00:00+00:00,0.482,0.4857,0.4812,0.4845,1422736.59
2024-07-19 13:00:00+00:00,0.4845,0.4868,0.4791,0.485,3768548.29
2024-07-19 14:00:00+00:00,0.485,0.4899,0.4833,0.4888,4805087.67
2024-07-19 15:00:00+00:00,0.4888,0.4941,0.4856,0.4938,3653351.48
2024-07-19 16:00:00+00:00,0.4938,0.5063,0.4934,0.5043,8995923.01
2024-07-19 17:00:00+00:00,0.5043,0.5058,0.5009,0.5053,3408401.82
2024-07-19 18:00:00+00:00,0.5053,0.51,0.505,0.5083,3275280.86
2024-07-19 19:00:00+00:00,0.5083,0.5231,0.5075,0.521,12412526.77
2024-07-19 20:00:00+00:00,0.521,0.5314,0.5184,0.5276,9493885.39
2024-07-19 21:00:00+00:00,0.5276,0.5278,0.5225,0.5227,3165347.65
2024-07-19 22:00:00+00:00,0.5227,0.5259,0.5227,0.5232,2201930.07
2024-07-19 23:00:00+00:00,0.5232,0.5239,0.5195,0.5215,2176707.96
2024-07-20 00:00:00+00:00,0.5215,0.5229,0.5158,0.5166,3490740.86
2024-07-20 01:00:00+00:00,0.5166,0.5208,0.5157,0.5171,2071109.84
2024-07-20 02:00:00+00:00,0.5171,0.5204,0.5162,0.5192,1481403.07
2024-07-20 03:00:00+00:00,0.5192,0.5227,0.5191,0.5209,1376613.59
2024-07-20 04:00:00+00:00,0.5209,0.5297,0.5199,0.5296,2705304.96
2024-07-20 05:00:00+00:00,0.5296,0.5299,0.522,0.5242,2196422.35
2024-07-20 06:00:00+00:00,0.5242,0.5301,0.524,0.5287,2302785.28
2024-07-20 07:00:00+00:00,0.5287,0.5342,0.5275,0.5289,3040017.25
2024-07-20 08:00:00+00:00,0.5289,0.5309,0.5227,0.5232,2488266.34
2024-07-20 09:00:00+00:00,0.5232,0.5238,0.5204,0.5208,2141042.7
2024-07-20 10:00:00+00:00,0.5208,0.5214,0.5168,0.5177,1992393.12
2024-07-20 11:00:00+00:00,0.5177,0.5177,0.5123,0.5127,2939464.2
2024-07-20 12:00:00+00:00,0.5127,0.5164,0.5121,0.5122,2450846.98
2024-07-20 13:00:00+00:00,0.5122,0.5163,0.5075,0.5163,2963585.03
2024-07-20 14:00:00+00:00,0.5163,0.5216,0.5154,0.5179,3246870.95
2024-07-20 15:00:00+00:00,0.5179,0.5226,0.5178,0.5218,1751801.75
2024-07-20 16:00:00+00:00,0.5218,0.5233,0.516,0.5176,1884219.4
2024-07-20 17:00:00+00:00,0.5176,0.5272,0.5152,0.5252,4000514.6
2024-07-20 18:00:00+00:00,0.5252,0.5252,0.5221,0.5244,2939206.6
2024-07-20 19:00:00+00:00,0.5244,0.5265,0.5194,0.5197,2526521.99
2024-07-20 20:00:00+00:00,0.5197,0.5232,0.5197,0.521,1367632.61
2024-07-20 21:00:00+00:00,0.521,0.5226,0.5172,0.5226,2665770.32
2024-07-20 22:00:00+00:00,0.5226,0.5243,0.5196,0.5211,1353889.62
2024-07-20 23:00:00+00:00,0.5211,0.5224,0.5206,0.5214,879641.17
2024-07-21 00:00:00+00:00,0.5214,0.5237,0.5183,0.5191,1255075.23
2024-07-21 01:00:00+00:00,0.5191,0.5263,0.5188,0.524,1593307.69
2024-07-21 02:00:00+00:00,0.524,0.5264,0.522,0.5223,1163066.28
2024-07-21 03:00:00+00:00,0.5223,0.5248,0.5215,0.5226,1412753.98
2024-07-21 04:00:00+00:00,0.5226,0.5236,0.5168,0.5198,2493494.43
2024-07-21 05:00:00+00:00,0.5198,0.5265,0.517,0.5257,3213706.16
2024-07-21 06:00:00+00:00,0.5257,0.5261,0.5147,0.5157,2885211.87
2024-07-21 07:00:00+00:00,0.5157,0.5194,0.5126,0.5176,1911385.85
2024-07-21 08:00:00+00:00,0.5176,0.5185,0.5138,0.5142,1427289.42
2024-07-21 09:00:00+00:00,0.5142,0.5189,0.5135,0.5179,1352988.72
2024-07-21 10:00:00+00:00,0.5179,0.519,0.5158,0.5164,853062.33
2024-07-21 11:00:00+00:00,0.5164,0.5191,0.5161,0.5183,2421043.5
2024-07-21 12:00:00+00:00,0.5183,0.5216,0.5177,0.5204,952969.79
2024-07-21 13:00:00+00:00,0.5204,0.5227,0.5146,0.5151,1459262.42
2024-07-21 14:00:00+00:00,0.5151,0.5253,0.5118,0.5252,3248676.42
2024-07-21 15:00:00+00:00,0.5252,0.5315,0.5155,0.5157,5749563.24
2024-07-21 16:00:00+00:00,0.5157,0.5205,0.5119,0.5203,3883239.16
2024-07-21 17:00:00+00:00,0.5203,0.5243,0.5073,0.512,6484427.24
2024-07-21 18:00:00+00:00,0.512,0.5207,0.4977,0.5111,12774211.39
2024-07-21 19:00:00+00:00,0.5111,0.5231,0.5077,0.5227,3424573.08
2024-07-21 20:00:00+00:00,0.5227,0.5396,0.52,0.5344,10597321.14
2024-07-21 21:00:00+00:00,0.5344,0.543,0.5312,0.5425,5188890.96
2024-07-21 22:00:00+00:00,0.5425,0.5448,0.5363,0.5368,4465676.02
2024-07-21 23:00:00+00:00,0.5368,0.5446,0.5368,0.5445,2447881.45
2024-07-22 00:00:00+00:00,0.5445,0.5467,0.5419,0.5435,3850758.53
2024-07-22 01:00:00+00:00,0.5435,0.5436,0.5378,0.5379,2180445.51
2024-07-22 02:00:00+00:00,0.5379,0.5392,0.5352,0.5385,1926283.1
2024-07-22 03:00:00+00:00,0.5385,0.5387,0.5318,0.5322,2104497.13
2024-07-22 04:00:00+00:00,0.5322,0.5326,0.5287,0.5306,1654293.35
2024-07-22 05:00:00+00:00,0.5306,0.531,0.5192,0.5228,3603755.04
2024-07-22 06:00:00+00:00,0.5228,0.5272,0.5195,0.523,2642093.61
2024-07-22 07:00:00+00:00,0.523,0.5244,0.5178,0.5221,2898389.69
2024-07-22 08:00:00+00:00,0.5221,0.5223,0.5183,0.5185,2199329.31
2024-07-22 09:00:00+00:00,0.5185,0.5209,0.517,0.5209,2601631.03
2024-07-22 10:00:00+00:00,0.5209,0.5268,0.5198,0.5234,2147922.62
2024-07-22 11:00:00+00:00,0.5234,0.5261,0.5216,0.5248,1354549.22
2024-07-22 12:00:00+00:00,0.5248,0.5261,0.5211,0.5239,1949000.38
2024-07-22 13:00:00+00:00,0.5239,0.5266,0.5161,0.5168,3267200.19
2024-07-22 14:00:00+00:00,0.5168,0.5214,0.5133,0.5158,4512287.45
2024-07-22 15:00:00+00:00,0.5158,0.5208,0.5142,0.5175,2340053.81
2024-07-22 16:00:00+00:00,0.5175,0.5216,0.5154,0.5164,3026118.29
2024-07-22 17:00:00+00:00,0.5164,0.5204,0.5156,0.5204,1051051.81
2024-07-22 18:00:00+00:00,0.5204,0.5232,0.5178,0.5196,1939478.62
2024-07-22 19:00:00+00:00,0.5196,0.5248,0.518,0.5248,1267554.9
2024-07-22 20:00:00+00:00,0.5248,0.5254,0.5201,0.5212,1253957.34
2024-07-22 21:00:00+00:00,0.5212,0.5212,0.5118,0.5132,2363870.51
2024-07-22 22:00:00+00:00,0.5132,0.5132,0.5064,0.5109,3005922.02
2024-07-22 23:00:00+00:00,0.5109,0.5111,0.505,0.5089,1825372.71
2024-07-23 00:00:00+00:00,0.5089,0.5131,0.5079,0.5115,1056902.42
2024-07-23 01:00:00+00:00,0.5115,0.5161,0.5099,0.5138,1656057.71
2024-07-23 02:00:00+00:00,0.5138,0.5159,0.5111,0.5142,892432.59
2024-07-23 03:00:00+00:00,0.5142,0.515,0.5103,0.5106,796250.11
2024-07-23 04:00:00+00:00,0.5106,0.511,0.5022,0.5044,2253311.8
2024-07-23 05:00:00+00:00,0.5044,0.5045,0.4941,0.496,4648779.82
2024-07-23 06:00:00+00:00,0.496,0.4977,0.4899,0.4928,2315217.23
2024-07-23 07:00:00+00:00,0.4928,0.4949,0.4902,0.4923,1393775.05
2024-07-23 08:00:00+00:00,0.4923,0.508,0.4918,0.5057,2743141.97
2024-07-23 09:00:00+00:00,0.5057,0.5077,0.5026,0.5028,2274957.2
2024-07-23 10:00:00+00:00,0.5028,0.5046,0.4994,0.5013,2705244.58
2024-07-23 11:00:00+00:00,0.5013,0.5053,0.497,0.5041,4351127.62
2024-07-23 12:00:00+00:00,0.5041,0.5048,0.4991,0.5026,1479850.64
2024-07-23 13:00:00+00:00,0.5026,0.5036,0.4921,0.4954,3722989.88
2024-07-23 14:00:00+00:00,0.4954,0.511,0.4933,0.5081,4016755.16
2024-07-23 15:00:00+00:00,0.5081,0.5083,0.4975,0.4997,3120688.28
2024-07-23 16:00:00+00:00,0.4997,0.4998,0.475,0.4763,10551286.43
2024-07-23 17:00:00+00:00,0.4763,0.4804,0.4738,0.4798,4571467.4
2024-07-23 18:00:00+00:00,0.4798,0.4857,0.4783,0.4846,4341930.8
2024-07-23 19:00:00+00:00,0.4846,0.5003,0.4842,0.491,3580905.19
2024-07-23 20:00:00+00:00,0.491,0.4935,0.4904,0.4912,2140086.5
2024-07-23 21:00:00+00:00,0.4912,0.4975,0.4897,0.4898,1591132.48
2024-07-23 22:00:00+00:00,0.4898,0.4914,0.4869,0.4905,1548456.99
2024-07-23 23:00:00+00:00,0.4905,0.4919,0.4881,0.49,1187959.56
2024-07-24 00:00:00+00:00,0.49,0.4931,0.4843,0.4849,1311423.74
2024-07-24 01:00:00+00:00,0.4849,0.4922,0.4849,0.4872,872395.77
2024-07-24 02:00:00+00:00,0.4872,0.4908,0.4853,0.4906,1612683.29
2024-07-24 03:00:00+00:00,0.4906,0.4915,0.4888,0.4902,1031278.02
2024-07-24 04:00:00+00:00,0.4902,0.4907,0.4876,0.4889,942159.13
2024-07-24 05:00:00+00:00,0.4889,0.489,0.4816,0.4869,2529166.52
2024-07-24 06:00:00+00:00,0.4869,0.4883,0.4858,0.488,798114.99
2024-07-24 07:00:00+00:00,0.488,0.4928,0.4869,0.4922,1285334.18
2024-07-24 08:00:00+00:00,0.4922,0.496,0.4909,0.4936,3079325.0
2024-07-24 09:00:00+00:00,0.4936,0.4962,0.491,0.4961,2192689.2
2024-07-24 10:00:00+00:00,0.4961,0.4982,0.4945,0.4964,1480204.98
2024-07-24 11:00:00+00:00,0.4964,0.4974,0.4949,0.496,946522.8
2024-07-24 12:00:00+00:00,0.496,0.4966,0.4915,0.492,960039.22
2024-07-24 13:00:00+00:00,0.492,0.4974,0.4919,0.4934,2328190.87
2024-07-24 14:00:00+00:00,0.4934,0.5012,0.4927,0.4979,2570241.35
2024-07-24 15:00:00+00:00,0.4979,0.4987,0.4852,0.4855,3066091.19
2024-07-24 16:00:00+00:00,0.4855,0.489,0.4799,0.4884,2935990.09
2024-07-24 17:00:00+00:00,0.4884,0.4916,0.487,0.4875,1648563.64
2024-07-24 18:00:00+00:00,0.4875,0.4884,0.4772,0.4779,2548754.06
2024-07-24 19:00:00+00:00,0.4779,0.4814,0.475,0.476,2118768.59
2024-07-24 20:00:00+00:00,0.476,0.4786,0.4756,0.4777,1417833.03
2024-07-24 21:00:00+00:00,0.4777,0.478,0.4583,0.4652,10462101.17
2024-07-24 22:00:00+00:00,0.4652,0.4653,0.4587,0.4596,2173173.97
2024-07-24 23:00:00+00:00,0.4596,0.46,0.4554,0.4581,2946167.18
2024-07-25 00:00:00+00:00,0.4581,0.4601,0.4562,0.4567,2942232.28
2024-07-25 01:00:00+00:00,0.4567,0.4567,0.4392,0.4473,15817045.34
2024-07-25 02:00:00+00:00,0.4473,0.4473,0.4385,0.4435,3558092.7
2024-07-25 03:00:00+00:00,0.4435,0.4437,0.4401,0.442,2190099.04
2024-07-25 04:00:00+00:00,0.442,0.4494,0.4396,0.4483,3434112.77
2024-07-25 05:00:00+00:00,0.4483,0.4502,0.4452,0.4457,2352874.51
2024-07-25 06:00:00+00:00,0.4457,0.452,0.4457,0.4505,3718068.92
2024-07-25 07:00:00+00:00,0.4505,0.4545,0.4501,0.4507,2997025.87
2024-07-25 08:00:00+00:00,0.4507,0.4542,0.4503,0.4533,3966169.85
2024-07-25 09:00:00+00:00,0.4533,0.4545,0.451,0.4522,2181046.3
2024-07-25 10:00:00+00:00,0.4522,0.4522,0.4414,0.4442,8899240.95
2024-07-25 11:00:00+00:00,0.4442,0.4447,0.442,0.4434,3482353.2
2024-07-25 12:00:00+00:00,0.4434,0.4447,0.4344,0.4364,7358426.74
2024-07-25 13:00:00+00:00,0.4364,0.4405,0.4314,0.4325,11939297.61
2024-07-25 14:00:00+00:00,0.4325,0.4414,0.4268,0.4406,18775889.82
2024-07-25 15:00:00+00:00,0.4406,0.4409,0.4313,0.4341,6274892.75
2024-07-25 16:00:00+00:00,0.4341,0.4379,0.4281,0.4311,9818069.4
2024-07-25 17:00:00+00:00,0.4311,0.4336,0.4288,0.4313,6198050.6
2024-07-25 18:00:00+00:00,0.4313,0.4319,0.419,0.4212,6471102.21
2024-07-25 19:00:00+00:00,0.4212,0.4236,0.4166,0.4225,6766780.13
2024-07-25 20:00:00+00:00,0.4225,0.4279,0.4151,0.4279,4985879.96
2024-07-25 21:00:00+00:00,0.4279,0.4369,0.4273,0.4343,7169896.58
2024-07-25 22:00:00+00:00,0.4343,0.4376,0.4319,0.4355,2647844.34
2024-07-25 23:00:00+00:00,0.4355,0.4365,0.4341,0.4344,1837707.18
2024-07-26 00:00:00+00:00,0.4344,0.4388,0.4332,0.438,2251497.65
2024-07-26 01:00:00+00:00,0.438,0.4409,0.4359,0.4379,2359389.8
2024-07-26 02:00:00+00:00,0.4379,0.4461,0.4374,0.4454,3363766.74
2024-07-26 03:00:00+00:00,0.4454,0.4502,0.4444,0.4454,3565662.77
2024-07-26 04:00:00+00:00,0.4454,0.4477,0.4448,0.4464,2295322.76
2024-07-26 05:00:00+00:00,0.4464,0.4469,0.4444,0.4467,1862697.18
2024-07-26 06:00:00+00:00,0.4467,0.454,0.4463,0.4531,3969886.05
2024-07-26 07:00:00+00:00,0.4531,0.4554,0.4508,0.4524,2638238.21
2024-07-26 08:00:00+00:00,0.4524,0.4538,0.4514,0.453,1700600.64
2024-07-26 09:00:00+00:00,0.453,0.4547,0.4507,0.4524,2170179.47
2024-07-26 10:00:00+00:00,0.4524,0.4526,0.4479,0.4508,3190011.63
2024-07-26 11:00:00+00:00,0.4508,0.453,0.4494,0.4513,1855362.29
2024-07-26 12:00:00+00:00,0.4513,0.4535,0.4499,0.4516,1466187.55
2024-07-26 13:00:00+00:00,0.4516,0.4557,0.4483,0.4542,4721710.41
2024-07-26 14:00:00+00:00,0.4542,0.455,0.4458,0.4473,4489796.96
2024-07-26 15:00:00+00:00,0.4473,0.4517,0.4469,0.4515,3548795.3
2024-07-26 16:00:00+00:00,0.4515,0.4551,0.4505,0.4515,2158081.0
2024-07-26 17:00:00+00:00,0.4515,0.454,0.4508,0.4526,1427154.64
2024-07-26 18:00:00+00:00,0.4526,0.4549,0.4518,0.4544,908200.58
2024-07-26 19:00:00+00:00,0.4544,0.4596,0.454,0.4578,2950687.38
2024-07-26 20:00:00+00:00,0.4578,0.4578,0.4533,0.4547,998937.69
2024-07-26 21:00:00+00:00,0.4547,0.4598,0.4543,0.4578,1290560.16
2024-07-26 22:00:00+00:00,0.4578,0.4618,0.4574,0.4609,2327570.56
2024-07-26 23:00:00+00:00,0.4609,0.4634,0.4608,0.4619,1310581.25
2024-07-27 00:00:00+00:00,0.4619,0.4622,0.46,0.4605,1139516.25
2024-07-27 01:00:00+00:00,0.4605,0.4605,0.4569,0.4574,1214387.13
2024-07-27 02:00:00+00:00,0.4574,0.461,0.4563,0.4604,1307010.0
2024-07-27 03:00:00+00:00,0.4604,0.461,0.4571,0.4575,1127741.72
2024-07-27 04:00:00+00:00,0.4575,0.4587,0.4567,0.4584,816895.02
2024-07-27 05:00:00+00:00,0.4584,0.4608,0.4584,0.4588,1624238.76
2024-07-27 06:00:00+00:00,0.4588,0.4626,0.4586,0.4625,944066.12
2024-07-27 07:00:00+00:00,0.4625,0.4679,0.4624,0.4659,1889475.26
2024-07-27 08:00:00+00:00,0.4659,0.4683,0.4616,0.4633,2042639.58
2024-07-27 09:00:00+00:00,0.4633,0.4651,0.4616,0.4642,994887.74
2024-07-27 10:00:00+00:00,0.4642,0.4648,0.4624,0.4637,572109.04
2024-07-27 11:00:00+00:00,0.4637,0.4649,0.4615,0.4637,1034436.1
2024-07-27 12:00:00+00:00,0.4637,0.4676,0.4636,0.4661,2493682.16
2024-07-27 13:00:00+00:00,0.4661,0.4734,0.4659,0.4715,4288359.77
2024-07-27 14:00:00+00:00,0.4715,0.4731,0.4641,0.4658,3248971.98
2024-07-27 15:00:00+00:00,0.4658,0.4664,0.4553,0.4581,3245334.59
2024-07-27 16:00:00+00:00,0.4581,0.4606,0.4549,0.456,2419582.16
2024-07-27 17:00:00+00:00,0.456,0.457,0.4516,0.4531,2805326.69
2024-07-27 18:00:00+00:00,0.4531,0.4573,0.4518,0.4525,2231222.06
2024-07-27 19:00:00+00:00,0.4525,0.456,0.4468,0.4558,6807959.15
2024-07-27 20:00:00+00:00,0.4558,0.4558,0.4427,0.454,9306419.63
2024-07-27 21:00:00+00:00,0.454,0.4642,0.4514,0.4606,4410784.56
2024-07-27 22:00:00+00:00,0.4606,0.4626,0.4595,0.4613,1332380.29
2024-07-27 23:00:00+00:00,0.4613,0.4613,0.455,0.4559,1311551.86
2024-07-28 00:00:00+00:00,0.4559,0.4559,0.4507,0.4544,1764149.37
2024-07-28 01:00:00+00:00,0.4544,0.4569,0.452,0.452,3263024.3
2024-07-28 02:00:00+00:00,0.452,0.4526,0.4495,0.4507,1131949.12
2024-07-28 03:00:00+00:00,0.4507,0.4511,0.4472,0.4472,970279.77
2024-07-28 04:00:00+00:00,0.4472,0.4474,0.4423,0.4424,2162429.19
2024-07-28 05:00:00+00:00,0.4424,0.4431,0.4376,0.4418,2617864.85
2024-07-28 06:00:00+00:00,0.4418,0.4458,0.4416,0.4451,1208824.62
2024-07-28 07:00:00+00:00,0.4451,0.4458,0.4422,0.4456,1325712.99
2024-07-28 08:00:00+00:00,0.4456,0.4457,0.4413,0.4436,1351886.18
2024-07-28 09:00:00+00:00,0.4436,0.447,0.4431,0.4467,2704212.43
2024-07-28 10:00:00+00:00,0.4467,0.4489,0.4459,0.4489,2027529.58
2024-07-28 11:00:00+00:00,0.4489,0.4505,0.447,0.447,1299782.45
2024-07-28 12:00:00+00:00,0.447,0.4488,0.4458,0.4484,972351.25
2024-07-28 13:00:00+00:00,0.4484,0.4493,0.4466,0.4473,1564593.83
2024-07-28 14:00:00+00:00,0.4473,0.4475,0.4426,0.4433,1593120.19
2024-07-28 15:00:00+00:00,0.4433,0.4457,0.4423,0.4452,1242866.3
2024-07-28 16:00:00+00:00,0.4452,0.4472,0.4439,0.4443,1171712.44
2024-07-28 17:00:00+00:00,0.4443,0.4469,0.4434,0.4449,1020562.78
2024-07-28 18:00:00+00:00,0.4449,0.4495,0.4445,0.4461,1110823.5
2024-07-28 19:00:00+00:00,0.4461,0.4467,0.4447,0.4452,744062.9
2024-07-28 20:00:00+00:00,0.4452,0.4455,0.4426,0.4426,1082869.51
2024-07-28 21:00:00+00:00,0.4426,0.4429,0.4393,0.4414,1482136.89
2024-07-28 22:00:00+00:00,0.4414,0.4424,0.4391,0.4405,1533800.89
2024-07-28 23:00:00+00:00,0.4405,0.4455,0.4405,0.4442,952537.73
2024-07-29 00:00:00+00:00,0.4442,0.4533,0.4431,0.4505,3322940.04
2024-07-29 01:00:00+00:00,0.4505,0.4548,0.4486,0.4532,2989382.16
2024-07-29 02:00:00+00:00,0.4532,0.4726,0.4522,0.4722,8716354.8
2024-07-29 03:00:00+00:00,0.4722,0.4754,0.4693,0.4695,3986878.1
2024-07-29 04:00:00+00:00,0.4695,0.473,0.4665,0.4729,1788945.55
2024-07-29 05:00:00+00:00,0.4729,0.4735,0.4696,0.4704,2226268.24
2024-07-29 06:00:00+00:00,0.4704,0.4717,0.4673,0.4684,1838064.87
2024-07-29 07:00:00+00:00,0.4684,0.4719,0.4674,0.4717,2213662.61
2024-07-29 08:00:00+00:00,0.4717,0.4723,0.4674,0.4685,2509315.93
2024-07-29 09:00:00+00:00,0.4685,0.4707,0.4682,0.4698,1521556.14
2024-07-29 10:00:00+00:00,0.4698,0.4699,0.4671,0.4676,2187649.06
2024-07-29 11:00:00+00:00,0.4676,0.4702,0.467,0.4686,2037020.64
2024-07-29 12:00:00+00:00,0.4686,0.4693,0.4642,0.4665,1993270.38
2024-07-29 13:00:00+00:00,0.4665,0.4688,0.4628,0.4642,3252848.12
2024-07-29 14:00:00+00:00,0.4642,0.4653,0.4575,0.459,5240167.15
2024-07-29 15:00:00+00:00,0.459,0.461,0.4521,0.4561,6136544.87
2024-07-29 16:00:00+00:00,0.4561,0.4571,0.4455,0.4478,8415751.89
2024-07-29 17:00:00+00:00,0.4478,0.4542,0.4448,0.4515,5470665.08
2024-07-29 18:00:00+00:00,0.4515,0.4544,0.4509,0.4528,1445894.02
2024-07-29 19:00:00+00:00,0.4528,0.4529,0.4504,0.4514,1021648.91
2024-07-29 20:00:00+00:00,0.4514,0.4516,0.4487,0.45,797905.13
2024-07-29 21:00:00+00:00,0.45,0.45,0.4448,0.448,2122455.04
2024-07-29 22:00:00+00:00,0.448,0.4507,0.4438,0.4445,2110149.52
2024-07-29 23:00:00+00:00,0.4445,0.4458,0.4416,0.4454,2569630.93
2024-07-30 00:00:00+00:00,0.4454,0.4507,0.4397,0.4506,5643329.12
2024-07-30 01:00:00+00:00,0.4506,0.4545,0.4463,0.4475,2141747.73
2024-07-30 02:00:00+00:00,0.4475,0.4498,0.4447,0.449,964627.19
2024-07-30 03:00:00+00:00,0.449,0.4512,0.4474,0.4496,2136282.06
2024-07-30 04:00:00+00:00,0.4496,0.4526,0.4493,0.4526,868951.75
2024-07-30 05:00:00+00:00,0.4526,0.4528,0.45,0.4518,1096964.96
2024-07-30 06:00:00+00:00,0.4518,0.4553,0.4514,0.4552,959059.51
2024-07-30 07:00:00+00:00,0.4552,0.4576,0.4546,0.4556,2136822.93
2024-07-30 08:00:00+00:00,0.4556,0.4562,0.452,0.4523,1248569.37
2024-07-30 09:00:00+00:00,0.4523,0.4538,0.4504,0.4522,1918810.72
2024-07-30 10:00:00+00:00,0.4522,0.4587,0.4513,0.4559,3579489.68
2024-07-30 11:00:00+00:00,0.4559,0.4626,0.4555,0.4599,2871112.56
2024-07-30 12:00:00+00:00,0.4599,0.4755,0.4576,0.4713,11048835.75
2024-07-30 13:00:00+00:00,0.4713,0.4773,0.4681,0.4688,7859052.59
2024-07-30 14:00:00+00:00,0.4688,0.4741,0.4661,0.4665,4760679.69
2024-07-30 15:00:00+00:00,0.4665,0.474,0.4644,0.4698,3911520.66
2024-07-30 16:00:00+00:00,0.4698,0.4698,0.462,0.4627,3555400.05
2024-07-30 17:00:00+00:00,0.4627,0.4651,0.4537,0.465,7021786.45
2024-07-30 18:00:00+00:00,0.465,0.4651,0.4469,0.4487,9318553.45
2024-07-30 19:00:00+00:00,0.4487,0.4488,0.4359,0.4402,10132270.9
2024-07-30 20:00:00+00:00,0.4402,0.4463,0.4317,0.4426,8623818.52
2024-07-30 21:00:00+00:00,0.4426,0.4426,0.4347,0.4401,3105338.14
2024-07-30 22:00:00+00:00,0.4401,0.4403,0.434,0.4374,3483573.39
2024-07-30 23:00:00+00:00,0.4374,0.44,0.4329,0.4343,2802292.46
2024-07-31 00:00:00+00:00,0.4343,0.4384,0.4297,0.438,3582179.58
2024-07-31 01:00:00+00:00,0.438,0.4395,0.4332,0.4352,2440955.4
2024-07-31 02:00:00+00:00,0.4352,0.4382,0.432,0.4327,4429925.32
2024-07-31 03:00:00+00:00,0.4327,0.4361,0.4305,0.4309,3876061.67
2024-07-31 04:00:00+00:00,0.4309,0.4311,0.4241,0.4268,5834943.08
2024-07-31 05:00:00+00:00,0.4268,0.4321,0.4217,0.4315,4831594.56
2024-07-31 06:00:00+00:00,0.4315,0.4381,0.431,0.4368,3401855.67
2024-07-31 07:00:00+00:00,0.4368,0.4376,0.4336,0.4346,2447808.58
2024-07-31 08:00:00+00:00,0.4346,0.4362,0.4333,0.4342,1670508.45
2024-07-31 09:00:00+00:00,0.4342,0.4373,0.4338,0.4351,1965692.72
2024-07-31 10:00:00+00:00,0.4351,0.4351,0.4287,0.429,3731653.86
2024-07-31 11:00:00+00:00,0.429,0.4325,0.4283,0.432,1745978.6
2024-07-31 12:00:00+00:00,0.432,0.4339,0.4293,0.4306,2664590.04
2024-07-31 13:00:00+00:00,0.4306,0.4399,0.4298,0.4359,4683034.17
2024-07-31 14:00:00+00:00,0.4359,0.4392,0.4307,0.4315,4065910.55
2024-07-31 15:00:00+00:00,0.4315,0.4315,0.4245,0.425,8348848.2
2024-07-31 16:00:00+00:00,0.425,0.4308,0.4234,0.4253,4651875.74
2024-07-31 17:00:00+00:00,0.4253,0.4337,0.4237,0.4326,3564725.6
2024-07-31 18:00:00+00:00,0.4326,0.4365,0.4261,0.4349,5781433.66
2024-07-31 19:00:00+00:00,0.4349,0.4369,0.4186,0.4212,7231102.47
2024-07-31 20:00:00+00:00,0.4212,0.4213,0.4114,0.4116,6457971.07
2024-07-31 21:00:00+00:00,0.4116,0.4162,0.4096,0.4148,4141294.33
2024-07-31 22:00:00+00:00,0.4148,0.4148,0.4101,0.4129,2065045.42
2024-07-31 23:00:00+00:00,0.4129,0.4139,0.4104,0.4114,1947520.99
2024-08-01 00:00:00+00:00,0.4114,0.4178,0.411,0.4177,2156998.12
2024-08-01 01:00:00+00:00,0.4177,0.419,0.4109,0.4169,3320420.21
2024-08-01 02:00:00+00:00,0.4169,0.4182,0.4132,0.4155,2814978.06
2024-08-01 03:00:00+00:00,0.4155,0.4179,0.4128,0.4148,1939260.68
2024-08-01 04:00:00+00:00,0.4148,0.4165,0.4062,0.4086,4565916.48
2024-08-01 05:00:00+00:00,0.4086,0.4152,0.4064,0.4152,2751850.36
2024-08-01 06:00:00+00:00,0.4152,0.4158,0.4088,0.4089,1884457.45
2024-08-01 07:00:00+00:00,0.4089,0.4108,0.4068,0.4088,2782307.05
2024-08-01 08:00:00+00:00,0.4088,0.4149,0.4087,0.4146,2494109.44
2024-08-01 09:00:00+00:00,0.4146,0.416,0.4134,0.4138,1216913.87
2024-08-01 10:00:00+00:00,0.4138,0.4159,0.412,0.4141,1255937.34
2024-08-01 11:00:00+00:00,0.4141,0.4171,0.4129,0.4161,1593368.38
2024-08-01 12:00:00+00:00,0.4161,0.4195,0.4153,0.4171,2121091.77
2024-08-01 13:00:00+00:00,0.4171,0.4174,0.4097,0.4107,3992552.0
2024-08-01 14:00:00+00:00,0.4107,0.411,0.3996,0.3996,6323484.26
2024-08-01 15:00:00+00:00,0.3996,0.4035,0.3962,0.3971,10306049.12
2024-08-01 16:00:00+00:00,0.3971,0.3975,0.386,0.3912,12947868.33
2024-08-01 17:00:00+00:00,0.3912,0.3928,0.3884,0.3915,8314534.2
2024-08-01 18:00:00+00:00,0.3915,0.3915,0.3799,0.3862,11354757.17
2024-08-01 19:00:00+00:00,0.3862,0.392,0.3859,0.3906,3262468.06
2024-08-01 20:00:00+00:00,0.3906,0.4014,0.3895,0.4014,4763365.13
2024-08-01 21:00:00+00:00,0.4014,0.4087,0.4006,0.4042,3992269.69
2024-08-01 22:00:00+00:00,0.4042,0.4127,0.4038,0.4119,4901084.99
2024-08-01 23:00:00+00:00,0.4119,0.4169,0.4108,0.4153,3103206.1
2024-08-02 00:00:00+00:00,0.4153,0.42,0.415,0.4166,3053589.49
2024-08-02 01:00:00+00:00,0.4166,0.4205,0.4147,0.4152,3735928.81
2024-08-02 02:00:00+00:00,0.4152,0.4159,0.4071,0.4109,3131138.54
2024-08-02 03:00:00+00:00,0.4109,0.4165,0.4096,0.4158,1748583.18
2024-08-02 04:00:00+00:00,0.4158,0.4172,0.4102,0.4143,2081425.44
2024-08-02 05:00:00+00:00,0.4143,0.4148,0.4066,0.4068,2179412.02
2024-08-02 06:00:00+00:00,0.4068,0.4073,0.3987,0.4055,4605488.22
2024-08-02 07:00:00+00:00,0.4055,0.4072,0.4014,0.4055,1972610.84
2024-08-02 08:00:00+00:00,0.4055,0.4099,0.4021,0.4099,3435055.09
2024-08-02 09:00:00+00:00,0.4099,0.4145,0.4081,0.413,3174744.54
2024-08-02 10:00:00+00:00,0.413,0.415,0.4107,0.4132,3031140.65
2024-08-02 11:00:00+00:00,0.4132,0.4143,0.4104,0.4117,1747526.04
2024-08-02 12:00:00+00:00,0.4117,0.4129,0.4064,0.4112,4805316.36
2024-08-02 13:00:00+00:00,0.4112,0.4251,0.4078,0.4194,8238725.05
2024-08-02 14:00:00+00:00,0.4194,0.4201,0.3972,0.3981,9815311.53
2024-08-02 15:00:00+00:00,0.3981,0.403,0.3881,0.4012,13676631.79
2024-08-02 16:00:00+00:00,0.4012,0.4026,0.3934,0.3983,3912912.59
2024-08-02 17:00:00+00:00,0.3983,0.4022,0.3953,0.3959,3010901.75
2024-08-02 18:00:00+00:00,0.3959,0.3959,0.3895,0.3911,3213250.81
2024-08-02 19:00:00+00:00,0.3911,0.3929,0.3858,0.3908,3723572.56
2024-08-02 20:00:00+00:00,0.3908,0.394,0.3854,0.3905,4435473.15
2024-08-02 21:00:00+00:00,0.3905,0.3906,0.3807,0.3885,5012970.23
2024-08-02 22:00:00+00:00,0.3885,0.3895,0.3848,0.3867,2639499.39
2024-08-02 23:00:00+00:00,0.3867,0.3903,0.385,0.3872,2772807.08
2024-08-03 00:00:00+00:00,0.3872,0.3908,0.3813,0.383,3720243.85
2024-08-03 01:00:00+00:00,0.383,0.3863,0.3737,0.3838,8564641.54
2024-08-03 02:00:00+00:00,0.3838,0.3895,0.3832,0.3876,2781953.93
2024-08-03 03:00:00+00:00,0.3876,0.3946,0.3873,0.3933,3379982.14
2024-08-03 04:00:00+00:00,0.3933,0.3941,0.3904,0.3923,1268861.06
2024-08-03 05:00:00+00:00,0.3923,0.3928,0.3876,0.3903,3075372.77
2024-08-03 06:00:00+00:00,0.3903,0.3919,0.388,0.3916,1154694.87
2024-08-03 07:00:00+00:00,0.3916,0.3962,0.3911,0.393,2830658.09
2024-08-03 08:00:00+00:00,0.393,0.3938,0.3886,0.3913,2353341.36
2024-08-03 09:00:00+00:00,0.3913,0.3931,0.3891,0.3906,1467864.17
2024-08-03 10:00:00+00:00,0.3906,0.3932,0.3902,0.3922,3114534.16
2024-08-03 11:00:00+00:00,0.3922,0.3935,0.391,0.3921,1061691.18
2024-08-03 12:00:00+00:00,0.3921,0.3976,0.3912,0.3942,2285865.03
2024-08-03 13:00:00+00:00,0.3942,0.3946,0.3917,0.3939,1039919.29
2024-08-03 14:00:00+00:00,0.3939,0.3971,0.3914,0.3919,2099357.85
2024-08-03 15:00:00+00:00,0.3919,0.3926,0.3801,0.3806,4703138.64
2024-08-03 16:00:00+00:00,0.3806,0.3811,0.3615,0.3649,23995430.69
2024-08-03 17:00:00+00:00,0.3649,0.3654,0.356,0.3598,15975840.0
2024-08-03 18:00:00+00:00,0.3598,0.36,0.3522,0.3558,15372070.03
2024-08-03 19:00:00+00:00,0.3558,0.3604,0.3539,0.3542,3892327.94
2024-08-03 20:00:00+00:00,0.3542,0.3603,0.3508,0.3556,4521439.88
2024-08-03 21:00:00+00:00,0.3556,0.3632,0.354,0.36,3922421.01
2024-08-03 22:00:00+00:00,0.36,0.3613,0.3573,0.3587,1579735.88
2024-08-03 23:00:00+00:00,0.3587,0.3624,0.3579,0.3585,2874402.38
2024-08-04 00:00:00+00:00,0.3585,0.3626,0.3576,0.3615,2790043.91
2024-08-04 01:00:00+00:00,0.3615,0.3622,0.3556,0.3588,4477929.86
2024-08-04 02:00:00+00:00,0.3588,0.3648,0.3583,0.3635,1985454.17
2024-08-04 03:00:00+00:00,0.3635,0.3667,0.3618,0.3664,3878187.6
2024-08-04 04:00:00+00:00,0.3664,0.3687,0.364,0.3641,1741500.12
2024-08-04 05:00:00+00:00,0.3641,0.3696,0.3641,0.3682,3756195.05
2024-08-04 06:00:00+00:00,0.3682,0.373,0.368,0.3713,2870499.49
2024-08-04 07:00:00+00:00,0.3713,0.3713,0.3637,0.364,3474699.16
2024-08-04 08:00:00+00:00,0.364,0.3703,0.3617,0.3673,5711084.7
2024-08-04 09:00:00+00:00,0.3673,0.3691,0.3658,0.367,1854623.86
2024-08-04 10:00:00+00:00,0.367,0.3706,0.3653,0.3704,2917862.82
2024-08-04 11:00:00+00:00,0.3704,0.3714,0.3668,0.3685,2865617.97
2024-08-04 12:00:00+00:00,0.3685,0.369,0.3652,0.368,4538854.31
2024-08-04 13:00:00+00:00,0.368,0.3686,0.3644,0.3651,1616720.54
2024-08-04 14:00:00+00:00,0.3651,0.3656,0.3523,0.3538,8326906.04
2024-08-04 15:00:00+00:00,0.3538,0.3538,0.3442,0.3452,9824783.15
2024-08-04 16:00:00+00:00,0.3452,0.349,0.3355,0.3363,16215891.53
2024-08-04 17:00:00+00:00,0.3363,0.3379,0.3279,0.3331,20082130.84
2024-08-04 18:00:00+00:00,0.3331,0.3438,0.3291,0.3436,9284933.84
2024-08-04 19:00:00+00:00,0.3436,0.3544,0.3396,0.3516,8553496.87
2024-08-04 20:00:00+00:00,0.3516,0.3571,0.3488,0.352,5649233.65
2024-08-04 21:00:00+00:00,0.352,0.3522,0.3471,0.348,2787751.85
2024-08-04 22:00:00+00:00,0.348,0.3535,0.3469,0.3486,3559411.99
2024-08-04 23:00:00+00:00,0.3486,0.3486,0.3413,0.3426,3632789.53
2024-08-05 00:00:00+00:00,0.3426,0.3475,0.3282,0.3317,15908433.87
2024-08-05 01:00:00+00:00,0.3317,0.3323,0.2925,0.305,73386365.43
2024-08-05 02:00:00+00:00,0.305,0.3057,0.2936,0.2997,18065484.07
2024-08-05 03:00:00+00:00,0.2997,0.2998,0.2901,0.2921,23694139.34
2024-08-05 04:00:00+00:00,0.2921,0.2985,0.2889,0.2933,11455791.23
2024-08-05 05:00:00+00:00,0.2933,0.297,0.2824,0.2897,34702978.59
2024-08-05 06:00:00+00:00,0.2897,0.2913,0.2628,0.2788,78248680.75
2024-08-05 07:00:00+00:00,0.2788,0.2995,0.2775,0.2953,26123264.18
2024-08-05 08:00:00+00:00,0.2953,0.2955,0.2867,0.2892,15211669.5
2024-08-05 09:00:00+00:00,0.2892,0.2931,0.2865,0.2918,11251394.76
2024-08-05 10:00:00+00:00,0.2918,0.2918,0.2794,0.2817,15665531.05
2024-08-05 11:00:00+00:00,0.2817,0.2818,0.2705,0.2816,17936901.58
2024-08-05 12:00:00+00:00,0.2816,0.2857,0.2728,0.2732,27471485.76
2024-08-05 13:00:00+00:00,0.2732,0.2926,0.2672,0.2914,41000087.79
2024-08-05 14:00:00+00:00,0.2914,0.3005,0.2914,0.2984,25951205.1
2024-08-05 15:00:00+00:00,0.2984,0.3019,0.2951,0.2984,14688316.82
2024-08-05 16:00:00+00:00,0.2984,0.3024,0.2922,0.2926,25448578.8
2024-08-05 17:00:00+00:00,0.2926,0.2987,0.2916,0.2961,8157756.81
2024-08-05 18:00:00+00:00,0.2961,0.2961,0.2861,0.2862,9154195.46
2024-08-05 19:00:00+00:00,0.2862,0.2908,0.2847,0.2883,9552676.33
2024-08-05 20:00:00+00:00,0.2883,0.293,0.2881,0.2916,5963555.63
2024-08-05 21:00:00+00:00,0.2916,0.2969,0.2897,0.2907,6807950.42
2024-08-05 22:00:00+00:00,0.2907,0.2959,0.2901,0.2949,3852242.99
2024-08-05 23:00:00+00:00,0.2949,0.2983,0.2916,0.2918,5328496.25
2024-08-06 00:00:00+00:00,0.2918,0.3124,0.2913,0.3121,12897519.49
2024-08-06 01:00:00+00:00,0.3121,0.3172,0.3076,0.3131,13267579.66
2024-08-06 02:00:00+00:00,0.3131,0.3139,0.3079,0.3105,5485903.25
2024-08-06 03:00:00+00:00,0.3105,0.3115,0.307,0.3077,4123911.52
2024-08-06 04:00:00+00:00,0.3077,0.3125,0.3063,0.3124,3533940.48
2024-08-06 05:00:00+00:00,0.3124,0.3158,0.3101,0.3152,5287641.59
2024-08-06 06:00:00+00:00,0.3152,0.3177,0.3121,0.3163,4683871.89
2024-08-06 07:00:00+00:00,0.3163,0.3176,0.3135,0.3162,5402596.83
2024-08-06 08:00:00+00:00,0.3162,0.3162,0.3045,0.3072,7885616.47
2024-08-06 09:00:00+00:00,0.3072,0.3073,0.3038,0.3066,5133861.18
2024-08-06 10:00:00+00:00,0.3066,0.3067,0.3023,0.3057,4343965.15
2024-08-06 11:00:00+00:00,0.3057,0.3086,0.3041,0.3069,3568485.63
2024-08-06 12:00:00+00:00,0.3069,0.3099,0.3049,0.3059,5648309.28
2024-08-06 13:00:00+00:00,0.3059,0.3093,0.3016,0.3069,9866804.29
2024-08-06 14:00:00+00:00,0.3069,0.3215,0.3067,0.3179,14471172.66
2024-08-06 15:00:00+00:00,0.3179,0.321,0.3136,0.3186,6643954.0
2024-08-06 16:00:00+00:00,0.3186,0.3216,0.3155,0.3194,4422895.22
2024-08-06 17:00:00+00:00,0.3194,0.3212,0.3154,0.3156,4075589.63
2024-08-06 18:00:00+00:00,0.3156,0.3207,0.3151,0.3175,5057292.2
2024-08-06 19:00:00+00:00,0.3175,0.3257,0.3161,0.3172,9148462.31
2024-08-06 20:00:00+00:00,0.3172,0.3189,0.3146,0.3182,3066181.17
2024-08-06 21:00:00+00:00,0.3182,0.3198,0.3164,0.3192,1569424.16
2024-08-06 22:00:00+00:00,0.3192,0.323,0.3158,0.3182,3845645.62
2024-08-06 23:00:00+00:00,0.3182,0.3194,0.3154,0.3173,2246479.37
2024-08-07 00:00:00+00:00,0.3173,0.3198,0.313,0.3163,2213896.75
2024-08-07 01:00:00+00:00,0.3163,0.3215,0.3111,0.3211,3520828.57
2024-08-07 02:00:00+00:00,0.3211,0.3242,0.3173,0.3189,4045623.66
2024-08-07 03:00:00+00:00,0.3189,0.3218,0.3178,0.3187,3232782.87
2024-08-07 04:00:00+00:00,0.3187,0.324,0.3182,0.3212,5667049.73
2024-08-07 05:00:00+00:00,0.3212,0.3246,0.3202,0.3212,3323073.19
2024-08-07 06:00:00+00:00,0.3212,0.3226,0.3181,0.3183,2738594.75
2024-08-07 07:00:00+00:00,0.3183,0.3198,0.3159,0.3179,1898239.41
2024-08-07 08:00:00+00:00,0.3179,0.3212,0.3169,0.319,3089889.86
2024-08-07 09:00:00+00:00,0.319,0.3232,0.3184,0.3203,7525738.11
2024-08-07 10:00:00+00:00,0.3203,0.3238,0.3191,0.3191,2929376.04
2024-08-07 11:00:00+00:00,0.3191,0.3195,0.3142,0.3146,4156830.02
2024-08-07 12:00:00+00:00,0.3146,0.319,0.3125,0.3182,4360679.36
2024-08-07 13:00:00+00:00,0.3182,0.3197,0.3144,0.3153,4565266.95
2024-08-07 14:00:00+00:00,0.3153,0.317,0.3013,0.3061,9943289.29
2024-08-07 15:00:00+00:00,0.3061,0.3094,0.3029,0.3062,6239316.12
2024-08-07 16:00:00+00:00,0.3062,0.307,0.303,0.3047,2477080.35
2024-08-07 17:00:00+00:00,0.3047,0.3059,0.3001,0.3034,3274507.97
2024-08-07 18:00:00+00:00,0.3034,0.3039,0.2977,0.2987,5294139.3
2024-08-07 19:00:00+00:00,0.2987,0.3006,0.2967,0.3001,4034886.09
2024-08-07 20:00:00+00:00,0.3001,0.3028,0.2954,0.3001,4870003.74
2024-08-07 21:00:00+00:00,0.3001,0.3034,0.2987,0.3022,3062149.08
2024-08-07 22:00:00+00:00,0.3022,0.3023,0.2959,0.3017,3072654.26
2024-08-07 23:00:00+00:00,0.3017,0.3021,0.298,0.2988,2200131.4
2024-08-08 00:00:00+00:00,0.2988,0.2994,0.2907,0.2961,4946213.29
2024-08-08 01:00:00+00:00,0.2961,0.3108,0.2961,0.3102,5905291.65
2024-08-08 02:00:00+00:00,0.3102,0.3177,0.3101,0.3161,3347737.74
2024-08-08 03:00:00+00:00,0.3161,0.3176,0.3112,0.3112,1736965.29
2024-08-08 04:00:00+00:00,0.3112,0.3148,0.3104,0.3104,1611926.83
2024-08-08 05:00:00+00:00,0.3104,0.3154,0.3104,0.3144,1879995.98
2024-08-08 06:00:00+00:00,0.3144,0.3154,0.3131,0.3137,2215347.5
2024-08-08 07:00:00+00:00,0.3137,0.3152,0.3122,0.3125,1330445.58
2024-08-08 08:00:00+00:00,0.3125,0.3136,0.3112,0.3133,2772609.72
2024-08-08 09:00:00+00:00,0.3133,0.3146,0.3113,0.3123,2684113.34
2024-08-08 10:00:00+00:00,0.3123,0.3148,0.3113,0.3146,2736354.05
2024-08-08 11:00:00+00:00,0.3146,0.3151,0.3128,0.3129,1616330.87
2024-08-08 12:00:00+00:00,0.3129,0.3219,0.3107,0.3178,9406702.29
2024-08-08 13:00:00+00:00,0.3178,0.3206,0.3124,0.3161,7212481.52
2024-08-08 14:00:00+00:00,0.3161,0.3244,0.3158,0.3243,6669972.19
2024-08-08 15:00:00+00:00,0.3243,0.3278,0.3224,0.3277,4463430.21
2024-08-08 16:00:00+00:00,0.3277,0.3344,0.3273,0.3329,6137063.66
2024-08-08 17:00:00+00:00,0.3329,0.3334,0.3288,0.3297,3933441.16
2024-08-08 18:00:00+00:00,0.3297,0.3315,0.3293,0.3298,2313501.98
2024-08-08 19:00:00+00:00,0.3298,0.3306,0.3268,0.3273,2210992.22
2024-08-08 20:00:00+00:00,0.3273,0.3291,0.3268,0.3276,2417844.24
2024-08-08 21:00:00+00:00,0.3276,0.3372,0.3276,0.3364,2530576.98
2024-08-08 22:00:00+00:00,0.3364,0.3437,0.3338,0.3421,6367201.89
2024-08-08 23:00:00+00:00,0.3421,0.3453,0.3403,0.3443,7244914.62
2024-08-09 00:00:00+00:00,0.3443,0.3463,0.3409,0.3429,6177993.12
2024-08-09 01:00:00+00:00,0.3429,0.3452,0.341,0.3427,3926125.92
2024-08-09 02:00:00+00:00,0.3427,0.3429,0.3392,0.3392,1913783.99
2024-08-09 03:00:00+00:00,0.3392,0.3407,0.3381,0.3392,1332551.18
2024-08-09 04:00:00+00:00,0.3392,0.3398,0.3336,0.3339,2961455.0
2024-08-09 05:00:00+00:00,0.3339,0.3367,0.333,0.3362,2196294.27
2024-08-09 06:00:00+00:00,0.3362,0.339,0.3352,0.3378,2437225.26
2024-08-09 07:00:00+00:00,0.3378,0.3395,0.3366,0.3372,2754527.77
2024-08-09 08:00:00+00:00,0.3372,0.3401,0.3358,0.3399,2067155.56
2024-08-09 09:00:00+00:00,0.3399,0.3405,0.3369,0.3377,2598601.42
2024-08-09 10:00:00+00:00,0.3377,0.3389,0.3339,0.3383,3409188.58
2024-08-09 11:00:00+00:00,0.3383,0.3405,0.3373,0.3392,2700682.69
2024-08-09 12:00:00+00:00,0.3392,0.3401,0.336,0.3381,1157764.82
2024-08-09 13:00:00+00:00,0.3381,0.3395,0.332,0.3362,3120389.25
2024-08-09 14:00:00+00:00,0.3362,0.3409,0.3295,0.3347,4582991.79
2024-08-09 15:00:00+00:00,0.3347,0.3367,0.3307,0.3307,1983477.55
2024-08-09 16:00:00+00:00,0.3307,0.3355,0.33,0.3339,1787142.42
2024-08-09 17:00:00+00:00,0.3339,0.3359,0.3328,0.3338,1523657.55
2024-08-09 18:00:00+00:00,0.3338,0.335,0.3309,0.3346,4004955.57
2024-08-09 19:00:00+00:00,0.3346,0.3358,0.3331,0.3354,1144622.47
2024-08-09 20:00:00+00:00,0.3354,0.3379,0.3348,0.336,1124688.73
2024-08-09 21:00:00+00:00,0.336,0.3379,0.3334,0.3375,1792070.04
2024-08-09 22:00:00+00:00,0.3375,0.3398,0.3354,0.3378,1665699.71
2024-08-09 23:00:00+00:00,0.3378,0.3392,0.3345,0.3386,3860978.75
2024-08-10 00:00:00+00:00,0.3386,0.3437,0.3347,0.3349,3066528.05
2024-08-10 01:00:00+00:00,0.3349,0.3383,0.3346,0.3351,1137336.34
2024-08-10 02:00:00+00:00,0.3351,0.337,0.3344,0.3345,1090476.57
2024-08-10 03:00:00+00:00,0.3345,0.3352,0.3323,0.3348,1609050.93
2024-08-10 04:00:00+00:00,0.3348,0.335,0.3315,0.3334,936687.72
2024-08-10 05:00:00+00:00,0.3334,0.3348,0.332,0.3343,1170042.07
2024-08-10 06:00:00+00:00,0.3343,0.3392,0.3342,0.3387,2562377.3
2024-08-10 07:00:00+00:00,0.3387,0.3415,0.3386,0.3414,1569840.9
2024-08-10 08:00:00+00:00,0.3414,0.3423,0.3382,0.3397,1964053.36
2024-08-10 09:00:00+00:00,0.3397,0.3422,0.3392,0.3409,1119857.03
2024-08-10 10:00:00+00:00,0.3409,0.3436,0.3393,0.3431,1157235.02
2024-08-10 11:00:00+00:00,0.3431,0.3451,0.342,0.3446,1315603.67
2024-08-10 12:00:00+00:00,0.3446,0.3461,0.3433,0.3441,1546228.04
2024-08-10 13:00:00+00:00,0.3441,0.3461,0.341,0.3431,2963025.27
2024-08-10 14:00:00+00:00,0.3431,0.3482,0.3428,0.3476,2767487.32
2024-08-10 15:00:00+00:00,0.3476,0.3549,0.3466,0.3513,9354601.23
2024-08-10 16:00:00+00:00,0.3513,0.3531,0.347,0.3477,4055849.95
2024-08-10 17:00:00+00:00,0.3477,0.3489,0.3449,0.3483,4088638.89
2024-08-10 18:00:00+00:00,0.3483,0.3512,0.348,0.3502,2056542.87
2024-08-10 19:00:00+00:00,0.3502,0.3515,0.3484,0.3497,1885133.46
2024-08-10 20:00:00+00:00,0.3497,0.3514,0.3477,0.35,1513227.84
2024-08-10 21:00:00+00:00,0.35,0.3517,0.3497,0.3515,1564160.39
2024-08-10 22:00:00+00:00,0.3515,0.3518,0.3498,0.3506,1313000.96
2024-08-10 23:00:00+00:00,0.3506,0.3508,0.3486,0.3497,1543582.8
2024-08-11 00:00:00+00:00,0.3497,0.351,0.3479,0.3494,1664840.48
2024-08-11 01:00:00+00:00,0.3494,0.3514,0.3488,0.3513,810884.99
2024-08-11 02:00:00+00:00,0.3513,0.3522,0.3494,0.3517,1004315.41
2024-08-11 03:00:00+00:00,0.3517,0.3542,0.3506,0.3506,2059444.5
2024-08-11 04:00:00+00:00,0.3506,0.3537,0.35,0.3522,1553010.43
2024-08-11 05:00:00+00:00,0.3522,0.3531,0.3505,0.3524,1856748.35
2024-08-11 06:00:00+00:00,0.3524,0.3581,0.3521,0.3562,4045382.87
2024-08-11 07:00:00+00:00,0.3562,0.3591,0.355,0.3587,1768981.32
2024-08-11 08:00:00+00:00,0.3587,0.3628,0.3582,0.3613,2939329.64
2024-08-11 09:00:00+00:00,0.3613,0.3639,0.3574,0.3589,4508773.0
2024-08-11 10:00:00+00:00,0.3589,0.3596,0.3552,0.3553,2800766.2
2024-08-11 11:00:00+00:00,0.3553,0.3563,0.3497,0.3516,2821758.74
2024-08-11 12:00:00+00:00,0.3516,0.3524,0.3456,0.3493,5700368.18
2024-08-11 13:00:00+00:00,0.3493,0.3493,0.345,0.3471,4083902.49
2024-08-11 14:00:00+00:00,0.3471,0.3475,0.3407,0.3413,3963713.81
2024-08-11 15:00:00+00:00,0.3413,0.3432,0.338,0.3397,4304593.1
2024-08-11 16:00:00+00:00,0.3397,0.3418,0.3384,0.3391,2168344.14
2024-08-11 17:00:00+00:00,0.3391,0.3398,0.3353,0.3371,3188188.0
2024-08-11 18:00:00+00:00,0.3371,0.3373,0.3345,0.3358,1309996.41
2024-08-11 19:00:00+00:00,0.3358,0.3358,0.3286,0.3287,4898256.45
2024-08-11 20:00:00+00:00,0.3287,0.329,0.3219,0.3228,6174401.05
2024-08-11 21:00:00+00:00,0.3228,0.328,0.32,0.3269,5418162.05
2024-08-11 22:00:00+00:00,0.3269,0.3284,0.3219,0.3251,3200986.56
2024-08-11 23:00:00+00:00,0.3251,0.3258,0.3228,0.324,1793262.31
2024-08-12 00:00:00+00:00,0.324,0.3297,0.324,0.3284,2926669.76
2024-08-12 01:00:00+00:00,0.3284,0.3299,0.326,0.3277,1909657.71
2024-08-12 02:00:00+00:00,0.3277,0.3283,0.3261,0.3281,1215629.93
2024-08-12 03:00:00+00:00,0.3281,0.3287,0.3255,0.3269,1051214.45
2024-08-12 04:00:00+00:00,0.3269,0.3305,0.3267,0.3269,2817111.39
2024-08-12 05:00:00+00:00,0.3269,0.328,0.3257,0.3278,1302302.87
2024-08-12 06:00:00+00:00,0.3278,0.3281,0.3249,0.3265,1868240.63
2024-08-12 07:00:00+00:00,0.3265,0.3367,0.3224,0.3347,6566893.91
2024-08-12 08:00:00+00:00,0.3347,0.3402,0.3327,0.3335,4523559.29
2024-08-12 09:00:00+00:00,0.3335,0.3377,0.3334,0.3364,2462559.9
2024-08-12 10:00:00+00:00,0.3364,0.3416,0.334,0.3411,4352492.8
2024-08-12 11:00:00+00:00,0.3411,0.3536,0.3407,0.3534,9197288.75
2024-08-12 12:00:00+00:00,0.3534,0.3543,0.3472,0.3517,8329068.19
2024-08-12 13:00:00+00:00,0.3517,0.3565,0.3407,0.342,12611378.0
2024-08-12 14:00:00+00:00,0.342,0.3614,0.3378,0.361,14112487.8
2024-08-12 15:00:00+00:00,0.361,0.3618,0.3496,0.3548,9097017.33
2024-08-12 16:00:00+00:00,0.3548,0.3559,0.3491,0.3513,4752249.96
2024-08-12 17:00:00+00:00,0.3513,0.3528,0.3496,0.3496,2032689.28
2024-08-12 18:00:00+00:00,0.3496,0.3505,0.3423,0.3424,2998367.03
2024-08-12 19:00:00+00:00,0.3424,0.3473,0.3424,0.3445,2021761.26
2024-08-12 20:00:00+00:00,0.3445,0.3464,0.3418,0.3418,2396592.88
2024-08-12 21:00:00+00:00,0.3418,0.3447,0.3388,0.3436,3107810.36
2024-08-12 22:00:00+00:00,0.3436,0.3452,0.3424,0.3448,1421634.34
2024-08-12 23:00:00+00:00,0.3448,0.3528,0.3447,0.3517,2768217.09
2024-08-13 00:00:00+00:00,0.3517,0.3524,0.3477,0.3489,1961095.94
2024-08-13 01:00:00+00:00,0.3489,0.3495,0.3461,0.3493,1110124.29
2024-08-13 02:00:00+00:00,0.3493,0.3493,0.3439,0.3462,956551.63
2024-08-13 03:00:00+00:00,0.3462,0.3464,0.3395,0.3403,3240247.08
2024-08-13 04:00:00+00:00,0.3403,0.3423,0.3375,0.3422,1513147.85
2024-08-13 05:00:00+00:00,0.3422,0.3439,0.3407,0.3425,1440683.04
2024-08-13 06:00:00+00:00,0.3425,0.345,0.3406,0.3447,1317715.21
2024-08-13 07:00:00+00:00,0.3447,0.3457,0.3415,0.3419,1548224.0
2024-08-13 08:00:00+00:00,0.3419,0.3424,0.3383,0.3393,1580127.53
2024-08-13 09:00:00+00:00,0.3393,0.3396,0.3364,0.3385,1824643.21
2024-08-13 10:00:00+00:00,0.3385,0.3388,0.335,0.3369,2256707.29
2024-08-13 11:00:00+00:00,0.3369,0.3389,0.3363,0.3383,1367301.49
2024-08-13 12:00:00+00:00,0.3383,0.3428,0.3381,0.3425,3497026.57
2024-08-13 13:00:00+00:00,0.3425,0.3469,0.3393,0.3468,3359468.53
2024-08-13 14:00:00+00:00,0.3468,0.3496,0.343,0.3472,5493808.04
2024-08-13 15:00:00+00:00,0.3472,0.3478,0.345,0.3466,1586796.89
2024-08-13 16:00:00+00:00,0.3466,0.362,0.3463,0.3618,9757733.02
2024-08-13 17:00:00+00:00,0.3618,0.3652,0.3589,0.3614,8101154.53
2024-08-13 18:00:00+00:00,0.3614,0.3648,0.3612,0.3642,4239614.64
2024-08-13 19:00:00+00:00,0.3642,0.3757,0.3637,0.3741,13852427.76
2024-08-13 20:00:00+00:00,0.3741,0.3741,0.367,0.3709,5151425.89
2024-08-13 21:00:00+00:00,0.3709,0.3743,0.3697,0.3701,3487306.48
2024-08-13 22:00:00+00:00,0.3701,0.371,0.3669,0.3676,2645495.69
2024-08-13 23:00:00+00:00,0.3676,0.3731,0.3675,0.3723,5091418.31
2024-08-14 00:00:00+00:00,0.3723,0.3756,0.3719,0.3755,2927794.51
2024-08-14 01:00:00+00:00,0.3755,0.3756,0.3685,0.3693,3532793.76
2024-08-14 02:00:00+00:00,0.3693,0.3725,0.3667,0.372,3044740.99
2024-08-14 03:00:00+00:00,0.372,0.3745,0.3707,0.3708,1715840.52
2024-08-14 04:00:00+00:00,0.3708,0.3753,0.3704,0.3709,4370242.01
2024-08-14 05:00:00+00:00,0.3709,0.376,0.3705,0.3736,4683117.89
2024-08-14 06:00:00+00:00,0.3736,0.3756,0.3709,0.372,4260092.61
2024-08-14 07:00:00+00:00,0.372,0.3721,0.3685,0.369,3429033.61
2024-08-14 08:00:00+00:00,0.369,0.3738,0.3681,0.3728,3013242.23
2024-08-14 09:00:00+00:00,0.3728,0.3746,0.3714,0.3715,2475127.32
2024-08-14 10:00:00+00:00,0.3715,0.3745,0.3707,0.3709,2175957.68
2024-08-14 11:00:00+00:00,0.3709,0.3743,0.37,0.3735,2882946.31
2024-08-14 12:00:00+00:00,0.3735,0.3798,0.3712,0.3751,12792594.06
2024-08-14 13:00:00+00:00,0.3751,0.3762,0.368,0.3687,10402242.41
2024-08-14 14:00:00+00:00,0.3687,0.3717,0.363,0.3715,7445324.58
2024-08-14 15:00:00+00:00,0.3715,0.3749,0.3695,0.3709,10621464.04
2024-08-14 16:00:00+00:00,0.3709,0.3722,0.3651,0.3684,5244112.5
2024-08-14 17:00:00+00:00,0.3684,0.3704,0.3659,0.37,3586413.4
2024-08-14 18:00:00+00:00,0.37,0.3763,0.3689,0.3704,6708901.71
2024-08-14 19:00:00+00:00,0.3704,0.3707,0.366,0.3688,5118543.86
2024-08-14 20:00:00+00:00,0.3688,0.3718,0.3681,0.3701,2978958.71
2024-08-14 21:00:00+00:00,0.3701,0.3727,0.3688,0.3721,2427507.16
2024-08-14 22:00:00+00:00,0.3721,0.3757,0.3692,0.3749,4718967.7
2024-08-14 23:00:00+00:00,0.3749,0.3763,0.3724,0.3726,3683353.29
2024-08-15 00:00:00+00:00,0.3726,0.3761,0.3701,0.3728,3210162.43
2024-08-15 01:00:00+00:00,0.3728,0.3733,0.3668,0.3676,2545946.6
2024-08-15 02:00:00+00:00,0.3676,0.3735,0.3665,0.3702,3042142.42
2024-08-15 03:00:00+00:00,0.3702,0.3736,0.3695,0.3696,1001331.95
2024-08-15 04:00:00+00:00,0.3696,0.3701,0.3585,0.3596,7893409.95
2024-08-15 05:00:00+00:00,0.3596,0.3701,0.3592,0.3653,9214338.07
2024-08-15 06:00:00+00:00,0.3653,0.3695,0.3628,0.3636,5558006.26
2024-08-15 07:00:00+00:00,0.3636,0.3753,0.3625,0.3711,12091798.78
2024-08-15 08:00:00+00:00,0.3711,0.374,0.3675,0.373,5901308.78
2024-08-15 09:00:00+00:00,0.373,0.3782,0.3695,0.3722,12275891.26
2024-08-15 10:00:00+00:00,0.3722,0.3722,0.3674,0.3674,4684335.96
2024-08-15 11:00:00+00:00,0.3674,0.3767,0.3669,0.3762,5516999.72
2024-08-15 12:00:00+00:00,0.3762,0.3928,0.3747,0.3816,23898023.08
2024-08-15 13:00:00+00:00,0.3816,0.3958,0.3779,0.3957,16135775.78
2024-08-15 14:00:00+00:00,0.3957,0.4083,0.3956,0.4001,27486638.75
2024-08-15 15:00:00+00:00,0.4001,0.4015,0.3924,0.3929,14216259.39
2024-08-15 16:00:00+00:00,0.3929,0.398,0.3879,0.3905,8207299.37
2024-08-15 17:00:00+00:00,0.3905,0.3906,0.3774,0.378,9198507.47
2024-08-15 18:00:00+00:00,0.378,0.378,0.3673,0.3698,16409454.31
2024-08-15 19:00:00+00:00,0.3698,0.3736,0.3654,0.3688,9366818.77
2024-08-15 20:00:00+00:00,0.3688,0.37,0.3637,0.3661,6993942.86
2024-08-15 21:00:00+00:00,0.3661,0.3764,0.3645,0.3759,10468750.15
2024-08-15 22:00:00+00:00,0.3759,0.3947,0.3729,0.3922,22244107.66
2024-08-15 23:00:00+00:00,0.3922,0.3926,0.3874,0.3883,8403424.24
2024-08-16 00:00:00+00:00,0.3883,0.3936,0.3857,0.3877,7280175.36
2024-08-16 01:00:00+00:00,0.3877,0.3899,0.3825,0.3829,6943606.7
2024-08-16 02:00:00+00:00,0.3829,0.3919,0.3799,0.3863,4682608.21
2024-08-16 03:00:00+00:00,0.3863,0.3887,0.3811,0.3839,3760264.61
2024-08-16 04:00:00+00:00,0.3839,0.3916,0.3823,0.3912,4789443.89
2024-08-16 05:00:00+00:00,0.3912,0.3946,0.3886,0.3934,3979154.19
2024-08-16 06:00:00+00:00,0.3934,0.3998,0.3913,0.3994,5461049.24
2024-08-16 07:00:00+00:00,0.3994,0.4033,0.3953,0.4027,9252131.42
2024-08-16 08:00:00+00:00,0.4027,0.4036,0.3939,0.3942,8712486.36
2024-08-16 09:00:00+00:00,0.3942,0.3943,0.3872,0.3876,12294377.05
2024-08-16 10:00:00+00:00,0.3876,0.3877,0.3827,0.384,7280449.31
2024-08-16 11:00:00+00:00,0.384,0.3852,0.3807,0.3823,5248001.48
2024-08-16 12:00:00+00:00,0.3823,0.3823,0.3681,0.3706,13873327.71
2024-08-16 13:00:00+00:00,0.3706,0.3842,0.3697,0.3741,13299846.14
2024-08-16 14:00:00+00:00,0.3741,0.3753,0.3643,0.3673,8319303.53
2024-08-16 15:00:00+00:00,0.3673,0.3755,0.3599,0.3616,15135756.88
2024-08-16 16:00:00+00:00,0.3616,0.3675,0.3601,0.3615,6891821.36
2024-08-16 17:00:00+00:00,0.3615,0.3701,0.3544,0.3696,11420101.6
2024-08-16 18:00:00+00:00,0.3696,0.3771,0.3689,0.3726,10065192.26
2024-08-16 19:00:00+00:00,0.3726,0.3748,0.3689,0.3714,3087800.4
2024-08-16 20:00:00+00:00,0.3714,0.3777,0.3697,0.3706,10920976.81
2024-08-16 21:00:00+00:00,0.3706,0.374,0.3687,0.3696,2856503.57
2024-08-16 22:00:00+00:00,0.3696,0.3709,0.3687,0.3694,1652459.12
2024-08-16 23:00:00+00:00,0.3694,0.3715,0.3671,0.3686,2467221.44
2024-08-17 00:00:00+00:00,0.3686,0.3687,0.3651,0.3658,2464245.95
2024-08-17 01:00:00+00:00,0.3658,0.3703,0.3652,0.3668,2716492.68
2024-08-17 02:00:00+00:00,0.3668,0.3686,0.3651,0.3653,3792382.33
2024-08-17 03:00:00+00:00,0.3653,0.3653,0.3621,0.3644,1683957.36
2024-08-17 04:00:00+00:00,0.3644,0.3725,0.3631,0.3711,3399109.95
2024-08-17 05:00:00+00:00,0.3711,0.3747,0.3695,0.3745,2286300.19
2024-08-17 06:00:00+00:00,0.3745,0.3827,0.3744,0.3811,10234121.92
2024-08-17 07:00:00+00:00,0.3811,0.3885,0.381,0.3858,5811262.13
2024-08-17 08:00:00+00:00,0.3858,0.3902,0.383,0.3894,6907536.94
2024-08-17 09:00:00+00:00,0.3894,0.392,0.3878,0.3884,4942633.31
2024-08-17 10:00:00+00:00,0.3884,0.3893,0.3804,0.3811,6324582.46
2024-08-17 11:00:00+00:00,0.3811,0.3846,0.3804,0.3833,2854644.24
2024-08-17 12:00:00+00:00,0.3833,0.3835,0.3786,0.3792,2546439.8
2024-08-17 13:00:00+00:00,0.3792,0.3828,0.377,0.3777,5027204.61
2024-08-17 14:00:00+00:00,0.3777,0.3796,0.3756,0.3756,2858954.29
2024-08-17 15:00:00+00:00,0.3756,0.3779,0.371,0.3738,7092315.72
2024-08-17 16:00:00+00:00,0.3738,0.384,0.3738,0.383,7464783.34
2024-08-17 17:00:00+00:00,0.383,0.3877,0.3824,0.386,5506141.1
2024-08-17 18:00:00+00:00,0.386,0.3894,0.3824,0.389,5180375.22
2024-08-17 19:00:00+00:00,0.389,0.3916,0.3866,0.3896,7199669.68
2024-08-17 20:00:00+00:00,0.3896,0.3916,0.3881,0.3901,3591347.2
2024-08-17 21:00:00+00:00,0.3901,0.3934,0.3877,0.3931,2835291.63
2024-08-17 22:00:00+00:00,0.3931,0.3947,0.3885,0.389,2695851.32
2024-08-17 23:00:00+00:00,0.389,0.3932,0.389,0.3929,2147108.34
2024-08-18 00:00:00+00:00,0.3929,0.3938,0.3908,0.3926,2270773.61
2024-08-18 01:00:00+00:00,0.3926,0.3937,0.3881,0.3893,2761193.48
2024-08-18 02:00:00+00:00,0.3893,0.3915,0.3874,0.3905,2575714.1
2024-08-18 03:00:00+00:00,0.3905,0.392,0.3869,0.3891,3336670.74
2024-08-18 04:00:00+00:00,0.3891,0.3899,0.385,0.389,2247251.3
2024-08-18 05:00:00+00:00,0.389,0.3939,0.3889,0.3911,3811113.42
2024-08-18 06:00:00+00:00,0.3911,0.3925,0.3875,0.3876,2229814.2
2024-08-18 07:00:00+00:00,0.3876,0.3877,0.3842,0.3861,3487228.16
2024-08-18 08:00:00+00:00,0.3861,0.3879,0.3839,0.3844,1963353.51
2024-08-18 09:00:00+00:00,0.3844,0.3881,0.3827,0.3859,4950703.32
2024-08-18 10:00:00+00:00,0.3859,0.3894,0.3834,0.3836,3529232.58
2024-08-18 11:00:00+00:00,0.3836,0.3842,0.3798,0.3805,3449903.78
2024-08-18 12:00:00+00:00,0.3805,0.3829,0.3772,0.3776,7957801.16
2024-08-18 13:00:00+00:00,0.3776,0.3855,0.3772,0.3801,6168848.32
2024-08-18 14:00:00+00:00,0.3801,0.383,0.38,0.3816,2918249.91
2024-08-18 15:00:00+00:00,0.3816,0.388,0.3798,0.3877,5253169.66
2024-08-18 16:00:00+00:00,0.3877,0.3877,0.383,0.3834,3934684.03
2024-08-18 17:00:00+00:00,0.3834,0.3855,0.3803,0.3804,4542487.02
2024-08-18 18:00:00+00:00,0.3804,0.3806,0.3744,0.3752,7082027.32
2024-08-18 19:00:00+00:00,0.3752,0.3814,0.3746,0.3802,3815930.58
2024-08-18 20:00:00+00:00,0.3802,0.3912,0.3802,0.3904,7976469.2
2024-08-18 21:00:00+00:00,0.3904,0.3946,0.3866,0.3935,5850118.9
2024-08-18 22:00:00+00:00,0.3935,0.404,0.3934,0.3982,11716590.89
2024-08-18 23:00:00+00:00,0.3982,0.4007,0.3899,0.3902,7723688.82
2024-08-19 00:00:00+00:00,0.3902,0.3902,0.378,0.3787,8804250.46
2024-08-19 01:00:00+00:00,0.3787,0.3942,0.3782,0.3894,8031070.68
2024-08-19 02:00:00+00:00,0.3894,0.3929,0.3855,0.3876,3520678.77
2024-08-19 03:00:00+00:00,0.3876,0.3935,0.3856,0.3917,2737118.21
2024-08-19 04:00:00+00:00,0.3917,0.3917,0.3839,0.384,3070842.23
2024-08-19 05:00:00+00:00,0.384,0.3851,0.3797,0.3812,2273239.89
2024-08-19 06:00:00+00:00,0.3812,0.3833,0.3794,0.3795,2157354.97
2024-08-19 07:00:00+00:00,0.3795,0.3818,0.3772,0.3788,3117975.7
2024-08-19 08:00:00+00:00,0.3788,0.3877,0.3786,0.3819,3672843.62
2024-08-19 09:00:00+00:00,0.3819,0.3909,0.379,0.3807,8753217.42
2024-08-19 10:00:00+00:00,0.3807,0.3884,0.377,0.3821,12678637.07
2024-08-19 11:00:00+00:00,0.3821,0.387,0.3793,0.3821,6983586.86
2024-08-19 12:00:00+00:00,0.3821,0.3851,0.3784,0.3788,4922420.12
2024-08-19 13:00:00+00:00,0.3788,0.3847,0.3775,0.378,5058600.89
2024-08-19 14:00:00+00:00,0.378,0.3833,0.3752,0.3814,7443548.65
2024-08-19 15:00:00+00:00,0.3814,0.3877,0.3807,0.386,5743526.59
2024-08-19 16:00:00+00:00,0.386,0.3863,0.3778,0.3815,5751691.11
2024-08-19 17:00:00+00:00,0.3815,0.3919,0.3797,0.3844,8824416.69
2024-08-19 18:00:00+00:00,0.3844,0.388,0.3801,0.3824,6847685.76
2024-08-19 19:00:00+00:00,0.3824,0.3864,0.3797,0.3826,9722150.25
2024-08-19 20:00:00+00:00,0.3826,0.389,0.3826,0.3844,4110925.86
2024-08-19 21:00:00+00:00,0.3844,0.3877,0.384,0.3865,3368189.22
2024-08-19 22:00:00+00:00,0.3865,0.3898,0.3865,0.3893,3943543.72
2024-08-19 23:00:00+00:00,0.3893,0.3948,0.3891,0.391,4451499.34
2024-08-20 00:00:00+00:00,0.391,0.3966,0.3861,0.3893,6714550.41
2024-08-20 01:00:00+00:00,0.3893,0.3932,0.3882,0.3907,3304731.64
2024-08-20 02:00:00+00:00,0.3907,0.3925,0.388,0.3922,1322831.86
2024-08-20 03:00:00+00:00,0.3922,0.3953,0.3915,0.3926,2209787.96
2024-08-20 04:00:00+00:00,0.3926,0.3962,0.3917,0.3956,3149631.04
2024-08-20 05:00:00+00:00,0.3956,0.4004,0.3951,0.396,6168721.51
2024-08-20 06:00:00+00:00,0.396,0.3983,0.394,0.3959,4037626.74
2024-08-20 07:00:00+00:00,0.3959,0.3963,0.3914,0.3924,4777296.31
2024-08-20 08:00:00+00:00,0.3924,0.394,0.3869,0.3876,3951364.02
2024-08-20 09:00:00+00:00,0.3876,0.3923,0.3875,0.3901,4509692.75
2024-08-20 10:00:00+00:00,0.3901,0.391,0.3882,0.3899,2609146.58
2024-08-20 11:00:00+00:00,0.3899,0.3919,0.3888,0.3901,2624570.27
2024-08-20 12:00:00+00:00,0.3901,0.3972,0.3893,0.3953,5143015.46
2024-08-20 13:00:00+00:00,0.3953,0.4007,0.3924,0.3996,3434625.97
2024-08-20 14:00:00+00:00,0.3996,0.4,0.3875,0.3875,8392177.8
2024-08-20 15:00:00+00:00,0.3875,0.3877,0.3782,0.3802,10593736.08
2024-08-20 16:00:00+00:00,0.3802,0.3866,0.3788,0.3835,4940257.64
2024-08-20 17:00:00+00:00,0.3835,0.3895,0.382,0.3892,3371281.78
2024-08-20 18:00:00+00:00,0.3892,0.3943,0.3875,0.391,6349114.21
2024-08-20 19:00:00+00:00,0.391,0.393,0.3898,0.3911,2501034.96
2024-08-20 20:00:00+00:00,0.3911,0.3961,0.3911,0.392,3293348.4
2024-08-20 21:00:00+00:00,0.392,0.3924,0.3884,0.3917,3046204.29
2024-08-20 22:00:00+00:00,0.3917,0.3984,0.3916,0.3965,8111689.38
2024-08-20 23:00:00+00:00,0.3965,0.3988,0.3958,0.3964,3716969.13
2024-08-21 00:00:00+00:00,0.3964,0.3985,0.3928,0.3928,2619528.26
2024-08-21 01:00:00+00:00,0.3928,0.3951,0.39,0.3949,1606268.22
2024-08-21 02:00:00+00:00,0.3949,0.3968,0.3934,0.3935,1336408.03
2024-08-21 03:00:00+00:00,0.3935,0.3983,0.3923,0.3981,1729944.13
2024-08-21 04:00:00+00:00,0.3981,0.4023,0.3972,0.3981,3592557.5
2024-08-21 05:00:00+00:00,0.3981,0.3995,0.3945,0.3962,2141565.58
2024-08-21 06:00:00+00:00,0.3962,0.407,0.3961,0.4057,4840915.35
2024-08-21 07:00:00+00:00,0.4057,0.4088,0.4036,0.405,5857513.8
2024-08-21 08:00:00+00:00,0.405,0.407,0.3972,0.3975,4567758.97
2024-08-21 09:00:00+00:00,0.3975,0.4008,0.3952,0.4004,3045879.75
2024-08-21 10:00:00+00:00,0.4004,0.405,0.3991,0.4046,2854080.44
2024-08-21 11:00:00+00:00,0.4046,0.4055,0.4,0.4002,4331479.01
2024-08-21 12:00:00+00:00,0.4002,0.4029,0.3985,0.4008,3811519.79
2024-08-21 13:00:00+00:00,0.4008,0.4071,0.3946,0.4067,5886136.01
2024-08-21 14:00:00+00:00,0.4067,0.4152,0.4041,0.406,18915302.39
2024-08-21 15:00:00+00:00,0.406,0.4134,0.4045,0.4111,5372987.15
2024-08-21 16:00:00+00:00,0.4111,0.4167,0.4077,0.4161,6338996.94
2024-08-21 17:00:00+00:00,0.4161,0.4499,0.416,0.4479,28101907.56
2024-08-21 18:00:00+00:00,0.4479,0.4596,0.4383,0.4577,32946855.87
2024-08-21 19:00:00+00:00,0.4577,0.4602,0.4512,0.4565,15391527.81
2024-08-21 20:00:00+00:00,0.4565,0.4662,0.4534,0.4608,19619420.27
2024-08-21 21:00:00+00:00,0.4608,0.4628,0.4567,0.4596,8268574.37
2024-08-21 22:00:00+00:00,0.4596,0.4645,0.4589,0.4631,10715757.98
2024-08-21 23:00:00+00:00,0.4631,0.4649,0.4574,0.4584,5344370.61
2024-08-22 00:00:00+00:00,0.4584,0.4646,0.4564,0.4626,6644348.38
2024-08-22 01:00:00+00:00,0.4626,0.4703,0.462,0.4632,11159373.29
2024-08-22 02:00:00+00:00,0.4632,0.464,0.4573,0.4585,7309011.19
2024-08-22 03:00:00+00:00,0.4585,0.4652,0.4573,0.465,3230103.87
2024-08-22 04:00:00+00:00,0.465,0.4655,0.4606,0.4648,3694035.39
2024-08-22 05:00:00+00:00,0.4648,0.4648,0.4584,0.4609,4397378.24
2024-08-22 06:00:00+00:00,0.4609,0.4631,0.4572,0.4611,3492701.2
2024-08-22 07:00:00+00:00,0.4611,0.462,0.4576,0.4579,2155619.7
2024-08-22 08:00:00+00:00,0.4579,0.4613,0.4543,0.4575,6285327.73
2024-08-22 09:00:00+00:00,0.4575,0.4591,0.45,0.4508,8889881.2
2024-08-22 10:00:00+00:00,0.4508,0.4547,0.45,0.4539,4595945.07
2024-08-22 11:00:00+00:00,0.4539,0.454,0.449,0.451,3937732.23
2024-08-22 12:00:00+00:00,0.451,0.4543,0.4495,0.4509,3596049.17
2024-08-22 13:00:00+00:00,0.4509,0.4597,0.4503,0.4588,9377387.95
2024-08-22 14:00:00+00:00,0.4588,0.4607,0.455,0.4583,5124884.37
2024-08-22 15:00:00+00:00,0.4583,0.4609,0.4557,0.4567,3830123.05
2024-08-22 16:00:00+00:00,0.4567,0.4649,0.4565,0.4583,7227179.25
2024-08-22 17:00:00+00:00,0.4583,0.4618,0.4582,0.4589,2578204.17
2024-08-22 18:00:00+00:00,0.4589,0.463,0.4581,0.4594,2458933.13
2024-08-22 19:00:00+00:00,0.4594,0.4622,0.4585,0.4593,2927380.02
2024-08-22 20:00:00+00:00,0.4593,0.4623,0.4585,0.4621,2130972.91
2024-08-22 21:00:00+00:00,0.4621,0.4625,0.4593,0.4612,1148623.26
2024-08-22 22:00:00+00:00,0.4612,0.4622,0.4591,0.4608,2814896.27
2024-08-22 23:00:00+00:00,0.4608,0.4631,0.46,0.4629,1289554.75
2024-08-23 00:00:00+00:00,0.4629,0.4685,0.4619,0.462,4692224.43
2024-08-23 01:00:00+00:00,0.462,0.4639,0.4601,0.4608,3198001.49
2024-08-23 02:00:00+00:00,0.4608,0.4665,0.4588,0.463,5427085.71
2024-08-23 03:00:00+00:00,0.463,0.4647,0.4603,0.4647,2118084.41
2024-08-23 04:00:00+00:00,0.4647,0.468,0.4642,0.4676,3623605.21
2024-08-23 05:00:00+00:00,0.4676,0.4845,0.4674,0.4819,11676658.82
2024-08-23 06:00:00+00:00,0.4819,0.4825,0.4682,0.4789,10037325.72
2024-08-23 07:00:00+00:00,0.4789,0.4828,0.4728,0.4745,5287045.71
2024-08-23 08:00:00+00:00,0.4745,0.4961,0.4735,0.4953,17192606.4
2024-08-23 09:00:00+00:00,0.4953,0.4961,0.488,0.4903,10084559.44
2024-08-23 10:00:00+00:00,0.4903,0.4993,0.4903,0.4957,5811201.52
2024-08-23 11:00:00+00:00,0.4957,0.4965,0.4864,0.4865,7008839.82
2024-08-23 12:00:00+00:00,0.4865,0.4871,0.4812,0.4828,7952355.24
2024-08-23 13:00:00+00:00,0.4828,0.4837,0.4758,0.4789,6816473.32
2024-08-23 14:00:00+00:00,0.4789,0.4901,0.4753,0.4814,14792548.89
2024-08-23 15:00:00+00:00,0.4814,0.4993,0.4809,0.4938,16112514.52
2024-08-23 16:00:00+00:00,0.4938,0.4967,0.4876,0.4951,7277801.71
2024-08-23 17:00:00+00:00,0.4951,0.5158,0.4951,0.5146,18773538.58
2024-08-23 18:00:00+00:00,0.5146,0.5191,0.4951,0.4952,20185055.41
2024-08-23 19:00:00+00:00,0.4952,0.5016,0.4924,0.5,9946692.83
2024-08-23 20:00:00+00:00,0.5,0.5066,0.4997,0.5023,4564535.72
2024-08-23 21:00:00+00:00,0.5023,0.5087,0.5003,0.5069,6419367.72
2024-08-23 22:00:00+00:00,0.5069,0.5125,0.5063,0.51,6673903.6
2024-08-23 23:00:00+00:00,0.51,0.5146,0.5099,0.5128,3585396.46
2024-08-24 00:00:00+00:00,0.5128,0.5164,0.5074,0.5119,5511350.05
2024-08-24 01:00:00+00:00,0.5119,0.5142,0.5076,0.5106,5050937.35
2024-08-24 02:00:00+00:00,0.5106,0.5117,0.5051,0.5069,3328004.86
2024-08-24 03:00:00+00:00,0.5069,0.5107,0.5061,0.5072,2930930.96
2024-08-24 04:00:00+00:00,0.5072,0.5081,0.504,0.5057,1280775.2
2024-08-24 05:00:00+00:00,0.5057,0.5106,0.5052,0.509,2056568.52
2024-08-24 06:00:00+00:00,0.509,0.5152,0.5071,0.5077,5170212.75
2024-08-24 07:00:00+00:00,0.5077,0.5105,0.5051,0.5105,2730450.17
2024-08-24 08:00:00+00:00,0.5105,0.5108,0.5069,0.5091,2013630.41
2024-08-24 09:00:00+00:00,0.5091,0.5115,0.5058,0.5102,3920594.6
2024-08-24 10:00:00+00:00,0.5102,0.5184,0.5087,0.5165,5377849.66
2024-08-24 11:00:00+00:00,0.5165,0.5215,0.5059,0.5061,7292959.96
2024-08-24 12:00:00+00:00,0.5061,0.5121,0.504,0.5119,3182975.01
2024-08-24 13:00:00+00:00,0.5119,0.5135,0.5084,0.5134,2934900.45
2024-08-24 14:00:00+00:00,0.5134,0.5148,0.5065,0.5125,5161418.7
2024-08-24 15:00:00+00:00,0.5125,0.5169,0.5099,0.5132,3281430.74
2024-08-24 16:00:00+00:00,0.5132,0.523,0.5122,0.5184,6144257.39
2024-08-24 17:00:00+00:00,0.5184,0.5265,0.5173,0.5191,6443746.93
2024-08-24 18:00:00+00:00,0.5191,0.5321,0.5146,0.5216,7328114.31
2024-08-24 19:00:00+00:00,0.5216,0.5259,0.5216,0.5241,1903641.65
2024-08-24 20:00:00+00:00,0.5241,0.5296,0.5219,0.5226,2409194.69
2024-08-24 21:00:00+00:00,0.5226,0.5232,0.505,0.5064,10205198.42
2024-08-24 22:00:00+00:00,0.5064,0.5146,0.506,0.5111,3671382.39
2024-08-24 23:00:00+00:00,0.5111,0.5129,0.5088,0.512,2816734.98
2024-08-25 00:00:00+00:00,0.512,0.512,0.5014,0.5028,4430465.14
2024-08-25 01:00:00+00:00,0.5028,0.506,0.4948,0.4983,5314547.22
2024-08-25 02:00:00+00:00,0.4983,0.5029,0.4983,0.5015,2332801.55
2024-08-25 03:00:00+00:00,0.5015,0.5034,0.4963,0.503,6260173.17
2024-08-25 04:00:00+00:00,0.503,0.5046,0.4982,0.5006,1970352.25
2024-08-25 05:00:00+00:00,0.5006,0.5032,0.5,0.5018,1755927.78
2024-08-25 06:00:00+00:00,0.5018,0.5026,0.4969,0.498,2482926.57
2024-08-25 07:00:00+00:00,0.498,0.498,0.4847,0.4883,10779278.96
2024-08-25 08:00:00+00:00,0.4883,0.4915,0.4853,0.489,7628052.54
2024-08-25 09:00:00+00:00,0.489,0.4905,0.486,0.4886,2963535.29
2024-08-25 10:00:00+00:00,0.4886,0.4896,0.4859,0.487,1459496.38
2024-08-25 11:00:00+00:00,0.487,0.4926,0.4869,0.4881,2583317.15
2024-08-25 12:00:00+00:00,0.4881,0.4923,0.4881,0.4921,4678742.11
2024-08-25 13:00:00+00:00,0.4921,0.4988,0.4905,0.4937,3506729.38
2024-08-25 14:00:00+00:00,0.4937,0.497,0.491,0.4968,2329592.47
2024-08-25 15:00:00+00:00,0.4968,0.5015,0.4928,0.4942,2765155.33
2024-08-25 16:00:00+00:00,0.4942,0.4959,0.4888,0.4898,2171672.1
2024-08-25 17:00:00+00:00,0.4898,0.4935,0.4894,0.4935,1173371.88
2024-08-25 18:00:00+00:00,0.4935,0.4967,0.4918,0.4947,1866792.24
2024-08-25 19:00:00+00:00,0.4947,0.4957,0.4928,0.4949,1441672.84
2024-08-25 20:00:00+00:00,0.4949,0.5023,0.4936,0.5018,5144824.44
2024-08-25 21:00:00+00:00,0.5018,0.534,0.501,0.5251,15493675.6
2024-08-25 22:00:00+00:00,0.5251,0.5323,0.5192,0.5245,7068341.2
2024-08-25 23:00:00+00:00,0.5245,0.5324,0.5213,0.5222,7638787.08
2024-08-26 00:00:00+00:00,0.5222,0.5291,0.5189,0.5218,5959467.59
2024-08-26 01:00:00+00:00,0.5218,0.523,0.5126,0.5148,4483620.64
2024-08-26 02:00:00+00:00,0.5148,0.5155,0.5071,0.5116,4807529.79
2024-08-26 03:00:00+00:00,0.5116,0.5122,0.5071,0.5119,2325143.92
2024-08-26 04:00:00+00:00,0.5119,0.5159,0.5063,0.507,3341917.65
2024-08-26 05:00:00+00:00,0.507,0.5081,0.5029,0.5047,2077512.0
2024-08-26 06:00:00+00:00,0.5047,0.5056,0.5001,0.503,2919673.63
2024-08-26 07:00:00+00:00,0.503,0.5099,0.5006,0.5043,3718163.02
2024-08-26 08:00:00+00:00,0.5043,0.5134,0.5043,0.5094,3191091.27
2024-08-26 09:00:00+00:00,0.5094,0.5127,0.5056,0.5125,4591772.45
2024-08-26 10:00:00+00:00,0.5125,0.5142,0.5031,0.5035,5483975.45
2024-08-26 11:00:00+00:00,0.5035,0.5099,0.5015,0.508,3860287.36
2024-08-26 12:00:00+00:00,0.508,0.5089,0.4962,0.4982,5934429.7
2024-08-26 13:00:00+00:00,0.4982,0.504,0.4947,0.4969,5505750.16
2024-08-26 14:00:00+00:00,0.4969,0.5003,0.4926,0.4938,5903840.75
2024-08-26 15:00:00+00:00,0.4938,0.4945,0.4876,0.4898,4234374.5
2024-08-26 16:00:00+00:00,0.4898,0.4934,0.4873,0.4898,3318405.66
2024-08-26 17:00:00+00:00,0.4898,0.4914,0.4792,0.4796,7599652.58
2024-08-26 18:00:00+00:00,0.4796,0.4832,0.4748,0.4807,6844652.21
2024-08-26 19:00:00+00:00,0.4807,0.4812,0.4757,0.4768,1878496.32
2024-08-26 20:00:00+00:00,0.4768,0.4822,0.4752,0.4805,1818147.01
2024-08-26 21:00:00+00:00,0.4805,0.4812,0.4752,0.4792,2714068.68
2024-08-26 22:00:00+00:00,0.4792,0.48,0.4764,0.4786,2129858.32
2024-08-26 23:00:00+00:00,0.4786,0.482,0.4775,0.4781,3932585.03
2024-08-27 00:00:00+00:00,0.4781,0.4865,0.4781,0.4841,4623328.48
2024-08-27 01:00:00+00:00,0.4841,0.4928,0.4831,0.4903,3432070.7
2024-08-27 02:00:00+00:00,0.4903,0.4989,0.4894,0.4984,4872501.79
2024-08-27 03:00:00+00:00,0.4984,0.499,0.494,0.4963,4242274.14
2024-08-27 04:00:00+00:00,0.4963,0.5042,0.4947,0.5029,2791091.22
2024-08-27 05:00:00+00:00,0.5029,0.5118,0.5027,0.5115,4816034.95
2024-08-27 06:00:00+00:00,0.5115,0.5128,0.5049,0.506,7243345.13
2024-08-27 07:00:00+00:00,0.506,0.5095,0.4994,0.5001,4187684.09
2024-08-27 08:00:00+00:00,0.5001,0.504,0.4912,0.4936,4898861.91
2024-08-27 09:00:00+00:00,0.4936,0.4961,0.4884,0.4922,5245724.52
2024-08-27 10:00:00+00:00,0.4922,0.4928,0.483,0.4832,6050252.48
2024-08-27 11:00:00+00:00,0.4832,0.4941,0.4825,0.4887,4438750.54
2024-08-27 12:00:00+00:00,0.4887,0.4916,0.4837,0.4908,3171852.05
2024-08-27 13:00:00+00:00,0.4908,0.4935,0.4856,0.4887,3321480.16
2024-08-27 14:00:00+00:00,0.4887,0.5066,0.4858,0.4988,13115959.72
2024-08-27 15:00:00+00:00,0.4988,0.4988,0.4867,0.4895,8321310.09
2024-08-27 16:00:00+00:00,0.4895,0.4896,0.4592,0.4622,43241168.14
2024-08-27 17:00:00+00:00,0.4622,0.4695,0.4606,0.466,6123903.94
2024-08-27 18:00:00+00:00,0.466,0.4738,0.4635,0.4702,3979142.63
2024-08-27 19:00:00+00:00,0.4702,0.4726,0.4644,0.4656,4005825.31
2024-08-27 20:00:00+00:00,0.4656,0.4656,0.4577,0.459,3486969.16
2024-08-27 21:00:00+00:00,0.459,0.4604,0.4428,0.4481,13431496.32
2024-08-27 22:00:00+00:00,0.4481,0.4485,0.4356,0.4475,25262077.54
2024-08-27 23:00:00+00:00,0.4475,0.4476,0.4422,0.4429,5018748.15
2024-08-28 00:00:00+00:00,0.4429,0.4436,0.4396,0.4415,3782801.31
2024-08-28 01:00:00+00:00,0.4415,0.4431,0.4377,0.4428,3692592.79
2024-08-28 02:00:00+00:00,0.4428,0.4429,0.4362,0.44,4009630.17
2024-08-28 03:00:00+00:00,0.44,0.4465,0.4388,0.4457,3467680.88
2024-08-28 04:00:00+00:00,0.4457,0.4458,0.4394,0.4404,4053411.97
2024-08-28 05:00:00+00:00,0.4404,0.4446,0.4383,0.4412,3390134.58
2024-08-28 06:00:00+00:00,0.4412,0.4414,0.4379,0.4383,3555500.52
2024-08-28 07:00:00+00:00,0.4383,0.4387,0.4265,0.4274,8587328.26
2024-08-28 08:00:00+00:00,0.4274,0.4336,0.4219,0.4311,12183236.93
2024-08-28 09:00:00+00:00,0.4311,0.457,0.431,0.4568,14243644.28
2024-08-28 10:00:00+00:00,0.4568,0.4569,0.4455,0.4461,12527850.64
2024-08-28 11:00:00+00:00,0.4461,0.4514,0.4445,0.4488,6389970.4
2024-08-28 12:00:00+00:00,0.4488,0.4522,0.4464,0.4469,3588007.18
2024-08-28 13:00:00+00:00,0.4469,0.4471,0.4364,0.437,5760880.07
2024-08-28 14:00:00+00:00,0.437,0.4456,0.4331,0.436,9375867.64
2024-08-28 15:00:00+00:00,0.436,0.436,0.4195,0.4217,19493924.86
2024-08-28 16:00:00+00:00,0.4217,0.4225,0.4044,0.4189,25610404.07
2024-08-28 17:00:00+00:00,0.4189,0.4223,0.4155,0.4166,8981660.04
2024-08-28 18:00:00+00:00,0.4166,0.4339,0.4138,0.4333,9259473.38
2024-08-28 19:00:00+00:00,0.4333,0.4364,0.4289,0.4295,10514924.31
2024-08-28 20:00:00+00:00,0.4295,0.4348,0.4246,0.4288,10674437.44
2024-08-28 21:00:00+00:00,0.4288,0.4308,0.4228,0.4229,2727750.71
2024-08-28 22:00:00+00:00,0.4229,0.4237,0.4164,0.4197,4643548.36
2024-08-28 23:00:00+00:00,0.4197,0.4232,0.4186,0.4199,2048943.36
2024-08-29 00:00:00+00:00,0.4199,0.4254,0.4198,0.4254,3663851.11
2024-08-29 01:00:00+00:00,0.4254,0.4293,0.4215,0.422,5072629.53
2024-08-29 02:00:00+00:00,0.422,0.425,0.4194,0.4247,2337936.46
2024-08-29 03:00:00+00:00,0.4247,0.4272,0.4236,0.4237,2059111.69
2024-08-29 04:00:00+00:00,0.4237,0.4272,0.4224,0.4258,2515432.97
2024-08-29 05:00:00+00:00,0.4258,0.4305,0.4244,0.4284,4525041.49
2024-08-29 06:00:00+00:00,0.4284,0.4296,0.4256,0.4257,4390345.37
2024-08-29 07:00:00+00:00,0.4257,0.4314,0.4247,0.4296,6349586.61
2024-08-29 08:00:00+00:00,0.4296,0.434,0.4272,0.43,5843180.14
2024-08-29 09:00:00+00:00,0.43,0.4329,0.429,0.4294,4395171.31
2024-08-29 10:00:00+00:00,0.4294,0.4297,0.4245,0.4246,5159786.47
2024-08-29 11:00:00+00:00,0.4246,0.4338,0.4225,0.4291,8660305.66
2024-08-29 12:00:00+00:00,0.4291,0.4304,0.4261,0.4273,5017733.94
2024-08-29 13:00:00+00:00,0.4273,0.4292,0.4234,0.4276,5225962.62
2024-08-29 14:00:00+00:00,0.4276,0.4325,0.4271,0.429,6543068.75
2024-08-29 15:00:00+00:00,0.429,0.4525,0.4286,0.4439,23867438.71
2024-08-29 16:00:00+00:00,0.4439,0.444,0.4294,0.4308,9788601.06
2024-08-29 17:00:00+00:00,0.4308,0.4376,0.4293,0.4376,10611643.7
2024-08-29 18:00:00+00:00,0.4376,0.4376,0.4158,0.416,15605359.57
2024-08-29 19:00:00+00:00,0.416,0.4247,0.4119,0.4229,10756708.69
2024-08-29 20:00:00+00:00,0.4229,0.4326,0.422,0.4326,8601946.17
2024-08-29 21:00:00+00:00,0.4326,0.4333,0.424,0.4243,4198405.44
2024-08-29 22:00:00+00:00,0.4243,0.4245,0.4194,0.422,4834835.88
2024-08-29 23:00:00+00:00,0.422,0.4243,0.4207,0.4223,2376257.36
2024-08-30 00:00:00+00:00,0.4223,0.4288,0.4189,0.4281,5657599.86
2024-08-30 01:00:00+00:00,0.4281,0.4283,0.4229,0.4264,3506831.87
2024-08-30 02:00:00+00:00,0.4264,0.4275,0.421,0.4234,2322805.24
2024-08-30 03:00:00+00:00,0.4234,0.4251,0.4207,0.4233,2120736.1
2024-08-30 04:00:00+00:00,0.4233,0.4275,0.4233,0.4237,3290101.0
2024-08-30 05:00:00+00:00,0.4237,0.4252,0.42,0.424,2571571.6
2024-08-30 06:00:00+00:00,0.424,0.4284,0.422,0.4282,3101208.19
2024-08-30 07:00:00+00:00,0.4282,0.4318,0.4266,0.4281,4710435.68
2024-08-30 08:00:00+00:00,0.4281,0.4356,0.4278,0.4356,3705669.96
2024-08-30 09:00:00+00:00,0.4356,0.4356,0.4312,0.4315,3809579.4
2024-08-30 10:00:00+00:00,0.4315,0.4352,0.4299,0.4308,4425811.35
2024-08-30 11:00:00+00:00,0.4308,0.4332,0.4293,0.4299,3596351.39
2024-08-30 12:00:00+00:00,0.4299,0.4384,0.4296,0.4309,6949987.97
2024-08-30 13:00:00+00:00,0.4309,0.4321,0.4217,0.4272,5917487.98
2024-08-30 14:00:00+00:00,0.4272,0.4325,0.4142,0.4143,9624853.89
2024-08-30 15:00:00+00:00,0.4143,0.418,0.4061,0.4083,15774734.71
2024-08-30 16:00:00+00:00,0.4083,0.4161,0.4054,0.4161,11780526.71
2024-08-30 17:00:00+00:00,0.4161,0.4211,0.4133,0.4194,5862429.47
2024-08-30 18:00:00+00:00,0.4194,0.4325,0.4192,0.4296,8327807.89
2024-08-30 19:00:00+00:00,0.4296,0.4296,0.421,0.4211,4675250.37
2024-08-30 20:00:00+00:00,0.4211,0.423,0.4196,0.4217,2181237.44
2024-08-30 21:00:00+00:00,0.4217,0.4266,0.4215,0.4254,2705549.13
2024-08-30 22:00:00+00:00,0.4254,0.4287,0.4252,0.4276,2696007.18
2024-08-30 23:00:00+00:00,0.4276,0.4289,0.4263,0.4279,1563251.33
2024-08-31 00:00:00+00:00,0.4279,0.4336,0.4268,0.4314,4007839.44
2024-08-31 01:00:00+00:00,0.4314,0.434,0.4279,0.428,2323645.15
2024-08-31 02:00:00+00:00,0.428,0.4291,0.4266,0.427,1327616.98
2024-08-31 03:00:00+00:00,0.427,0.4298,0.4261,0.4272,1302272.52
2024-08-31 04:00:00+00:00,0.4272,0.4288,0.427,0.4282,789694.19
2024-08-31 05:00:00+00:00,0.4282,0.4282,0.4257,0.4261,865205.58
2024-08-31 06:00:00+00:00,0.4261,0.4302,0.4251,0.4301,1442367.99
2024-08-31 07:00:00+00:00,0.4301,0.4313,0.4262,0.4266,1686636.26
2024-08-31 08:00:00+00:00,0.4266,0.4282,0.4222,0.4222,1517288.01
2024-08-31 09:00:00+00:00,0.4222,0.4264,0.4218,0.4255,1787306.65
2024-08-31 10:00:00+00:00,0.4255,0.4298,0.4252,0.4293,2409247.78
2024-08-31 11:00:00+00:00,0.4293,0.4302,0.4283,0.4292,1636128.7
2024-08-31 12:00:00+00:00,0.4292,0.43,0.427,0.4293,1327529.66
2024-08-31 13:00:00+00:00,0.4293,0.4304,0.4247,0.4247,2830508.53
2024-08-31 14:00:00+00:00,0.4247,0.429,0.4243,0.4269,2084400.47
2024-08-31 15:00:00+00:00,0.4269,0.4287,0.4254,0.4287,1753623.45
2024-08-31 16:00:00+00:00,0.4287,0.4305,0.4252,0.4259,3918121.99
2024-08-31 17:00:00+00:00,0.4259,0.4269,0.4208,0.4242,2653098.06
2024-08-31 18:00:00+00:00,0.4242,0.4283,0.4234,0.4235,3156508.26
2024-08-31 19:00:00+00:00,0.4235,0.4241,0.4219,0.4228,1612505.77
2024-08-31 20:00:00+00:00,0.4228,0.425,0.4217,0.4237,1106294.38
2024-08-31 21:00:00+00:00,0.4237,0.4272,0.4224,0.4258,1869139.28
2024-08-31 22:00:00+00:00,0.4258,0.4259,0.4226,0.4229,1026653.38
2024-08-31 23:00:00+00:00,0.4229,0.4249,0.4228,0.4239,1184438.98
2024-09-01 00:00:00+00:00,0.4239,0.4262,0.4231,0.4241,1609086.42
2024-09-01 01:00:00+00:00,0.4241,0.4246,0.4191,0.4193,1696358.83
2024-09-01 02:00:00+00:00,0.4193,0.4203,0.4172,0.4197,2756368.79
2024-09-01 03:00:00+00:00,0.4197,0.4226,0.419,0.4207,1841226.62
2024-09-01 04:00:00+00:00,0.4207,0.4212,0.419,0.4196,1266064.69
2024-09-01 05:00:00+00:00,0.4196,0.42,0.4133,0.4139,2856004.89
2024-09-01 06:00:00+00:00,0.4139,0.419,0.4132,0.4175,1945851.87
2024-09-01 07:00:00+00:00,0.4175,0.4204,0.4164,0.4202,2170853.26
2024-09-01 08:00:00+00:00,0.4202,0.4209,0.4145,0.4147,2957498.86
2024-09-01 09:00:00+00:00,0.4147,0.4175,0.4131,0.4154,3011445.2
2024-09-01 10:00:00+00:00,0.4154,0.4155,0.4093,0.4096,4889841.38
2024-09-01 11:00:00+00:00,0.4096,0.4113,0.4071,0.4104,4727578.9
2024-09-01 12:00:00+00:00,0.4104,0.4111,0.4073,0.4074,2642102.52
2024-09-01 13:00:00+00:00,0.4074,0.4105,0.4027,0.4065,4448427.41
2024-09-01 14:00:00+00:00,0.4065,0.4084,0.3997,0.4058,9271680.7
2024-09-01 15:00:00+00:00,0.4058,0.4163,0.4049,0.4156,4997569.68
2024-09-01 16:00:00+00:00,0.4156,0.4187,0.4111,0.4114,3822246.19
2024-09-01 17:00:00+00:00,0.4114,0.4132,0.4064,0.4095,2408103.72
2024-09-01 18:00:00+00:00,0.4095,0.4209,0.4083,0.4186,6049818.72
2024-09-01 19:00:00+00:00,0.4186,0.4246,0.4184,0.4224,5075716.01
2024-09-01 20:00:00+00:00,0.4224,0.4242,0.4179,0.4184,4054690.6
2024-09-01 21:00:00+00:00,0.4184,0.4184,0.4127,0.4153,2530061.85
2024-09-01 22:00:00+00:00,0.4153,0.4162,0.3984,0.3996,9277350.94
2024-09-01 23:00:00+00:00,0.3996,0.4051,0.3989,0.4042,7889675.05
2024-09-02 00:00:00+00:00,0.4042,0.4074,0.4007,0.4058,4573066.26
2024-09-02 01:00:00+00:00,0.4058,0.4128,0.4049,0.4093,6814212.25
2024-09-02 02:00:00+00:00,0.4093,0.4123,0.4063,0.4076,2299041.14
2024-09-02 03:00:00+00:00,0.4076,0.4102,0.4064,0.4091,2375479.22
2024-09-02 04:00:00+00:00,0.4091,0.4102,0.4035,0.4037,1734498.44
2024-09-02 05:00:00+00:00,0.4037,0.414,0.4036,0.41,4928470.26
2024-09-02 06:00:00+00:00,0.41,0.4121,0.4066,0.4077,1871405.68
2024-09-02 07:00:00+00:00,0.4077,0.4095,0.401,0.4022,3063143.76
2024-09-02 08:00:00+00:00,0.4022,0.4148,0.4007,0.4119,11206543.74
2024-09-02 09:00:00+00:00,0.4119,0.4256,0.4089,0.4235,10011057.69
2024-09-02 10:00:00+00:00,0.4235,0.4289,0.4206,0.4213,9019679.25
2024-09-02 11:00:00+00:00,0.4213,0.4235,0.4185,0.4197,5402843.61
2024-09-02 12:00:00+00:00,0.4197,0.4223,0.4163,0.4165,3898331.69
2024-09-02 13:00:00+00:00,0.4165,0.4181,0.4116,0.412,5148147.18
2024-09-02 14:00:00+00:00,0.412,0.4258,0.4103,0.4251,10088452.67
2024-09-02 15:00:00+00:00,0.4251,0.4262,0.4205,0.4216,4689261.44
2024-09-02 16:00:00+00:00,0.4216,0.4245,0.4175,0.4177,2085521.3
2024-09-02 17:00:00+00:00,0.4177,0.4243,0.4176,0.4226,3243458.2
2024-09-02 18:00:00+00:00,0.4226,0.4229,0.4185,0.4197,1947046.49
2024-09-02 19:00:00+00:00,0.4197,0.4215,0.4186,0.4202,1401826.14
2024-09-02 20:00:00+00:00,0.4202,0.429,0.4177,0.4263,5812073.21
2024-09-02 21:00:00+00:00,0.4263,0.4292,0.4218,0.4235,5953261.8
2024-09-02 22:00:00+00:00,0.4235,0.4295,0.4222,0.4291,4984642.27
2024-09-02 23:00:00+00:00,0.4291,0.4305,0.4273,0.4281,3037290.11
2024-09-03 00:00:00+00:00,0.4281,0.429,0.4248,0.4273,3169418.42
2024-09-03 01:00:00+00:00,0.4273,0.4316,0.4261,0.4304,8481010.38
2024-09-03 02:00:00+00:00,0.4304,0.4378,0.4295,0.4301,8318166.84
2024-09-03 03:00:00+00:00,0.4301,0.4308,0.4255,0.4261,3947066.92
2024-09-03 04:00:00+00:00,0.4261,0.4273,0.4236,0.4251,2681839.78
2024-09-03 05:00:00+00:00,0.4251,0.4274,0.4233,0.4257,2598128.12
2024-09-03 06:00:00+00:00,0.4257,0.4262,0.4218,0.422,3387136.05
2024-09-03 07:00:00+00:00,0.422,0.428,0.422,0.4279,1777817.41
2024-09-03 08:00:00+00:00,0.4279,0.4279,0.4192,0.4201,3616439.37
2024-09-03 09:00:00+00:00,0.4201,0.4212,0.4164,0.4178,4336396.91
2024-09-03 10:00:00+00:00,0.4178,0.421,0.417,0.4182,1514521.33
2024-09-03 11:00:00+00:00,0.4182,0.4212,0.4177,0.4203,1384955.48
2024-09-03 12:00:00+00:00,0.4203,0.4231,0.419,0.4191,1480323.12
2024-09-03 13:00:00+00:00,0.4191,0.4218,0.4099,0.4112,6821884.38
2024-09-03 14:00:00+00:00,0.4112,0.4113,0.4011,0.405,15824935.18
2024-09-03 15:00:00+00:00,0.405,0.408,0.3987,0.4013,13188029.81
2024-09-03 16:00:00+00:00,0.4013,0.4043,0.3996,0.4005,4160054.79
2024-09-03 17:00:00+00:00,0.4005,0.4056,0.4004,0.4007,3180592.62
2024-09-03 18:00:00+00:00,0.4007,0.4011,0.3984,0.3989,3093301.36
2024-09-03 19:00:00+00:00,0.3989,0.4019,0.3966,0.3988,3818251.39
2024-09-03 20:00:00+00:00,0.3988,0.4018,0.3976,0.3991,3107071.37
2024-09-03 21:00:00+00:00,0.3991,0.3999,0.3956,0.3978,3112549.58
2024-09-03 22:00:00+00:00,0.3978,0.3983,0.3954,0.3957,2977117.22
2024-09-03 23:00:00+00:00,0.3957,0.396,0.3888,0.3897,7143798.34
2024-09-04 00:00:00+00:00,0.3897,0.3934,0.3832,0.3835,7436160.56
2024-09-04 01:00:00+00:00,0.3835,0.3837,0.3701,0.3804,33959332.48
2024-09-04 02:00:00+00:00,0.3804,0.3837,0.3777,0.382,4916692.14
2024-09-04 03:00:00+00:00,0.382,0.3875,0.3817,0.387,6213782.45
2024-09-04 04:00:00+00:00,0.387,0.3877,0.3856,0.386,3173445.44
2024-09-04 05:00:00+00:00,0.386,0.386,0.3808,0.381,3852954.29
2024-09-04 06:00:00+00:00,0.381,0.3852,0.3809,0.3823,2804810.92
2024-09-04 07:00:00+00:00,0.3823,0.3887,0.382,0.3869,3362481.33
2024-09-04 08:00:00+00:00,0.3869,0.3934,0.3867,0.3929,4481663.83
2024-09-04 09:00:00+00:00,0.3929,0.3941,0.3893,0.39,3527602.26
2024-09-04 10:00:00+00:00,0.39,0.3929,0.3876,0.3879,3322368.75
2024-09-04 11:00:00+00:00,0.3879,0.3915,0.3873,0.3897,4564312.83
2024-09-04 12:00:00+00:00,0.3897,0.3906,0.3876,0.3877,2411422.68
2024-09-04 13:00:00+00:00,0.3877,0.3899,0.3864,0.3889,3038251.9
2024-09-04 14:00:00+00:00,0.3889,0.4024,0.3869,0.4002,8199531.93
2024-09-04 15:00:00+00:00,0.4002,0.4048,0.3982,0.404,6110314.18
2024-09-04 16:00:00+00:00,0.404,0.4132,0.4012,0.4076,8814744.03
2024-09-04 17:00:00+00:00,0.4076,0.4088,0.3991,0.3994,4162758.05
2024-09-04 18:00:00+00:00,0.3994,0.4014,0.3952,0.3958,3281245.46
2024-09-04 19:00:00+00:00,0.3958,0.4001,0.3955,0.3998,3080944.17
2024-09-04 20:00:00+00:00,0.3998,0.4006,0.3973,0.3997,2218939.51
2024-09-04 21:00:00+00:00,0.3997,0.4014,0.3975,0.401,1700625.61
2024-09-04 22:00:00+00:00,0.401,0.4042,0.4001,0.4011,3339247.88
2024-09-04 23:00:00+00:00,0.4011,0.4013,0.3971,0.3986,1396722.5
2024-09-05 00:00:00+00:00,0.3986,0.4008,0.3955,0.3956,1366715.1
2024-09-05 01:00:00+00:00,0.3956,0.3993,0.3954,0.3973,1810023.8
2024-09-05 02:00:00+00:00,0.3973,0.3977,0.3933,0.3935,1635444.81
2024-09-05 03:00:00+00:00,0.3935,0.3935,0.3881,0.389,4285701.6
2024-09-05 04:00:00+00:00,0.389,0.3918,0.3883,0.3906,1602212.48
2024-09-05 05:00:00+00:00,0.3906,0.3912,0.3887,0.3901,975689.82
2024-09-05 06:00:00+00:00,0.3901,0.3901,0.3846,0.3886,2411283.36
2024-09-05 07:00:00+00:00,0.3886,0.3963,0.3882,0.3954,6490392.35
2024-09-05 08:00:00+00:00,0.3954,0.3982,0.3933,0.3946,2916660.26
2024-09-05 09:00:00+00:00,0.3946,0.3954,0.3914,0.3944,1939509.09
2024-09-05 10:00:00+00:00,0.3944,0.3954,0.3923,0.3936,1222891.37
2024-09-05 11:00:00+00:00,0.3936,0.395,0.3923,0.3937,1922280.48
2024-09-05 12:00:00+00:00,0.3937,0.3964,0.3921,0.3945,2937509.66
2024-09-05 13:00:00+00:00,0.3945,0.3967,0.3918,0.3953,2859334.1
2024-09-05 14:00:00+00:00,0.3953,0.3976,0.388,0.3883,4401097.71
2024-09-05 15:00:00+00:00,0.3883,0.3901,0.383,0.3866,6431478.49
2024-09-05 16:00:00+00:00,0.3866,0.3882,0.3813,0.3836,4732412.09
2024-09-05 17:00:00+00:00,0.3836,0.387,0.3826,0.3867,1872431.6
2024-09-05 18:00:00+00:00,0.3867,0.3882,0.385,0.3867,2096913.61
2024-09-05 19:00:00+00:00,0.3867,0.3867,0.3794,0.3811,7357966.37
2024-09-05 20:00:00+00:00,0.3811,0.3833,0.3809,0.3813,1521781.3
2024-09-05 21:00:00+00:00,0.3813,0.3829,0.3799,0.3827,1634570.76
2024-09-05 22:00:00+00:00,0.3827,0.383,0.3776,0.3809,6074130.58
2024-09-05 23:00:00+00:00,0.3809,0.3822,0.3803,0.3806,2121818.27
2024-09-06 00:00:00+00:00,0.3806,0.3821,0.378,0.3811,1985949.76
2024-09-06 01:00:00+00:00,0.3811,0.3861,0.3794,0.3853,5075572.0
2024-09-06 02:00:00+00:00,0.3853,0.3898,0.3844,0.3885,2710510.62
2024-09-06 03:00:00+00:00,0.3885,0.3892,0.3858,0.3858,1421936.98
2024-09-06 04:00:00+00:00,0.3858,0.3878,0.3852,0.3868,1365672.5
2024-09-06 05:00:00+00:00,0.3868,0.3877,0.3848,0.3863,1397666.65
2024-09-06 06:00:00+00:00,0.3863,0.3869,0.3846,0.3869,1290224.75
2024-09-06 07:00:00+00:00,0.3869,0.3872,0.3796,0.3829,7750486.7
2024-09-06 08:00:00+00:00,0.3829,0.3858,0.3827,0.3846,1826898.27
2024-09-06 09:00:00+00:00,0.3846,0.3854,0.3823,0.3849,1651308.11
2024-09-06 10:00:00+00:00,0.3849,0.3906,0.3844,0.3885,4277657.31
2024-09-06 11:00:00+00:00,0.3885,0.3899,0.3861,0.3863,2381997.45
2024-09-06 12:00:00+00:00,0.3863,0.3985,0.3854,0.3983,12854081.3
2024-09-06 13:00:00+00:00,0.3983,0.3994,0.388,0.388,7749522.53
2024-09-06 14:00:00+00:00,0.388,0.388,0.3777,0.3818,19125533.35
2024-09-06 15:00:00+00:00,0.3818,0.3866,0.3769,0.3866,10199483.66
2024-09-06 16:00:00+00:00,0.3866,0.3866,0.3763,0.3785,6616205.99
2024-09-06 17:00:00+00:00,0.3785,0.3819,0.3756,0.378,6072162.56
2024-09-06 18:00:00+00:00,0.378,0.3782,0.3689,0.3689,8122043.14
2024-09-06 19:00:00+00:00,0.3689,0.3729,0.3657,0.3705,11590376.14
2024-09-06 20:00:00+00:00,0.3705,0.3724,0.3593,0.3601,11058492.51
2024-09-06 21:00:00+00:00,0.3601,0.3734,0.3571,0.3733,18305017.34
2024-09-06 22:00:00+00:00,0.3733,0.3751,0.3694,0.3695,5193743.48
2024-09-06 23:00:00+00:00,0.3695,0.3711,0.369,0.3698,2085138.28
2024-09-07 00:00:00+00:00,0.3698,0.373,0.3696,0.3708,2010480.37
2024-09-07 01:00:00+00:00,0.3708,0.3716,0.3681,0.3694,2353649.64
2024-09-07 02:00:00+00:00,0.3694,0.3723,0.3693,0.3717,891925.5
2024-09-07 03:00:00+00:00,0.3717,0.3728,0.3706,0.3706,957518.89
2024-09-07 04:00:00+00:00,0.3706,0.3746,0.3705,0.3746,1342530.95
2024-09-07 05:00:00+00:00,0.3746,0.3774,0.3742,0.3763,2132434.74
2024-09-07 06:00:00+00:00,0.3763,0.385,0.3754,0.3849,7799226.74
2024-09-07 07:00:00+00:00,0.3849,0.3857,0.3826,0.3844,4741073.3
2024-09-07 08:00:00+00:00,0.3844,0.3854,0.3819,0.3842,1654730.42
2024-09-07 09:00:00+00:00,0.3842,0.3891,0.3839,0.3854,4716898.18
2024-09-07 10:00:00+00:00,0.3854,0.3865,0.3849,0.3857,1702055.05
2024-09-07 11:00:00+00:00,0.3857,0.3864,0.384,0.3852,2503373.75
2024-09-07 12:00:00+00:00,0.3852,0.3896,0.3852,0.3894,3068997.76
2024-09-07 13:00:00+00:00,0.3894,0.3902,0.3876,0.3897,2500743.98
2024-09-07 14:00:00+00:00,0.3897,0.3928,0.3889,0.3921,2990806.72
2024-09-07 15:00:00+00:00,0.3921,0.3951,0.3906,0.3907,4084321.74
2024-09-07 16:00:00+00:00,0.3907,0.3921,0.3884,0.3891,3918870.08
2024-09-07 17:00:00+00:00,0.3891,0.39,0.3838,0.3847,3260277.96
2024-09-07 18:00:00+00:00,0.3847,0.3866,0.3835,0.3852,2586171.89
2024-09-07 19:00:00+00:00,0.3852,0.389,0.3849,0.3889,1767677.96
2024-09-07 20:00:00+00:00,0.3889,0.3889,0.3865,0.3871,1885115.13
2024-09-07 21:00:00+00:00,0.3871,0.3872,0.3843,0.3849,1542136.57
2024-09-07 22:00:00+00:00,0.3849,0.3861,0.383,0.3832,1793889.34
2024-09-07 23:00:00+00:00,0.3832,0.3863,0.382,0.386,2137188.65
2024-09-08 00:00:00+00:00,0.386,0.3879,0.3836,0.3857,1980876.14
2024-09-08 01:00:00+00:00,0.3857,0.389,0.3857,0.3888,1548469.83
2024-09-08 02:00:00+00:00,0.3888,0.3905,0.3881,0.3899,1326505.89
2024-09-08 03:00:00+00:00,0.3899,0.3946,0.3899,0.3945,3087274.3
2024-09-08 04:00:00+00:00,0.3945,0.409,0.3943,0.4057,13470821.94
2024-09-08 05:00:00+00:00,0.4057,0.4069,0.4002,0.4003,3636814.6
2024-09-08 06:00:00+00:00,0.4003,0.4042,0.4002,0.4011,1817070.63
2024-09-08 07:00:00+00:00,0.4011,0.4152,0.4005,0.4102,8830832.83
2024-09-08 08:00:00+00:00,0.4102,0.412,0.4066,0.4118,4514685.57
2024-09-08 09:00:00+00:00,0.4118,0.4155,0.4106,0.4107,5506450.67
2024-09-08 10:00:00+00:00,0.4107,0.4124,0.406,0.408,7664385.12
2024-09-08 11:00:00+00:00,0.408,0.4081,0.4044,0.4059,2372936.22
2024-09-08 12:00:00+00:00,0.4059,0.4074,0.3989,0.3998,5957770.77
2024-09-08 13:00:00+00:00,0.3998,0.4018,0.3978,0.4013,3677489.14
2024-09-08 14:00:00+00:00,0.4013,0.4035,0.4,0.4001,3745375.34
2024-09-08 15:00:00+00:00,0.4001,0.4045,0.3969,0.3974,8835953.01
2024-09-08 16:00:00+00:00,0.3974,0.4004,0.3936,0.3979,6101832.34
2024-09-08 17:00:00+00:00,0.3979,0.405,0.3972,0.404,5902121.47
2024-09-08 18:00:00+00:00,0.404,0.4061,0.4011,0.4055,3680627.5
2024-09-08 19:00:00+00:00,0.4055,0.4082,0.4047,0.4048,3180863.55
2024-09-08 20:00:00+00:00,0.4048,0.4087,0.4038,0.408,2927259.52
2024-09-08 21:00:00+00:00,0.408,0.4103,0.4071,0.4076,2358763.4
2024-09-08 22:00:00+00:00,0.4076,0.4196,0.4065,0.4093,9525941.54
2024-09-08 23:00:00+00:00,0.4093,0.4155,0.4087,0.4133,3886274.07
2024-09-09 00:00:00+00:00,0.4133,0.4196,0.4127,0.4179,3703560.87
2024-09-09 01:00:00+00:00,0.4179,0.4243,0.4177,0.4239,5728470.15
2024-09-09 02:00:00+00:00,0.4239,0.4258,0.4217,0.4229,3476576.54
2024-09-09 03:00:00+00:00,0.4229,0.4301,0.4203,0.4293,7483970.64
2024-09-09 04:00:00+00:00,0.4293,0.4305,0.4239,0.4294,5804009.85
2024-09-09 05:00:00+00:00,0.4294,0.4315,0.4265,0.4284,4359598.98
2024-09-09 06:00:00+00:00,0.4284,0.4351,0.4273,0.435,5390196.85
2024-09-09 07:00:00+00:00,0.435,0.4386,0.433,0.4373,7309724.61
2024-09-09 08:00:00+00:00,0.4373,0.4466,0.437,0.4457,11808906.3
2024-09-09 09:00:00+00:00,0.4457,0.4493,0.44,0.4403,8764243.07
2024-09-09 10:00:00+00:00,0.4403,0.4449,0.4388,0.4409,7848496.95
2024-09-09 11:00:00+00:00,0.4409,0.4451,0.4392,0.4441,8658045.21
2024-09-09 12:00:00+00:00,0.4441,0.4473,0.4416,0.4461,7801057.3
2024-09-09 13:00:00+00:00,0.4461,0.4461,0.442,0.4447,5763597.87
2024-09-09 14:00:00+00:00,0.4447,0.4463,0.4375,0.441,8280925.06
2024-09-09 15:00:00+00:00,0.441,0.4521,0.4406,0.4482,8748748.95
2024-09-09 16:00:00+00:00,0.4482,0.4597,0.4481,0.4561,15512908.42
2024-09-09 17:00:00+00:00,0.4561,0.4575,0.453,0.4542,6406209.08
2024-09-09 18:00:00+00:00,0.4542,0.4588,0.4536,0.4563,6351257.18
2024-09-09 19:00:00+00:00,0.4563,0.4708,0.4554,0.4676,16454423.97
2024-09-09 20:00:00+00:00,0.4676,0.4706,0.462,0.4701,11011712.41
2024-09-09 21:00:00+00:00,0.4701,0.4886,0.4695,0.483,26771006.61
2024-09-09 22:00:00+00:00,0.483,0.4884,0.4808,0.4857,9860529.05
2024-09-09 23:00:00+00:00,0.4857,0.4872,0.4831,0.4844,5748791.53
2024-09-10 00:00:00+00:00,0.4844,0.4873,0.4758,0.485,13166418.41
2024-09-10 01:00:00+00:00,0.485,0.4888,0.4826,0.4845,5334571.24
2024-09-10 02:00:00+00:00,0.4845,0.4845,0.4798,0.4802,4124845.16
2024-09-10 03:00:00+00:00,0.4802,0.485,0.4801,0.4817,2104811.95
2024-09-10 04:00:00+00:00,0.4817,0.4858,0.4807,0.4824,4033478.76
2024-09-10 05:00:00+00:00,0.4824,0.4889,0.4812,0.4875,4000302.95
2024-09-10 06:00:00+00:00,0.4875,0.4878,0.481,0.4815,3685773.78
2024-09-10 07:00:00+00:00,0.4815,0.4866,0.4803,0.4853,3239602.82
2024-09-10 08:00:00+00:00,0.4853,0.4873,0.4833,0.4839,3258678.49
2024-09-10 09:00:00+00:00,0.4839,0.4935,0.4814,0.4887,9521716.12
2024-09-10 10:00:00+00:00,0.4887,0.493,0.4847,0.4926,9023102.84
2024-09-10 11:00:00+00:00,0.4926,0.4972,0.4893,0.4952,5354859.66
2024-09-10 12:00:00+00:00,0.4952,0.496,0.4836,0.4844,4924950.89
2024-09-10 13:00:00+00:00,0.4844,0.4886,0.4807,0.4875,9796041.62
2024-09-10 14:00:00+00:00,0.4875,0.4925,0.4837,0.4852,11204813.94
2024-09-10 15:00:00+00:00,0.4852,0.4905,0.4837,0.4856,6631151.06
2024-09-10 16:00:00+00:00,0.4856,0.4955,0.4855,0.4921,7847779.18
2024-09-10 17:00:00+00:00,0.4921,0.4964,0.4917,0.4941,4409824.46
2024-09-10 18:00:00+00:00,0.4941,0.5153,0.493,0.5075,19572541.79
2024-09-10 19:00:00+00:00,0.5075,0.5082,0.499,0.5038,6094363.1
2024-09-10 20:00:00+00:00,0.5038,0.5039,0.4965,0.4969,3999807.13
2024-09-10 21:00:00+00:00,0.4969,0.4975,0.4914,0.4929,6472957.07
2024-09-10 22:00:00+00:00,0.4929,0.5007,0.4927,0.4992,4324863.01
2024-09-10 23:00:00+00:00,0.4992,0.502,0.499,0.5011,1919054.04
2024-09-11 00:00:00+00:00,0.5011,0.5022,0.497,0.4981,2543938.14
2024-09-11 01:00:00+00:00,0.4981,0.4982,0.489,0.4907,6140170.08
2024-09-11 02:00:00+00:00,0.4907,0.4929,0.4889,0.4902,2817765.03
2024-09-11 03:00:00+00:00,0.4902,0.4905,0.4862,0.4879,2817654.73
2024-09-11 04:00:00+00:00,0.4879,0.4881,0.4811,0.4833,8759334.92
2024-09-11 05:00:00+00:00,0.4833,0.4848,0.4785,0.483,5307591.42
2024-09-11 06:00:00+00:00,0.483,0.4899,0.4825,0.4877,4679065.15
2024-09-11 07:00:00+00:00,0.4877,0.4927,0.4852,0.4881,7701876.06
2024-09-11 08:00:00+00:00,0.4881,0.4889,0.4838,0.4843,2817506.83
2024-09-11 09:00:00+00:00,0.4843,0.4883,0.4843,0.4878,3521963.99
2024-09-11 10:00:00+00:00,0.4878,0.4888,0.4845,0.4876,3336961.72
2024-09-11 11:00:00+00:00,0.4876,0.4917,0.4876,0.4884,3118149.82
2024-09-11 12:00:00+00:00,0.4884,0.4898,0.482,0.4881,6257826.99
2024-09-11 13:00:00+00:00,0.4881,0.4975,0.4758,0.4765,13412502.26
2024-09-11 14:00:00+00:00,0.4765,0.4871,0.476,0.4838,10355375.01
2024-09-11 15:00:00+00:00,0.4838,0.494,0.4812,0.4894,7140305.87
2024-09-11 16:00:00+00:00,0.4894,0.4917,0.4833,0.4843,7043331.71
2024-09-11 17:00:00+00:00,0.4843,0.4878,0.4818,0.4861,9054328.47
2024-09-11 18:00:00+00:00,0.4861,0.4922,0.4843,0.4853,8747800.59
2024-09-11 19:00:00+00:00,0.4853,0.4902,0.4839,0.4845,2672239.65
2024-09-11 20:00:00+00:00,0.4845,0.487,0.4836,0.4838,1138189.13
2024-09-11 21:00:00+00:00,0.4838,0.4848,0.482,0.483,2021766.82
2024-09-11 22:00:00+00:00,0.483,0.4838,0.4798,0.4828,3572187.27
2024-09-11 23:00:00+00:00,0.4828,0.4841,0.4793,0.4795,1690578.11
2024-09-12 00:00:00+00:00,0.4795,0.4843,0.4767,0.4836,6560974.88
2024-09-12 01:00:00+00:00,0.4836,0.4879,0.481,0.4835,3385965.32
2024-09-12 02:00:00+00:00,0.4835,0.4866,0.4744,0.4805,6046681.32
2024-09-12 03:00:00+00:00,0.4805,0.4841,0.4799,0.4834,3529047.84
2024-09-12 04:00:00+00:00,0.4834,0.4894,0.482,0.4877,3697703.26
2024-09-12 05:00:00+00:00,0.4877,0.4949,0.4865,0.491,5872201.84
2024-09-12 06:00:00+00:00,0.491,0.4919,0.4862,0.4877,3590398.32
2024-09-12 07:00:00+00:00,0.4877,0.4889,0.4852,0.4857,3021729.8
2024-09-12 08:00:00+00:00,0.4857,0.4888,0.4852,0.4865,3308881.41
2024-09-12 09:00:00+00:00,0.4865,0.4947,0.4857,0.4881,6768044.69
2024-09-12 10:00:00+00:00,0.4881,0.4913,0.4877,0.4903,3245610.87
2024-09-12 11:00:00+00:00,0.4903,0.4951,0.4871,0.4874,8289564.18
2024-09-12 12:00:00+00:00,0.4874,0.4879,0.4814,0.4839,5098177.43
2024-09-12 13:00:00+00:00,0.4839,0.4854,0.4796,0.4817,2857457.88
2024-09-12 14:00:00+00:00,0.4817,0.4921,0.4812,0.4819,6184671.42
2024-09-12 15:00:00+00:00,0.4819,0.4856,0.4761,0.4765,4915206.97
2024-09-12 16:00:00+00:00,0.4765,0.4897,0.4765,0.4893,6683739.9
2024-09-12 17:00:00+00:00,0.4893,0.4939,0.4852,0.4911,6634634.27
2024-09-12 18:00:00+00:00,0.4911,0.4938,0.4881,0.4904,6583053.87
2024-09-12 19:00:00+00:00,0.4904,0.4923,0.4893,0.492,2085144.98
2024-09-12 20:00:00+00:00,0.492,0.4925,0.4877,0.4885,1198472.02
2024-09-12 21:00:00+00:00,0.4885,0.4916,0.4872,0.4901,1634763.69
2024-09-12 22:00:00+00:00,0.4901,0.4959,0.49,0.4949,2568216.28
2024-09-12 23:00:00+00:00,0.4949,0.4979,0.4939,0.4966,3518821.27
2024-09-13 00:00:00+00:00,0.4966,0.4972,0.4878,0.4879,4501095.44
2024-09-13 01:00:00+00:00,0.4879,0.489,0.4824,0.4826,3496237.36
2024-09-13 02:00:00+00:00,0.4826,0.4884,0.4819,0.4859,5676742.71
2024-09-13 03:00:00+00:00,0.4859,0.4863,0.4818,0.4823,2517534.96
2024-09-13 04:00:00+00:00,0.4823,0.4876,0.4802,0.4804,5974715.34
2024-09-13 05:00:00+00:00,0.4804,0.4833,0.4803,0.4814,1706092.77
2024-09-13 06:00:00+00:00,0.4814,0.4825,0.4794,0.4794,1813600.76
2024-09-13 07:00:00+00:00,0.4794,0.484,0.4792,0.4829,1917643.66
2024-09-13 08:00:00+00:00,0.4829,0.4848,0.4807,0.4808,1280630.1
2024-09-13 09:00:00+00:00,0.4808,0.4832,0.4786,0.4786,2591642.69
2024-09-13 10:00:00+00:00,0.4786,0.482,0.4782,0.4815,2551975.35
2024-09-13 11:00:00+00:00,0.4815,0.4815,0.4784,0.4788,2409270.71
2024-09-13 12:00:00+00:00,0.4788,0.4796,0.4735,0.4778,6742204.86
2024-09-13 13:00:00+00:00,0.4778,0.481,0.4745,0.4796,4696799.71
2024-09-13 14:00:00+00:00,0.4796,0.4831,0.4766,0.4812,3394806.83
2024-09-13 15:00:00+00:00,0.4812,0.4997,0.4811,0.4988,11080936.99
2024-09-13 16:00:00+00:00,0.4988,0.5072,0.4889,0.4899,12595683.07
2024-09-13 17:00:00+00:00,0.4899,0.4951,0.4892,0.4894,5178089.72
2024-09-13 18:00:00+00:00,0.4894,0.501,0.4885,0.4948,5901303.51
2024-09-13 19:00:00+00:00,0.4948,0.4957,0.4899,0.4908,3038673.95
2024-09-13 20:00:00+00:00,0.4908,0.4951,0.4903,0.4941,1355898.49
2024-09-13 21:00:00+00:00,0.4941,0.5018,0.4938,0.5006,3668482.25
2024-09-13 22:00:00+00:00,0.5006,0.5036,0.4999,0.5012,2772102.76
2024-09-13 23:00:00+00:00,0.5012,0.5016,0.4979,0.4984,2452728.56
2024-09-14 00:00:00+00:00,0.4984,0.499,0.4926,0.494,2257625.14
2024-09-14 01:00:00+00:00,0.494,0.4951,0.4903,0.4903,1661480.04
2024-09-14 02:00:00+00:00,0.4903,0.4937,0.4903,0.4915,1597345.07
2024-09-14 03:00:00+00:00,0.4915,0.4952,0.4898,0.4902,5822197.75
2024-09-14 04:00:00+00:00,0.4902,0.4904,0.486,0.4871,6926782.18
2024-09-14 05:00:00+00:00,0.4871,0.4883,0.4846,0.4847,5969074.54
2024-09-14 06:00:00+00:00,0.4847,0.4862,0.4819,0.4824,1703369.18
2024-09-14 07:00:00+00:00,0.4824,0.4831,0.48,0.4808,2629426.4
2024-09-14 08:00:00+00:00,0.4808,0.4824,0.4776,0.4793,3403921.63
2024-09-14 09:00:00+00:00,0.4793,0.4823,0.4779,0.4821,2933014.26
2024-09-14 10:00:00+00:00,0.4821,0.4821,0.474,0.4766,3435591.22
2024-09-14 11:00:00+00:00,0.4766,0.4766,0.4672,0.4693,7018287.13
2024-09-14 12:00:00+00:00,0.4693,0.4772,0.4681,0.4731,6351612.39
2024-09-14 13:00:00+00:00,0.4731,0.4739,0.4685,0.4694,4999040.74
2024-09-14 14:00:00+00:00,0.4694,0.4738,0.4679,0.4724,2690961.89
2024-09-14 15:00:00+00:00,0.4724,0.4767,0.4723,0.4744,2681025.86
2024-09-14 16:00:00+00:00,0.4744,0.4768,0.4714,0.4725,4047002.93
2024-09-14 17:00:00+00:00,0.4725,0.4727,0.4702,0.4716,1874040.91
2024-09-14 18:00:00+00:00,0.4716,0.472,0.4675,0.4711,4546104.17
2024-09-14 19:00:00+00:00,0.4711,0.4714,0.4693,0.4705,1442325.8
2024-09-14 20:00:00+00:00,0.4705,0.4731,0.4696,0.4723,1479805.15
2024-09-14 21:00:00+00:00,0.4723,0.4729,0.4713,0.4724,1500980.38
2024-09-14 22:00:00+00:00,0.4724,0.4742,0.4701,0.474,1709581.38
2024-09-14 23:00:00+00:00,0.474,0.4749,0.4726,0.4726,1176861.02
2024-09-15 00:00:00+00:00,0.4726,0.477,0.4725,0.4749,2323103.38
2024-09-15 01:00:00+00:00,0.4749,0.4799,0.4749,0.4791,2446977.9
2024-09-15 02:00:00+00:00,0.4791,0.4842,0.4776,0.484,3849410.37
2024-09-15 03:00:00+00:00,0.484,0.4896,0.4823,0.4845,5577104.02
2024-09-15 04:00:00+00:00,0.4845,0.4852,0.481,0.4811,2300208.02
2024-09-15 05:00:00+00:00,0.4811,0.4842,0.481,0.4836,1321098.01
2024-09-15 06:00:00+00:00,0.4836,0.4896,0.4829,0.4886,2781083.49
2024-09-15 07:00:00+00:00,0.4886,0.4925,0.4869,0.4908,5921993.98
2024-09-15 08:00:00+00:00,0.4908,0.4927,0.4883,0.4898,3693941.45
2024-09-15 09:00:00+00:00,0.4898,0.4938,0.4871,0.4937,4057441.14
2024-09-15 10:00:00+00:00,0.4937,0.4946,0.489,0.4907,2807457.28
2024-09-15 11:00:00+00:00,0.4907,0.4993,0.4882,0.4992,7213659.27
2024-09-15 12:00:00+00:00,0.4992,0.5011,0.497,0.4996,8319969.83
2024-09-15 13:00:00+00:00,0.4996,0.5248,0.4994,0.5183,33645175.33
2024-09-15 14:00:00+00:00,0.5183,0.5261,0.5143,0.522,18295446.31
2024-09-15 15:00:00+00:00,0.522,0.5263,0.5192,0.5237,7851498.4
2024-09-15 16:00:00+00:00,0.5237,0.524,0.5149,0.5156,8256816.02
2024-09-15 17:00:00+00:00,0.5156,0.5176,0.5096,0.5133,8139010.04
2024-09-15 18:00:00+00:00,0.5133,0.523,0.5128,0.5205,7669407.96
2024-09-15 19:00:00+00:00,0.5205,0.5219,0.5128,0.5134,5042902.57
2024-09-15 20:00:00+00:00,0.5134,0.5134,0.5079,0.51,5757732.7
2024-09-15 21:00:00+00:00,0.51,0.5103,0.5032,0.5084,4281412.61
2024-09-15 22:00:00+00:00,0.5084,0.5129,0.5059,0.5114,3329909.12
2024-09-15 23:00:00+00:00,0.5114,0.5114,0.5011,0.5056,7784309.55
2024-09-16 00:00:00+00:00,0.5056,0.5077,0.501,0.5041,4478477.7
2024-09-16 01:00:00+00:00,0.5041,0.5044,0.493,0.4955,6734296.53
2024-09-16 02:00:00+00:00,0.4955,0.496,0.4824,0.4833,8508394.27
2024-09-16 03:00:00+00:00,0.4833,0.4854,0.4813,0.485,5983123.17
2024-09-16 04:00:00+00:00,0.485,0.491,0.4841,0.4852,4076584.92
2024-09-16 05:00:00+00:00,0.4852,0.4952,0.4848,0.4948,7394554.86
2024-09-16 06:00:00+00:00,0.4948,0.4949,0.4889,0.4893,7466980.54
2024-09-16 07:00:00+00:00,0.4893,0.5089,0.4889,0.5077,9288350.29
2024-09-16 08:00:00+00:00,0.5077,0.5134,0.5044,0.5104,13980688.05
2024-09-16 09:00:00+00:00,0.5104,0.5185,0.5068,0.5095,17077492.02
2024-09-16 10:00:00+00:00,0.5095,0.5149,0.507,0.511,10127263.18
2024-09-16 11:00:00+00:00,0.511,0.513,0.5069,0.5109,6025905.18
2024-09-16 12:00:00+00:00,0.5109,0.5205,0.51,0.5159,15668837.54
2024-09-16 13:00:00+00:00,0.5159,0.5231,0.508,0.5229,14522714.59
2024-09-16 14:00:00+00:00,0.5229,0.5243,0.5082,0.5154,18989343.58
2024-09-16 15:00:00+00:00,0.5154,0.5336,0.5137,0.5249,19443958.74
2024-09-16 16:00:00+00:00,0.5249,0.528,0.5149,0.5185,11538070.73
2024-09-16 17:00:00+00:00,0.5185,0.5219,0.5088,0.521,13812258.28
2024-09-16 18:00:00+00:00,0.521,0.5211,0.5137,0.5163,4417590.78
2024-09-16 19:00:00+00:00,0.5163,0.5166,0.5107,0.5148,3305093.29
2024-09-16 20:00:00+00:00,0.5148,0.5148,0.505,0.5051,5680460.32
2024-09-16 21:00:00+00:00,0.5051,0.5126,0.5036,0.5118,4367240.37
2024-09-16 22:00:00+00:00,0.5118,0.5133,0.5086,0.5127,2665080.19
2024-09-16 23:00:00+00:00,0.5127,0.522,0.5127,0.5203,3970866.79
2024-09-17 00:00:00+00:00,0.5203,0.5268,0.515,0.5152,6404231.7
2024-09-17 01:00:00+00:00,0.5152,0.5186,0.513,0.5146,2961237.97
2024-09-17 02:00:00+00:00,0.5146,0.5192,0.5118,0.5151,2430644.63
2024-09-17 03:00:00+00:00,0.5151,0.5218,0.5129,0.5205,4363879.95
2024-09-17 04:00:00+00:00,0.5205,0.5407,0.5173,0.5364,14870442.83
2024-09-17 05:00:00+00:00,0.5364,0.5582,0.5321,0.5543,20583276.1
2024-09-17 06:00:00+00:00,0.5543,0.5555,0.5469,0.5522,12060404.7
2024-09-17 07:00:00+00:00,0.5522,0.5648,0.5486,0.5595,10780336.58
2024-09-17 08:00:00+00:00,0.5595,0.568,0.5592,0.564,11423808.66
2024-09-17 09:00:00+00:00,0.564,0.5694,0.5634,0.5681,7494185.69
2024-09-17 10:00:00+00:00,0.5681,0.5682,0.5589,0.5629,12302628.36
2024-09-17 11:00:00+00:00,0.5629,0.5638,0.5562,0.5593,9602256.74
2024-09-17 12:00:00+00:00,0.5593,0.5645,0.5587,0.5623,6199433.52
2024-09-17 13:00:00+00:00,0.5623,0.5625,0.5494,0.5517,11412056.4
2024-09-17 14:00:00+00:00,0.5517,0.5738,0.5505,0.5713,15962708.34
2024-09-17 15:00:00+00:00,0.5713,0.5808,0.5673,0.5703,15926180.39
2024-09-17 16:00:00+00:00,0.5703,0.571,0.5646,0.565,9541236.43
2024-09-17 17:00:00+00:00,0.565,0.567,0.5593,0.5593,6060714.13
2024-09-17 18:00:00+00:00,0.5593,0.5683,0.5589,0.5669,10467512.45
2024-09-17 19:00:00+00:00,0.5669,0.5762,0.5645,0.5697,12982029.25
2024-09-17 20:00:00+00:00,0.5697,0.5798,0.5685,0.5744,9263336.35
2024-09-17 21:00:00+00:00,0.5744,0.5874,0.5738,0.5832,6917084.0
2024-09-17 22:00:00+00:00,0.5832,0.5881,0.5746,0.578,7672491.73
2024-09-17 23:00:00+00:00,0.578,0.579,0.5725,0.5754,3136565.96
2024-09-18 00:00:00+00:00,0.5754,0.5754,0.5673,0.5729,5224435.26
2024-09-18 01:00:00+00:00,0.5729,0.582,0.5699,0.5767,7950273.82
2024-09-18 02:00:00+00:00,0.5767,0.5804,0.5733,0.5739,3847181.72
2024-09-18 03:00:00+00:00,0.5739,0.5837,0.5738,0.5834,5623454.27
2024-09-18 04:00:00+00:00,0.5834,0.5855,0.5689,0.5726,11877242.33
2024-09-18 05:00:00+00:00,0.5726,0.5802,0.5706,0.5765,6241334.14
2024-09-18 06:00:00+00:00,0.5765,0.5781,0.5694,0.5729,5595726.72
2024-09-18 07:00:00+00:00,0.5729,0.5733,0.564,0.5678,6399701.37
2024-09-18 08:00:00+00:00,0.5678,0.5685,0.564,0.5649,6661910.13
2024-09-18 09:00:00+00:00,0.5649,0.5671,0.5564,0.5583,8219168.54
2024-09-18 10:00:00+00:00,0.5583,0.5693,0.5582,0.5653,9341174.8
2024-09-18 11:00:00+00:00,0.5653,0.5687,0.5624,0.5665,2713464.94
2024-09-18 12:00:00+00:00,0.5665,0.5734,0.566,0.571,3581321.92
2024-09-18 13:00:00+00:00,0.571,0.5731,0.5633,0.5668,4825779.13
2024-09-18 14:00:00+00:00,0.5668,0.577,0.5663,0.572,5381271.81
2024-09-18 15:00:00+00:00,0.572,0.5749,0.5655,0.5702,5625382.22
2024-09-18 16:00:00+00:00,0.5702,0.5803,0.5667,0.5785,6349672.22
2024-09-18 17:00:00+00:00,0.5785,0.5968,0.5733,0.5884,11399291.66
2024-09-18 18:00:00+00:00,0.5884,0.6392,0.5845,0.6237,69938527.21
2024-09-18 19:00:00+00:00,0.6237,0.6244,0.6055,0.618,28024156.47
2024-09-18 20:00:00+00:00,0.618,0.6276,0.6111,0.6266,12366051.33
2024-09-18 21:00:00+00:00,0.6266,0.6573,0.6265,0.6419,22785201.98
2024-09-18 22:00:00+00:00,0.6419,0.6445,0.6344,0.6358,10383094.83
2024-09-18 23:00:00+00:00,0.6358,0.6512,0.635,0.6504,11918796.19
2024-09-19 00:00:00+00:00,0.6504,0.6668,0.6485,0.6492,20733027.13
2024-09-19 01:00:00+00:00,0.6492,0.6585,0.6465,0.6575,9741676.57
2024-09-19 02:00:00+00:00,0.6575,0.6641,0.6473,0.6614,9770954.35
2024-09-19 03:00:00+00:00,0.6614,0.6623,0.6473,0.6488,8000943.98
2024-09-19 04:00:00+00:00,0.6488,0.6639,0.6476,0.663,7163682.59
2024-09-19 05:00:00+00:00,0.663,0.6797,0.6627,0.6672,19807376.76
2024-09-19 06:00:00+00:00,0.6672,0.6712,0.6561,0.6562,9664559.09
2024-09-19 07:00:00+00:00,0.6562,0.6608,0.6501,0.6529,6438039.98
2024-09-19 08:00:00+00:00,0.6529,0.6541,0.6365,0.6366,10164376.06
2024-09-19 09:00:00+00:00,0.6366,0.6398,0.6327,0.6359,7892653.76
2024-09-19 10:00:00+00:00,0.6359,0.646,0.6344,0.6381,11309946.49
2024-09-19 11:00:00+00:00,0.6381,0.6471,0.6365,0.6419,5106253.77
2024-09-19 12:00:00+00:00,0.6419,0.6489,0.6371,0.6392,7332298.18
2024-09-19 13:00:00+00:00,0.6392,0.6426,0.6288,0.6318,8193477.08
2024-09-19 14:00:00+00:00,0.6318,0.6354,0.629,0.6317,4702414.18
2024-09-19 15:00:00+00:00,0.6317,0.6489,0.6311,0.6416,21189259.39
2024-09-19 16:00:00+00:00,0.6416,0.6463,0.6393,0.6436,5043978.61
2024-09-19 17:00:00+00:00,0.6436,0.6492,0.6416,0.6469,4969462.23
2024-09-19 18:00:00+00:00,0.6469,0.6517,0.6425,0.6448,4744745.92
2024-09-19 19:00:00+00:00,0.6448,0.6515,0.6438,0.6453,3554501.07
2024-09-19 20:00:00+00:00,0.6453,0.6457,0.6379,0.6383,4691614.25
2024-09-19 21:00:00+00:00,0.6383,0.6384,0.63,0.6304,3528057.35
2024-09-19 22:00:00+00:00,0.6304,0.6363,0.6296,0.6341,3724130.63
2024-09-19 23:00:00+00:00,0.6341,0.6369,0.6302,0.6304,3888545.04
2024-09-20 00:00:00+00:00,0.6304,0.6325,0.6225,0.626,6686643.42
2024-09-20 01:00:00+00:00,0.626,0.6362,0.6245,0.6348,6939045.93
2024-09-20 02:00:00+00:00,0.6348,0.646,0.6347,0.6404,9115561.66
2024-09-20 03:00:00+00:00,0.6404,0.6458,0.6375,0.6413,7356994.93
2024-09-20 04:00:00+00:00,0.6413,0.6491,0.6392,0.6491,7270823.26
2024-09-20 05:00:00+00:00,0.6491,0.6525,0.632,0.6368,16804080.67
2024-09-20 06:00:00+00:00,0.6368,0.6429,0.6349,0.6396,5849966.83
2024-09-20 07:00:00+00:00,0.6396,0.6428,0.6338,0.6397,6781798.22
2024-09-20 08:00:00+00:00,0.6397,0.6659,0.6396,0.6543,16577563.51
2024-09-20 09:00:00+00:00,0.6543,0.6756,0.6507,0.6684,16219692.77
2024-09-20 10:00:00+00:00,0.6684,0.6724,0.6478,0.6504,14451453.24
2024-09-20 11:00:00+00:00,0.6504,0.6504,0.6401,0.6425,7175015.42
2024-09-20 12:00:00+00:00,0.6425,0.6474,0.6372,0.6378,5362328.06
2024-09-20 13:00:00+00:00,0.6378,0.6538,0.6297,0.6472,12020654.59
2024-09-20 14:00:00+00:00,0.6472,0.6645,0.6451,0.6616,11508858.99
2024-09-20 15:00:00+00:00,0.6616,0.6624,0.6493,0.6502,7068960.93
2024-09-20 16:00:00+00:00,0.6502,0.6598,0.6402,0.6412,6358962.79
2024-09-20 17:00:00+00:00,0.6412,0.6467,0.6393,0.6415,4054840.6
2024-09-20 18:00:00+00:00,0.6415,0.6437,0.6362,0.6386,3625717.34
2024-09-20 19:00:00+00:00,0.6386,0.6437,0.6379,0.6399,2562683.38
2024-09-20 20:00:00+00:00,0.6399,0.6428,0.6374,0.6383,1569355.31
2024-09-20 21:00:00+00:00,0.6383,0.6517,0.638,0.6444,3742002.09
2024-09-20 22:00:00+00:00,0.6444,0.6468,0.6402,0.6413,1692236.39
2024-09-20 23:00:00+00:00,0.6413,0.6442,0.6398,0.6412,1628390.74
2024-09-21 00:00:00+00:00,0.6412,0.6501,0.6405,0.6408,4621030.98
2024-09-21 01:00:00+00:00,0.6408,0.6408,0.6313,0.6314,4340183.5
2024-09-21 02:00:00+00:00,0.6314,0.6394,0.6314,0.638,1649679.7
2024-09-21 03:00:00+00:00,0.638,0.639,0.6333,0.6352,1480553.76
2024-09-21 04:00:00+00:00,0.6352,0.6356,0.619,0.6222,13785954.7
2024-09-21 05:00:00+00:00,0.6222,0.6273,0.6221,0.6245,2763405.52
2024-09-21 06:00:00+00:00,0.6245,0.6328,0.6245,0.6311,3710839.96
2024-09-21 07:00:00+00:00,0.6311,0.6346,0.6305,0.6334,1816816.25
2024-09-21 08:00:00+00:00,0.6334,0.6358,0.6283,0.6299,6414738.79
2024-09-21 09:00:00+00:00,0.6299,0.6398,0.6295,0.6379,3195965.82
2024-09-21 10:00:00+00:00,0.6379,0.6417,0.6361,0.6378,2409696.33
2024-09-21 11:00:00+00:00,0.6378,0.6465,0.6371,0.6463,2937992.19
2024-09-21 12:00:00+00:00,0.6463,0.6563,0.6433,0.6483,4275468.34
2024-09-21 13:00:00+00:00,0.6483,0.6529,0.6432,0.6441,3789749.17
2024-09-21 14:00:00+00:00,0.6441,0.6554,0.6413,0.6517,6617890.36
2024-09-21 15:00:00+00:00,0.6517,0.6602,0.6485,0.6559,6244001.6
2024-09-21 16:00:00+00:00,0.6559,0.6586,0.6435,0.6477,6122934.85
2024-09-21 17:00:00+00:00,0.6477,0.6491,0.6448,0.6452,1636866.73
2024-09-21 18:00:00+00:00,0.6452,0.6515,0.6451,0.6476,2583082.75
2024-09-21 19:00:00+00:00,0.6476,0.6492,0.6433,0.6448,1594942.38
2024-09-21 20:00:00+00:00,0.6448,0.6573,0.6433,0.6559,8368661.04
2024-09-21 21:00:00+00:00,0.6559,0.6728,0.6557,0.6707,7576571.34
2024-09-21 22:00:00+00:00,0.6707,0.6818,0.6662,0.6809,8003137.82
2024-09-21 23:00:00+00:00,0.6809,0.7216,0.6751,0.7111,16811978.05
2024-09-22 00:00:00+00:00,0.7111,0.7148,0.6759,0.6762,14857596.96
2024-09-22 01:00:00+00:00,0.6762,0.6883,0.6721,0.6847,7447159.14
2024-09-22 02:00:00+00:00,0.6847,0.6853,0.6713,0.6761,6824836.23
2024-09-22 03:00:00+00:00,0.6761,0.6773,0.6677,0.6697,4992464.17
2024-09-22 04:00:00+00:00,0.6697,0.6704,0.6626,0.6627,3634469.14
2024-09-22 05:00:00+00:00,0.6627,0.6675,0.6603,0.6619,4184818.74
2024-09-22 06:00:00+00:00,0.6619,0.6663,0.6558,0.6584,5038891.43
2024-09-22 07:00:00+00:00,0.6584,0.659,0.6537,0.6587,3263505.91
2024-09-22 08:00:00+00:00,0.6587,0.6589,0.6503,0.6558,5350992.47
2024-09-22 09:00:00+00:00,0.6558,0.656,0.642,0.6434,7046932.33
2024-09-22 10:00:00+00:00,0.6434,0.6453,0.6337,0.6365,7885075.09
2024-09-22 11:00:00+00:00,0.6365,0.6501,0.6331,0.6457,8540890.35
2024-09-22 12:00:00+00:00,0.6457,0.6529,0.6426,0.6511,6044890.73
2024-09-22 13:00:00+00:00,0.6511,0.6514,0.6428,0.6467,6197268.3
2024-09-22 14:00:00+00:00,0.6467,0.6513,0.6394,0.6416,5248220.27
2024-09-22 15:00:00+00:00,0.6416,0.6467,0.6402,0.6422,3542437.55
2024-09-22 16:00:00+00:00,0.6422,0.6481,0.6372,0.6439,4253832.08
2024-09-22 17:00:00+00:00,0.6439,0.6583,0.6437,0.6564,5435278.26
2024-09-22 18:00:00+00:00,0.6564,0.6644,0.6496,0.6614,6016538.28
2024-09-22 19:00:00+00:00,0.6614,0.6623,0.6509,0.655,6416246.13
2024-09-22 20:00:00+00:00,0.655,0.661,0.6538,0.6549,4469221.07
2024-09-22 21:00:00+00:00,0.6549,0.6591,0.6426,0.6433,4235979.86
2024-09-22 22:00:00+00:00,0.6433,0.6641,0.6392,0.6635,7565285.13
2024-09-22 23:00:00+00:00,0.6635,0.6672,0.6545,0.6553,3884031.54
2024-09-23 00:00:00+00:00,0.6553,0.6588,0.6402,0.6547,8385602.13
2024-09-23 01:00:00+00:00,0.6547,0.6637,0.6533,0.6601,5510434.04
2024-09-23 02:00:00+00:00,0.6601,0.6601,0.6462,0.651,5432722.36
2024-09-23 03:00:00+00:00,0.651,0.6844,0.651,0.6807,16576808.55
2024-09-23 04:00:00+00:00,0.6807,0.6819,0.6594,0.6612,7804599.75
2024-09-23 05:00:00+00:00,0.6612,0.6688,0.6539,0.6643,6839206.87
2024-09-23 06:00:00+00:00,0.6643,0.6643,0.6517,0.6529,9451849.23
2024-09-23 07:00:00+00:00,0.6529,0.6553,0.6393,0.6425,7944589.41
2024-09-23 08:00:00+00:00,0.6425,0.6448,0.6336,0.6439,8353764.58
2024-09-23 09:00:00+00:00,0.6439,0.6648,0.6434,0.6628,6774564.71
2024-09-23 10:00:00+00:00,0.6628,0.668,0.6562,0.6583,7322886.48
2024-09-23 11:00:00+00:00,0.6583,0.6605,0.6515,0.6528,4730907.99
2024-09-23 12:00:00+00:00,0.6528,0.656,0.6447,0.6459,5330462.36
2024-09-23 13:00:00+00:00,0.6459,0.6506,0.6413,0.6447,6212512.78
2024-09-23 14:00:00+00:00,0.6447,0.6548,0.6404,0.6434,7047549.78
2024-09-23 15:00:00+00:00,0.6434,0.6487,0.6357,0.6419,8585572.28
2024-09-23 16:00:00+00:00,0.6419,0.6455,0.6313,0.6326,7215178.24
2024-09-23 17:00:00+00:00,0.6326,0.6394,0.631,0.6371,3698178.37
2024-09-23 18:00:00+00:00,0.6371,0.646,0.6371,0.6429,2746549.72
2024-09-23 19:00:00+00:00,0.6429,0.6465,0.6416,0.643,1861415.56
2024-09-23 20:00:00+00:00,0.643,0.6494,0.6426,0.6454,2110617.96
2024-09-23 21:00:00+00:00,0.6454,0.6463,0.6361,0.6431,4650346.58
2024-09-23 22:00:00+00:00,0.6431,0.6433,0.6374,0.6385,1850101.56
2024-09-23 23:00:00+00:00,0.6385,0.6412,0.6359,0.6391,1996385.67
2024-09-24 00:00:00+00:00,0.6391,0.643,0.6314,0.6318,4674105.92
2024-09-24 01:00:00+00:00,0.6318,0.6393,0.6306,0.6378,3156072.9
2024-09-24 02:00:00+00:00,0.6378,0.6481,0.6347,0.6474,3055141.4
2024-09-24 03:00:00+00:00,0.6474,0.6495,0.6453,0.6479,2000584.37
2024-09-24 04:00:00+00:00,0.6479,0.6479,0.6317,0.6331,6885774.91
2024-09-24 05:00:00+00:00,0.6331,0.6384,0.633,0.6365,1676250.7
2024-09-24 06:00:00+00:00,0.6365,0.6442,0.636,0.6426,2573906.74
2024-09-24 07:00:00+00:00,0.6426,0.6448,0.6369,0.6422,2990281.3
2024-09-24 08:00:00+00:00,0.6422,0.6449,0.6369,0.639,5371435.21
2024-09-24 09:00:00+00:00,0.639,0.6408,0.6333,0.6376,4094950.26
2024-09-24 10:00:00+00:00,0.6376,0.6393,0.635,0.6382,2277126.03
2024-09-24 11:00:00+00:00,0.6382,0.6396,0.6337,0.6392,2544334.37
2024-09-24 12:00:00+00:00,0.6392,0.6509,0.6387,0.6458,8471113.65
2024-09-24 13:00:00+00:00,0.6458,0.653,0.6429,0.6431,5329451.97
2024-09-24 14:00:00+00:00,0.6431,0.6431,0.6152,0.6243,22091848.16
2024-09-24 15:00:00+00:00,0.6243,0.6327,0.6214,0.6302,7618096.83
2024-09-24 16:00:00+00:00,0.6302,0.6426,0.6302,0.6376,9034235.97
2024-09-24 17:00:00+00:00,0.6376,0.6517,0.6359,0.6494,8242324.22
2024-09-24 18:00:00+00:00,0.6494,0.6557,0.645,0.6498,7502633.81
2024-09-24 19:00:00+00:00,0.6498,0.6639,0.6494,0.6573,7912140.01
2024-09-24 20:00:00+00:00,0.6573,0.6602,0.6532,0.6588,7416918.22
2024-09-24 21:00:00+00:00,0.6588,0.667,0.6581,0.6627,6964423.04
2024-09-24 22:00:00+00:00,0.6627,0.6794,0.6626,0.6743,9953037.09
2024-09-24 23:00:00+00:00,0.6743,0.676,0.6626,0.6644,5486309.95
2024-09-25 00:00:00+00:00,0.6644,0.6761,0.6622,0.6653,7106032.59
2024-09-25 01:00:00+00:00,0.6653,0.7052,0.6653,0.6887,21253798.59
2024-09-25 02:00:00+00:00,0.6887,0.7162,0.6854,0.7088,15565020.81
2024-09-25 03:00:00+00:00,0.7088,0.7168,0.7042,0.7047,11795757.46
2024-09-25 04:00:00+00:00,0.7047,0.7054,0.6846,0.685,10414265.39
2024-09-25 05:00:00+00:00,0.685,0.6891,0.6773,0.6841,8075425.28
2024-09-25 06:00:00+00:00,0.6841,0.6843,0.6675,0.668,7880185.21
2024-09-25 07:00:00+00:00,0.668,0.6698,0.6587,0.6661,8943178.38
2024-09-25 08:00:00+00:00,0.6661,0.6738,0.6648,0.6696,4309494.06
2024-09-25 09:00:00+00:00,0.6696,0.6753,0.669,0.6699,3889547.05
2024-09-25 10:00:00+00:00,0.6699,0.6839,0.6697,0.6775,6851423.27
2024-09-25 11:00:00+00:00,0.6775,0.6814,0.6737,0.6756,3630793.05
2024-09-25 12:00:00+00:00,0.6756,0.6782,0.6705,0.6716,3428980.77
2024-09-25 13:00:00+00:00,0.6716,0.6786,0.6699,0.6753,4958704.32
2024-09-25 14:00:00+00:00,0.6753,0.6817,0.6731,0.6808,6285239.83
2024-09-25 15:00:00+00:00,0.6808,0.6824,0.669,0.6703,6083587.0
2024-09-25 16:00:00+00:00,0.6703,0.6752,0.6655,0.668,4131879.25
2024-09-25 17:00:00+00:00,0.668,0.6702,0.6617,0.6693,5836521.14
2024-09-25 18:00:00+00:00,0.6693,0.6725,0.6685,0.6702,2793706.44
2024-09-25 19:00:00+00:00,0.6702,0.6721,0.6626,0.6635,2631580.23
2024-09-25 20:00:00+00:00,0.6635,0.669,0.6635,0.669,1996605.87
2024-09-25 21:00:00+00:00,0.669,0.6696,0.6631,0.6631,2068561.28
2024-09-25 22:00:00+00:00,0.6631,0.6631,0.6539,0.6565,4441339.28
2024-09-25 23:00:00+00:00,0.6565,0.6569,0.6512,0.6538,2761217.92
2024-09-26 00:00:00+00:00,0.6538,0.655,0.643,0.6453,6008897.48
2024-09-26 01:00:00+00:00,0.6453,0.6481,0.6409,0.6468,5115161.25
2024-09-26 02:00:00+00:00,0.6468,0.6515,0.6457,0.6511,3652186.1
2024-09-26 03:00:00+00:00,0.6511,0.653,0.6457,0.6517,3560748.6
2024-09-26 04:00:00+00:00,0.6517,0.6557,0.6506,0.6549,2208102.0
2024-09-26 05:00:00+00:00,0.6549,0.6644,0.6524,0.6623,4141870.39
2024-09-26 06:00:00+00:00,0.6623,0.6692,0.6598,0.6647,5690725.8
2024-09-26 07:00:00+00:00,0.6647,0.6777,0.6625,0.6738,7767027.89
2024-09-26 08:00:00+00:00,0.6738,0.6844,0.6731,0.6801,7793680.64
2024-09-26 09:00:00+00:00,0.6801,0.6952,0.6777,0.6947,11367746.11
2024-09-26 10:00:00+00:00,0.6947,0.7298,0.6946,0.7222,26544414.19
2024-09-26 11:00:00+00:00,0.7222,0.7222,0.7085,0.7133,13107837.49
2024-09-26 12:00:00+00:00,0.7133,0.7362,0.7097,0.7264,20178953.52
2024-09-26 13:00:00+00:00,0.7264,0.7271,0.7161,0.7246,14220084.18
2024-09-26 14:00:00+00:00,0.7246,0.7346,0.7156,0.716,13717135.85
2024-09-26 15:00:00+00:00,0.716,0.7336,0.7122,0.7293,12459421.12
2024-09-26 16:00:00+00:00,0.7293,0.7348,0.7219,0.7225,7478298.57
2024-09-26 17:00:00+00:00,0.7225,0.7273,0.7132,0.7136,9498419.89
2024-09-26 18:00:00+00:00,0.7136,0.7172,0.7016,0.7058,7039651.23
2024-09-26 19:00:00+00:00,0.7058,0.7105,0.698,0.6993,6048441.42
2024-09-26 20:00:00+00:00,0.6993,0.703,0.6842,0.6862,9613219.01
2024-09-26 21:00:00+00:00,0.6862,0.6949,0.686,0.691,3895588.62
2024-09-26 22:00:00+00:00,0.691,0.6943,0.689,0.6931,2616857.44
2024-09-26 23:00:00+00:00,0.6931,0.6931,0.6812,0.6901,5453811.77
2024-09-27 00:00:00+00:00,0.6901,0.6933,0.6834,0.6843,4193125.95
2024-09-27 01:00:00+00:00,0.6843,0.6865,0.6768,0.6804,5274616.38
2024-09-27 02:00:00+00:00,0.6804,0.6826,0.6741,0.6746,3494087.9
2024-09-27 03:00:00+00:00,0.6746,0.6896,0.6714,0.6879,8576571.42
2024-09-27 04:00:00+00:00,0.6879,0.7005,0.6864,0.7005,7737618.44
2024-09-27 05:00:00+00:00,0.7005,0.7175,0.6987,0.7155,8147160.88
2024-09-27 06:00:00+00:00,0.7155,0.7211,0.7063,0.7067,10466525.83
2024-09-27 07:00:00+00:00,0.7067,0.7133,0.702,0.7023,6057392.37
2024-09-27 08:00:00+00:00,0.7023,0.7071,0.6974,0.7003,5000829.44
2024-09-27 09:00:00+00:00,0.7003,0.7093,0.6987,0.6988,6962954.31
2024-09-27 10:00:00+00:00,0.6988,0.7004,0.6871,0.689,5710487.69
2024-09-27 11:00:00+00:00,0.689,0.6946,0.6868,0.6944,4456739.57
2024-09-27 12:00:00+00:00,0.6944,0.7018,0.6876,0.6987,7669364.8
2024-09-27 13:00:00+00:00,0.6987,0.6991,0.6883,0.6946,5440570.52
2024-09-27 14:00:00+00:00,0.6946,0.7063,0.693,0.6992,7079836.73
2024-09-27 15:00:00+00:00,0.6992,0.7034,0.6941,0.6973,4972092.53
2024-09-27 16:00:00+00:00,0.6973,0.7039,0.6903,0.7004,6154896.48
2024-09-27 17:00:00+00:00,0.7004,0.7032,0.6895,0.6961,5479813.25
2024-09-27 18:00:00+00:00,0.6961,0.7047,0.6897,0.7047,4452104.56
2024-09-27 19:00:00+00:00,0.7047,0.7113,0.697,0.6985,5369236.95
2024-09-27 20:00:00+00:00,0.6985,0.6989,0.6939,0.6972,2226521.39
2024-09-27 21:00:00+00:00,0.6972,0.7151,0.6967,0.7047,4925622.32
2024-09-27 22:00:00+00:00,0.7047,0.7064,0.6993,0.7033,2569802.47
2024-09-27 23:00:00+00:00,0.7033,0.7072,0.699,0.699,2114010.63
2024-09-28 00:00:00+00:00,0.699,0.7066,0.6964,0.7008,4147273.44
2024-09-28 01:00:00+00:00,0.7008,0.7044,0.6982,0.7044,1766110.95
2024-09-28 02:00:00+00:00,0.7044,0.7046,0.6943,0.6944,4449071.38
2024-09-28 03:00:00+00:00,0.6944,0.698,0.6823,0.6843,5860197.87
2024-09-28 04:00:00+00:00,0.6843,0.6877,0.6818,0.6826,3850639.38
2024-09-28 05:00:00+00:00,0.6826,0.6859,0.6758,0.6766,4658564.24
2024-09-28 06:00:00+00:00,0.6766,0.6796,0.6721,0.6748,4307623.59
2024-09-28 07:00:00+00:00,0.6748,0.6812,0.6747,0.6786,3014289.84
2024-09-28 08:00:00+00:00,0.6786,0.6791,0.6711,0.6725,3569337.9
2024-09-28 09:00:00+00:00,0.6725,0.6808,0.6634,0.6803,6135738.75
2024-09-28 10:00:00+00:00,0.6803,0.6808,0.6744,0.6746,4032159.14
2024-09-28 11:00:00+00:00,0.6746,0.6746,0.6699,0.6733,3156139.67
2024-09-28 12:00:00+00:00,0.6733,0.6733,0.6656,0.6682,2807452.24
2024-09-28 13:00:00+00:00,0.6682,0.6695,0.6644,0.6656,2346027.85
2024-09-28 14:00:00+00:00,0.6656,0.6733,0.6656,0.6732,3096147.62
2024-09-28 15:00:00+00:00,0.6732,0.675,0.6704,0.6709,1538761.6
2024-09-28 16:00:00+00:00,0.6709,0.6711,0.665,0.6708,3526834.45
2024-09-28 17:00:00+00:00,0.6708,0.6747,0.6691,0.6706,1678193.27
2024-09-28 18:00:00+00:00,0.6706,0.6743,0.67,0.6705,1360220.73
2024-09-28 19:00:00+00:00,0.6705,0.6735,0.6703,0.6731,995438.24
2024-09-28 20:00:00+00:00,0.6731,0.6743,0.6697,0.67,950590.82
2024-09-28 21:00:00+00:00,0.67,0.6717,0.6625,0.6715,2695184.75
2024-09-28 22:00:00+00:00,0.6715,0.673,0.6687,0.6715,1060930.95
2024-09-28 23:00:00+00:00,0.6715,0.6756,0.6686,0.674,1590132.14
2024-09-29 00:00:00+00:00,0.674,0.6785,0.668,0.6686,2911026.31
2024-09-29 01:00:00+00:00,0.6686,0.6712,0.6629,0.6707,2855843.55
2024-09-29 02:00:00+00:00,0.6707,0.6735,0.6641,0.6647,3809971.14
2024-09-29 03:00:00+00:00,0.6647,0.6675,0.6629,0.6659,1411183.83
2024-09-29 04:00:00+00:00,0.6659,0.6671,0.6575,0.6605,3005757.33
2024-09-29 05:00:00+00:00,0.6605,0.662,0.6563,0.6584,2211481.1
2024-09-29 06:00:00+00:00,0.6584,0.6621,0.6554,0.6592,2394543.0
2024-09-29 07:00:00+00:00,0.6592,0.6618,0.6523,0.6543,2919204.87
2024-09-29 08:00:00+00:00,0.6543,0.661,0.6542,0.659,2085503.97
2024-09-29 09:00:00+00:00,0.659,0.6644,0.659,0.6629,2642544.13
2024-09-29 10:00:00+00:00,0.6629,0.6705,0.6599,0.6702,3158009.29
2024-09-29 11:00:00+00:00,0.6702,0.6757,0.6684,0.672,2938141.3
2024-09-29 12:00:00+00:00,0.672,0.6788,0.6659,0.6709,5944931.19
2024-09-29 13:00:00+00:00,0.6709,0.6773,0.6669,0.6762,4522566.24
2024-09-29 14:00:00+00:00,0.6762,0.684,0.6751,0.6819,4477716.72
2024-09-29 15:00:00+00:00,0.6819,0.6861,0.6756,0.68,4507753.67
2024-09-29 16:00:00+00:00,0.68,0.6906,0.6779,0.6902,6249913.14
2024-09-29 17:00:00+00:00,0.6902,0.7128,0.6889,0.7121,9786811.37
2024-09-29 18:00:00+00:00,0.7121,0.7242,0.712,0.7159,15397757.15
2024-09-29 19:00:00+00:00,0.7159,0.7329,0.7058,0.7198,13346346.61
2024-09-29 20:00:00+00:00,0.7198,0.7223,0.7057,0.7075,5616491.75
2024-09-29 21:00:00+00:00,0.7075,0.7077,0.6943,0.6966,6059760.96
2024-09-29 22:00:00+00:00,0.6966,0.6984,0.6804,0.6808,6302235.45
2024-09-29 23:00:00+00:00,0.6808,0.6833,0.6758,0.676,4476029.7
2024-09-30 00:00:00+00:00,0.676,0.6811,0.6683,0.6758,5724232.1
2024-09-30 01:00:00+00:00,0.6758,0.6785,0.6662,0.6675,5637053.94
2024-09-30 02:00:00+00:00,0.6675,0.6696,0.6626,0.6631,4937141.69
2024-09-30 03:00:00+00:00,0.6631,0.6793,0.6578,0.6766,13096248.08
2024-09-30 04:00:00+00:00,0.6766,0.6766,0.6671,0.6704,3214618.34
2024-09-30 05:00:00+00:00,0.6704,0.673,0.6675,0.6718,3054315.82
2024-09-30 06:00:00+00:00,0.6718,0.6937,0.6709,0.6862,9196107.75
2024-09-30 07:00:00+00:00,0.6862,0.7014,0.6862,0.6969,6378532.44
2024-09-30 08:00:00+00:00,0.6969,0.697,0.6829,0.6938,8901475.39
2024-09-30 09:00:00+00:00,0.6938,0.7,0.684,0.684,9397782.18
2024-09-30 10:00:00+00:00,0.684,0.6933,0.6782,0.6888,8258013.87
2024-09-30 11:00:00+00:00,0.6888,0.6964,0.6822,0.6958,5381822.56
2024-09-30 12:00:00+00:00,0.6958,0.703,0.6929,0.7004,6851929.63
2024-09-30 13:00:00+00:00,0.7004,0.7102,0.6971,0.6978,9761156.05
2024-09-30 14:00:00+00:00,0.6978,0.7061,0.6914,0.7045,8201196.04
2024-09-30 15:00:00+00:00,0.7045,0.7076,0.6881,0.6886,6297738.94
2024-09-30 16:00:00+00:00,0.6886,0.7034,0.6879,0.7009,6534670.9
2024-09-30 17:00:00+00:00,0.7009,0.7039,0.6937,0.6985,4548665.78
2024-09-30 18:00:00+00:00,0.6985,0.7023,0.689,0.7009,4085315.31
2024-09-30 19:00:00+00:00,0.7009,0.7011,0.6945,0.6987,3270985.23
2024-09-30 20:00:00+00:00,0.6987,0.7143,0.6964,0.7106,6787142.67
2024-09-30 21:00:00+00:00,0.7106,0.715,0.7071,0.7071,4272785.56
2024-09-30 22:00:00+00:00,0.7071,0.7082,0.6917,0.6926,3713581.58
2024-09-30 23:00:00+00:00,0.6926,0.6978,0.6803,0.6935,7268165.22
2024-10-01 00:00:00+00:00,0.6935,0.7194,0.6911,0.7173,10907841.42
2024-10-01 01:00:00+00:00,0.7173,0.7236,0.713,0.7159,7771792.08
2024-10-01 02:00:00+00:00,0.7159,0.7168,0.7069,0.7132,4323509.64
2024-10-01 03:00:00+00:00,0.7132,0.7342,0.7127,0.7328,8804486.33
2024-10-01 04:00:00+00:00,0.7328,0.736,0.7249,0.7319,8873210.0
2024-10-01 05:00:00+00:00,0.7319,0.7333,0.7233,0.7237,4568455.34
2024-10-01 06:00:00+00:00,0.7237,0.7512,0.7218,0.7492,12538638.2
2024-10-01 07:00:00+00:00,0.7492,0.7584,0.7445,0.7495,14694938.46
2024-10-01 08:00:00+00:00,0.7495,0.7518,0.7382,0.7428,6923242.57
2024-10-01 09:00:00+00:00,0.7428,0.7516,0.741,0.7461,6464229.91
2024-10-01 10:00:00+00:00,0.7461,0.7552,0.7452,0.7545,4797352.0
2024-10-01 11:00:00+00:00,0.7545,0.7639,0.7505,0.7543,10500134.14
2024-10-01 12:00:00+00:00,0.7543,0.757,0.7452,0.7473,5857987.33
2024-10-01 13:00:00+00:00,0.7473,0.7485,0.7232,0.7266,15686643.73
2024-10-01 14:00:00+00:00,0.7266,0.7386,0.7063,0.7094,19361263.65
2024-10-01 15:00:00+00:00,0.7094,0.7244,0.6878,0.716,40069700.01
2024-10-01 16:00:00+00:00,0.716,0.7234,0.6946,0.7067,20374918.48
2024-10-01 17:00:00+00:00,0.7067,0.7067,0.659,0.6987,40998031.05
2024-10-01 18:00:00+00:00,0.6987,0.7129,0.6836,0.6841,15813820.68
2024-10-01 19:00:00+00:00,0.6841,0.6896,0.6722,0.673,10779478.38
2024-10-01 20:00:00+00:00,0.673,0.6743,0.6549,0.6712,17285942.07
2024-10-01 21:00:00+00:00,0.6712,0.6876,0.6604,0.6864,9044012.49
2024-10-01 22:00:00+00:00,0.6864,0.6864,0.6693,0.6759,5916694.98
2024-10-01 23:00:00+00:00,0.6759,0.6821,0.6681,0.6688,4991852.43
2024-10-02 00:00:00+00:00,0.6688,0.6789,0.6587,0.6696,9544685.9
2024-10-02 01:00:00+00:00,0.6696,0.6871,0.6662,0.6776,9727328.14
2024-10-02 02:00:00+00:00,0.6776,0.6844,0.6732,0.6833,5994986.43
2024-10-02 03:00:00+00:00,0.6833,0.6966,0.6822,0.6893,9289667.83
2024-10-02 04:00:00+00:00,0.6893,0.697,0.6771,0.6963,6106818.62
2024-10-02 05:00:00+00:00,0.6963,0.7147,0.6912,0.708,9614029.48
2024-10-02 06:00:00+00:00,0.708,0.7216,0.7008,0.7183,10140948.84
2024-10-02 07:00:00+00:00,0.7183,0.7289,0.7099,0.7162,7534084.87
2024-10-02 08:00:00+00:00,0.7162,0.7334,0.713,0.7274,12724243.04
2024-10-02 09:00:00+00:00,0.7274,0.7332,0.7073,0.71,14175066.49
2024-10-02 10:00:00+00:00,0.71,0.7243,0.7049,0.7051,9988598.73
2024-10-02 11:00:00+00:00,0.7051,0.7112,0.6906,0.6924,8534365.67
2024-10-02 12:00:00+00:00,0.6924,0.6992,0.6721,0.6725,17217925.23
2024-10-02 13:00:00+00:00,0.6725,0.6879,0.6621,0.685,15266599.61
2024-10-02 14:00:00+00:00,0.685,0.7091,0.685,0.6968,17233542.03
2024-10-02 15:00:00+00:00,0.6968,0.7057,0.6935,0.7052,8119775.62
2024-10-02 16:00:00+00:00,0.7052,0.7197,0.6925,0.6926,9011880.56
2024-10-02 17:00:00+00:00,0.6926,0.6969,0.6846,0.6916,6460117.6
2024-10-02 18:00:00+00:00,0.6916,0.6935,0.663,0.6638,14304792.52
2024-10-02 19:00:00+00:00,0.6638,0.6693,0.6568,0.6616,15411221.52
2024-10-02 20:00:00+00:00,0.6616,0.6659,0.6418,0.6648,16899940.35
2024-10-02 21:00:00+00:00,0.6648,0.6686,0.6553,0.666,5838306.47
2024-10-02 22:00:00+00:00,0.666,0.6683,0.6551,0.6647,5744624.78
2024-10-02 23:00:00+00:00,0.6647,0.6729,0.6488,0.6493,7996036.77
2024-10-03 00:00:00+00:00,0.6493,0.6646,0.6349,0.6356,18246237.94
2024-10-03 01:00:00+00:00,0.6356,0.6553,0.6341,0.6474,11133495.05
2024-10-03 02:00:00+00:00,0.6474,0.6594,0.6474,0.6541,5138786.91
2024-10-03 03:00:00+00:00,0.6541,0.6572,0.6496,0.6528,4166287.94
2024-10-03 04:00:00+00:00,0.6528,0.6633,0.6444,0.6518,5413009.05
2024-10-03 05:00:00+00:00,0.6518,0.6596,0.6437,0.6457,4970480.93
2024-10-03 06:00:00+00:00,0.6457,0.6529,0.6401,0.6483,6189070.88
2024-10-03 07:00:00+00:00,0.6483,0.6523,0.6293,0.6296,8010143.76
2024-10-03 08:00:00+00:00,0.6296,0.6299,0.603,0.604,20425994.55
2024-10-03 09:00:00+00:00,0.604,0.6157,0.5969,0.6133,17345091.83
2024-10-03 10:00:00+00:00,0.6133,0.6227,0.607,0.6224,7338771.93
2024-10-03 11:00:00+00:00,0.6224,0.6237,0.611,0.612,7609040.06
2024-10-03 12:00:00+00:00,0.612,0.6171,0.6051,0.6093,7956756.07
2024-10-03 13:00:00+00:00,0.6093,0.6241,0.6044,0.6226,14778831.64
2024-10-03 14:00:00+00:00,0.6226,0.641,0.6161,0.6162,17121822.58
2024-10-03 15:00:00+00:00,0.6162,0.6228,0.6041,0.6206,11591889.61
2024-10-03 16:00:00+00:00,0.6206,0.6206,0.5872,0.5996,15617404.9
2024-10-03 17:00:00+00:00,0.5996,0.613,0.5918,0.61,15291713.81
2024-10-03 18:00:00+00:00,0.61,0.6153,0.6025,0.603,6474778.79
2024-10-03 19:00:00+00:00,0.603,0.6166,0.5994,0.6136,5107440.84
2024-10-03 20:00:00+00:00,0.6136,0.6156,0.5972,0.5982,8136450.51
2024-10-03 21:00:00+00:00,0.5982,0.6053,0.5912,0.6033,4124956.84
2024-10-03 22:00:00+00:00,0.6033,0.6118,0.6004,0.6107,3165655.1
2024-10-03 23:00:00+00:00,0.6107,0.6138,0.6017,0.6073,3237254.98
2024-10-04 00:00:00+00:00,0.6073,0.6133,0.6023,0.603,5137354.68
2024-10-04 01:00:00+00:00,0.603,0.6263,0.6026,0.6164,6786504.97
2024-10-04 02:00:00+00:00,0.6164,0.6178,0.6061,0.6064,3212513.12
2024-10-04 03:00:00+00:00,0.6064,0.6081,0.5984,0.608,3816297.27
2024-10-04 04:00:00+00:00,0.608,0.6142,0.6026,0.6047,3337336.35
2024-10-04 05:00:00+00:00,0.6047,0.6153,0.6036,0.6125,2573805.72
2024-10-04 06:00:00+00:00,0.6125,0.6207,0.6082,0.6167,5571354.28
2024-10-04 07:00:00+00:00,0.6167,0.6292,0.6156,0.6249,9515122.91
2024-10-04 08:00:00+00:00,0.6249,0.6327,0.6215,0.6217,6513157.09
2024-10-04 09:00:00+00:00,0.6217,0.6292,0.6152,0.6166,7248907.63
2024-10-04 10:00:00+00:00,0.6166,0.6264,0.6152,0.6188,8391204.74
2024-10-04 11:00:00+00:00,0.6188,0.6242,0.6175,0.6204,4997610.63
2024-10-04 12:00:00+00:00,0.6204,0.6282,0.6053,0.6279,21406469.24
2024-10-04 13:00:00+00:00,0.6279,0.6307,0.6158,0.6196,11724211.15
2024-10-04 14:00:00+00:00,0.6196,0.6198,0.6028,0.6099,8618698.95
2024-10-04 15:00:00+00:00,0.6099,0.6289,0.6092,0.6285,7792221.35
2024-10-04 16:00:00+00:00,0.6285,0.6364,0.6252,0.6351,11192003.34
2024-10-04 17:00:00+00:00,0.6351,0.6429,0.6348,0.6377,10033511.52
2024-10-04 18:00:00+00:00,0.6377,0.6408,0.6356,0.6374,3153315.42
2024-10-04 19:00:00+00:00,0.6374,0.6423,0.6357,0.6412,5073390.47
2024-10-04 20:00:00+00:00,0.6412,0.6464,0.6357,0.6445,5230793.59
2024-10-04 21:00:00+00:00,0.6445,0.6452,0.6356,0.6365,3049633.15
2024-10-04 22:00:00+00:00,0.6365,0.6392,0.6284,0.6311,2843862.01
2024-10-04 23:00:00+00:00,0.6311,0.6326,0.6286,0.6318,1420131.74
2024-10-05 00:00:00+00:00,0.6318,0.6388,0.6316,0.634,4212207.66
2024-10-05 01:00:00+00:00,0.634,0.6372,0.6294,0.6339,3419286.43
2024-10-05 02:00:00+00:00,0.6339,0.6349,0.6195,0.62,3932137.52
2024-10-05 03:00:00+00:00,0.62,0.6224,0.6155,0.6162,2631958.26
2024-10-05 04:00:00+00:00,0.6162,0.6244,0.6135,0.6205,2257303.75
2024-10-05 05:00:00+00:00,0.6205,0.6327,0.6201,0.6309,2567284.73
2024-10-05 06:00:00+00:00,0.6309,0.6361,0.6265,0.6351,3033239.01
2024-10-05 07:00:00+00:00,0.6351,0.6409,0.6325,0.6378,4475998.67
2024-10-05 08:00:00+00:00,0.6378,0.6416,0.6337,0.6364,2880040.52
2024-10-05 09:00:00+00:00,0.6364,0.6426,0.6363,0.6401,2630195.44
2024-10-05 10:00:00+00:00,0.6401,0.6401,0.6299,0.6303,2993991.87
2024-10-05 11:00:00+00:00,0.6303,0.6337,0.6273,0.6281,3216503.25
2024-10-05 12:00:00+00:00,0.6281,0.6323,0.6276,0.6322,1935153.63
2024-10-05 13:00:00+00:00,0.6322,0.6332,0.6172,0.6176,3710294.36
2024-10-05 14:00:00+00:00,0.6176,0.6217,0.6148,0.6169,4989310.22
2024-10-05 15:00:00+00:00,0.6169,0.6197,0.6139,0.6187,2423523.62
2024-10-05 16:00:00+00:00,0.6187,0.6214,0.61,0.6106,4137891.57
2024-10-05 17:00:00+00:00,0.6106,0.6144,0.6095,0.6113,2293405.25
2024-10-05 18:00:00+00:00,0.6113,0.613,0.6057,0.6068,3199400.61
2024-10-05 19:00:00+00:00,0.6068,0.6072,0.6006,0.6042,3145193.48
2024-10-05 20:00:00+00:00,0.6042,0.605,0.5972,0.5982,6834920.76
2024-10-05 21:00:00+00:00,0.5982,0.6046,0.5978,0.6002,3273203.23
2024-10-05 22:00:00+00:00,0.6002,0.6113,0.6002,0.611,1942333.89
2024-10-05 23:00:00+00:00,0.611,0.611,0.6062,0.6095,1925896.63
2024-10-06 00:00:00+00:00,0.6095,0.6104,0.6055,0.6093,1297753.44
2024-10-06 01:00:00+00:00,0.6093,0.6224,0.6088,0.6223,3305264.84
2024-10-06 02:00:00+00:00,0.6223,0.6328,0.6222,0.6322,4906644.2
2024-10-06 03:00:00+00:00,0.6322,0.6358,0.6241,0.6244,2990697.78
2024-10-06 04:00:00+00:00,0.6244,0.6268,0.6149,0.6191,2951054.19
2024-10-06 05:00:00+00:00,0.6191,0.6333,0.6186,0.6274,4099827.03
2024-10-06 06:00:00+00:00,0.6274,0.6333,0.6247,0.63,2652371.84
2024-10-06 07:00:00+00:00,0.63,0.6332,0.6292,0.6317,2166836.14
2024-10-06 08:00:00+00:00,0.6317,0.6373,0.629,0.6307,3674989.43
2024-10-06 09:00:00+00:00,0.6307,0.6319,0.6264,0.6272,2756169.77
2024-10-06 10:00:00+00:00,0.6272,0.6295,0.6229,0.6231,2827024.04
2024-10-06 11:00:00+00:00,0.6231,0.6317,0.6228,0.6297,2525475.44
2024-10-06 12:00:00+00:00,0.6297,0.6312,0.6256,0.6289,2428789.39
2024-10-06 13:00:00+00:00,0.6289,0.6325,0.6259,0.6284,4093818.57
2024-10-06 14:00:00+00:00,0.6284,0.6497,0.6251,0.6485,9039750.2
2024-10-06 15:00:00+00:00,0.6485,0.6546,0.644,0.651,8071834.7
2024-10-06 16:00:00+00:00,0.651,0.6558,0.6435,0.6444,6437039.88
2024-10-06 17:00:00+00:00,0.6444,0.6477,0.64,0.6401,3212332.36
2024-10-06 18:00:00+00:00,0.6401,0.6487,0.6367,0.6444,5496705.17
2024-10-06 19:00:00+00:00,0.6444,0.6559,0.6381,0.6391,11090814.3
2024-10-06 20:00:00+00:00,0.6391,0.6465,0.6385,0.6442,3020696.02
2024-10-06 21:00:00+00:00,0.6442,0.6462,0.6384,0.639,2195498.65
2024-10-06 22:00:00+00:00,0.639,0.6474,0.639,0.647,2049833.34
2024-10-06 23:00:00+00:00,0.647,0.6596,0.647,0.6561,7053726.85
2024-10-07 00:00:00+00:00,0.6561,0.6641,0.6505,0.6611,7519867.61
2024-10-07 01:00:00+00:00,0.6611,0.6664,0.6585,0.665,5538470.85
2024-10-07 02:00:00+00:00,0.665,0.6704,0.6621,0.6662,5382041.93
2024-10-07 03:00:00+00:00,0.6662,0.6712,0.662,0.6689,3180805.31
2024-10-07 04:00:00+00:00,0.6689,0.6733,0.662,0.6626,4117326.84
2024-10-07 05:00:00+00:00,0.6626,0.667,0.659,0.6596,2393507.96
2024-10-07 06:00:00+00:00,0.6596,0.669,0.6595,0.6684,3036216.38
2024-10-07 07:00:00+00:00,0.6684,0.6716,0.6632,0.6638,2602155.47
2024-10-07 08:00:00+00:00,0.6638,0.6731,0.6638,0.6654,3492507.52
2024-10-07 09:00:00+00:00,0.6654,0.6661,0.6494,0.6581,7886747.24
2024-10-07 10:00:00+00:00,0.6581,0.6584,0.6426,0.6476,5981786.59
2024-10-07 11:00:00+00:00,0.6476,0.6567,0.6419,0.6566,5903614.5
2024-10-07 12:00:00+00:00,0.6566,0.6569,0.6447,0.6493,8468486.21
2024-10-07 13:00:00+00:00,0.6493,0.6656,0.6467,0.6644,11040517.55
2024-10-07 14:00:00+00:00,0.6644,0.6956,0.6643,0.6778,26515833.67
2024-10-07 15:00:00+00:00,0.6778,0.6882,0.6706,0.6783,12539844.64
2024-10-07 16:00:00+00:00,0.6783,0.6909,0.6772,0.687,9106411.36
2024-10-07 17:00:00+00:00,0.687,0.6946,0.6845,0.6901,6122901.1
2024-10-07 18:00:00+00:00,0.6901,0.6905,0.6694,0.672,9622581.38
2024-10-07 19:00:00+00:00,0.672,0.6844,0.6719,0.6835,6555684.68
2024-10-07 20:00:00+00:00,0.6835,0.6851,0.6727,0.6731,3745760.9
2024-10-07 21:00:00+00:00,0.6731,0.6852,0.6723,0.6839,2739831.24
2024-10-07 22:00:00+00:00,0.6839,0.6875,0.6743,0.6748,7602963.85
2024-10-07 23:00:00+00:00,0.6748,0.6771,0.662,0.6625,7970296.09
2024-10-08 00:00:00+00:00,0.6625,0.6834,0.6625,0.6807,8121787.94
2024-10-08 01:00:00+00:00,0.6807,0.6891,0.6753,0.6852,6632739.12
2024-10-08 02:00:00+00:00,0.6852,0.6923,0.6812,0.6922,5105214.31
2024-10-08 03:00:00+00:00,0.6922,0.6957,0.6865,0.6888,6133051.21
2024-10-08 04:00:00+00:00,0.6888,0.6992,0.6861,0.6886,7307556.72
2024-10-08 05:00:00+00:00,0.6886,0.6923,0.677,0.6802,9378765.65
2024-10-08 06:00:00+00:00,0.6802,0.6872,0.6727,0.6843,5457261.69
2024-10-08 07:00:00+00:00,0.6843,0.6843,0.6694,0.6782,8356704.07
2024-10-08 08:00:00+00:00,0.6782,0.6908,0.6757,0.6862,6022435.55
2024-10-08 09:00:00+00:00,0.6862,0.6949,0.6858,0.6943,7154065.09
2024-10-08 10:00:00+00:00,0.6943,0.6955,0.6836,0.6872,5071502.24
2024-10-08 11:00:00+00:00,0.6872,0.6897,0.6841,0.6848,2955291.57
2024-10-08 12:00:00+00:00,0.6848,0.6863,0.6748,0.6755,5740239.18
2024-10-08 13:00:00+00:00,0.6755,0.6868,0.6666,0.6856,12381034.09
2024-10-08 14:00:00+00:00,0.6856,0.6893,0.6638,0.6754,12396211.38
2024-10-08 15:00:00+00:00,0.6754,0.6768,0.6551,0.6712,12009028.67
2024-10-08 16:00:00+00:00,0.6712,0.6813,0.6649,0.6804,6843136.55
2024-10-08 17:00:00+00:00,0.6804,0.6812,0.6671,0.6737,4576271.53
2024-10-08 18:00:00+00:00,0.6737,0.6811,0.6605,0.6657,5682581.26
2024-10-08 19:00:00+00:00,0.6657,0.6722,0.6599,0.668,4492247.06
2024-10-08 20:00:00+00:00,0.668,0.6764,0.6655,0.676,3551785.61
2024-10-08 21:00:00+00:00,0.676,0.6879,0.676,0.6848,8741412.26
2024-10-08 22:00:00+00:00,0.6848,0.6857,0.6771,0.6777,3058803.1
2024-10-08 23:00:00+00:00,0.6777,0.6796,0.6726,0.6788,2956474.28
2024-10-09 00:00:00+00:00,0.6788,0.6945,0.6778,0.6876,7606832.12
2024-10-09 01:00:00+00:00,0.6876,0.7096,0.6855,0.7059,12432789.03
2024-10-09 02:00:00+00:00,0.7059,0.7095,0.7003,0.7011,7535594.25
2024-10-09 03:00:00+00:00,0.7011,0.7058,0.6954,0.7015,4535830.61
2024-10-09 04:00:00+00:00,0.7015,0.7065,0.6967,0.6987,4742042.26
2024-10-09 05:00:00+00:00,0.6987,0.7106,0.6962,0.7057,6321175.45
2024-10-09 06:00:00+00:00,0.7057,0.713,0.7012,0.7032,5277530.75
2024-10-09 07:00:00+00:00,0.7032,0.7052,0.6977,0.7009,6639415.54
2024-10-09 08:00:00+00:00,0.7009,0.7039,0.6984,0.7019,2901606.46
2024-10-09 09:00:00+00:00,0.7019,0.7081,0.6976,0.7065,5401164.81
2024-10-09 10:00:00+00:00,0.7065,0.7065,0.6982,0.7002,3780047.12
2024-10-09 11:00:00+00:00,0.7002,0.7061,0.6995,0.7039,2642494.95
2024-10-09 12:00:00+00:00,0.7039,0.7059,0.6955,0.7006,7483727.84
2024-10-09 13:00:00+00:00,0.7006,0.7046,0.6935,0.6976,10381727.63
2024-10-09 14:00:00+00:00,0.6976,0.7038,0.6913,0.6949,8153224.03
2024-10-09 15:00:00+00:00,0.6949,0.7109,0.693,0.7075,9785373.02
2024-10-09 16:00:00+00:00,0.7075,0.7095,0.6832,0.6837,10322938.21
2024-10-09 17:00:00+00:00,0.6837,0.6881,0.6761,0.6806,10077959.25
2024-10-09 18:00:00+00:00,0.6806,0.6846,0.6764,0.6791,5046034.42
2024-10-09 19:00:00+00:00,0.6791,0.6822,0.6765,0.678,4175199.32
2024-10-09 20:00:00+00:00,0.678,0.678,0.6637,0.6639,11511551.37
2024-10-09 21:00:00+00:00,0.6639,0.6763,0.6635,0.674,4106407.58
2024-10-09 22:00:00+00:00,0.674,0.674,0.6635,0.6637,4648967.85
2024-10-09 23:00:00+00:00,0.6637,0.6669,0.662,0.663,2411006.85
2024-10-10 00:00:00+00:00,0.663,0.6647,0.6556,0.6587,3354341.19
2024-10-10 01:00:00+00:00,0.6587,0.667,0.6584,0.6662,3121800.82
2024-10-10 02:00:00+00:00,0.6662,0.6731,0.6653,0.6672,3774477.31
2024-10-10 03:00:00+00:00,0.6672,0.6714,0.6653,0.6663,1918469.06
2024-10-10 04:00:00+00:00,0.6663,0.6707,0.6659,0.6661,1091164.77
2024-10-10 05:00:00+00:00,0.6661,0.6806,0.6656,0.6794,3843370.13
2024-10-10 06:00:00+00:00,0.6794,0.6914,0.678,0.6906,6904380.61
2024-10-10 07:00:00+00:00,0.6906,0.693,0.6826,0.6827,3105151.13
2024-10-10 08:00:00+00:00,0.6827,0.6943,0.6793,0.6798,14439379.83
2024-10-10 09:00:00+00:00,0.6798,0.6838,0.6695,0.6711,8637827.17
2024-10-10 10:00:00+00:00,0.6711,0.6804,0.6709,0.6796,4157777.63
2024-10-10 11:00:00+00:00,0.6796,0.6975,0.6779,0.6959,7907660.47
2024-10-10 12:00:00+00:00,0.6959,0.7047,0.6832,0.6843,15689228.34
2024-10-10 13:00:00+00:00,0.6843,0.6989,0.6783,0.687,11157971.08
2024-10-10 14:00:00+00:00,0.687,0.6898,0.6588,0.6593,16836572.17
2024-10-10 15:00:00+00:00,0.6593,0.6596,0.6459,0.656,17915391.31
2024-10-10 16:00:00+00:00,0.656,0.6656,0.6496,0.6509,8089808.3
2024-10-10 17:00:00+00:00,0.6509,0.6546,0.6324,0.6346,12166814.42
2024-10-10 18:00:00+00:00,0.6346,0.637,0.6235,0.6351,14211921.42
2024-10-10 19:00:00+00:00,0.6351,0.6397,0.6317,0.6374,6844619.25
2024-10-10 20:00:00+00:00,0.6374,0.6417,0.6333,0.6358,5438518.28
2024-10-10 21:00:00+00:00,0.6358,0.641,0.6343,0.641,3746528.5
2024-10-10 22:00:00+00:00,0.641,0.6411,0.6302,0.6326,4161526.72
2024-10-10 23:00:00+00:00,0.6326,0.6378,0.6306,0.6327,3064380.75
2024-10-11 00:00:00+00:00,0.6327,0.6368,0.6279,0.6285,3784367.05
2024-10-11 01:00:00+00:00,0.6285,0.6407,0.6272,0.6378,3515331.31
2024-10-11 02:00:00+00:00,0.6378,0.6409,0.6347,0.6386,3119263.97
2024-10-11 03:00:00+00:00,0.6386,0.643,0.637,0.6399,3121407.33
2024-10-11 04:00:00+00:00,0.6399,0.6412,0.635,0.6359,2273916.73
2024-10-11 05:00:00+00:00,0.6359,0.6411,0.6322,0.6337,4743239.39
2024-10-11 06:00:00+00:00,0.6337,0.6389,0.6321,0.6348,4829420.46
2024-10-11 07:00:00+00:00,0.6348,0.6398,0.634,0.6367,2643018.02
2024-10-11 08:00:00+00:00,0.6367,0.6418,0.6349,0.6391,2466970.23
2024-10-11 09:00:00+00:00,0.6391,0.6543,0.6387,0.6541,5475814.12
2024-10-11 10:00:00+00:00,0.6541,0.6563,0.6454,0.65,7987789.35
2024-10-11 11:00:00+00:00,0.65,0.6522,0.6468,0.6479,4068786.98
2024-10-11 12:00:00+00:00,0.6479,0.655,0.6461,0.6514,7183084.74
2024-10-11 13:00:00+00:00,0.6514,0.6535,0.6435,0.6517,9028709.65
2024-10-11 14:00:00+00:00,0.6517,0.6687,0.6505,0.6644,14975542.89
2024-10-11 15:00:00+00:00,0.6644,0.6752,0.6613,0.6735,11793787.78
2024-10-11 16:00:00+00:00,0.6735,0.6844,0.6695,0.671,10852408.49
2024-10-11 17:00:00+00:00,0.671,0.6792,0.6675,0.6791,7420947.53
2024-10-11 18:00:00+00:00,0.6791,0.6842,0.6742,0.6776,6842886.43
2024-10-11 19:00:00+00:00,0.6776,0.6874,0.6776,0.6807,6760102.68
2024-10-11 20:00:00+00:00,0.6807,0.6837,0.6796,0.683,1944824.85
2024-10-11 21:00:00+00:00,0.683,0.6835,0.6761,0.6765,4360295.21
2024-10-11 22:00:00+00:00,0.6765,0.6807,0.6759,0.6789,3203169.51
2024-10-11 23:00:00+00:00,0.6789,0.6804,0.672,0.6764,2461197.0
2024-10-12 00:00:00+00:00,0.6764,0.6823,0.6764,0.6776,2927982.14
2024-10-12 01:00:00+00:00,0.6776,0.6816,0.6742,0.6778,4953546.82
2024-10-12 02:00:00+00:00,0.6778,0.6779,0.672,0.6733,2025958.74
2024-10-12 03:00:00+00:00,0.6733,0.6758,0.6691,0.6726,1868587.62
2024-10-12 04:00:00+00:00,0.6726,0.6743,0.6708,0.6711,1798213.87
2024-10-12 05:00:00+00:00,0.6711,0.6741,0.6656,0.6737,4294510.3
2024-10-12 06:00:00+00:00,0.6737,0.6787,0.6723,0.6743,3627530.11
2024-10-12 07:00:00+00:00,0.6743,0.6754,0.6708,0.6737,4300341.3
2024-10-12 08:00:00+00:00,0.6737,0.6774,0.6698,0.6752,2954791.71
2024-10-12 09:00:00+00:00,0.6752,0.6754,0.6702,0.6739,2381425.81
2024-10-12 10:00:00+00:00,0.6739,0.6816,0.6714,0.681,4363382.35
2024-10-12 11:00:00+00:00,0.681,0.6846,0.6777,0.6778,5778343.68
2024-10-12 12:00:00+00:00,0.6778,0.6912,0.6756,0.6904,4640882.02
2024-10-12 13:00:00+00:00,0.6904,0.6993,0.6892,0.6976,6934508.08
2024-10-12 14:00:00+00:00,0.6976,0.7057,0.6973,0.7003,9087146.97
2024-10-12 15:00:00+00:00,0.7003,0.702,0.6875,0.6897,6676397.69
2024-10-12 16:00:00+00:00,0.6897,0.6949,0.6837,0.6837,5150205.22
2024-10-12 17:00:00+00:00,0.6837,0.6916,0.6834,0.688,2727282.36
2024-10-12 18:00:00+00:00,0.688,0.693,0.6837,0.6869,3693311.0
2024-10-12 19:00:00+00:00,0.6869,0.6897,0.6836,0.6889,2152328.69
2024-10-12 20:00:00+00:00,0.6889,0.6915,0.6873,0.6908,2055146.77
2024-10-12 21:00:00+00:00,0.6908,0.7025,0.6908,0.7025,6405163.53
2024-10-12 22:00:00+00:00,0.7025,0.7081,0.6999,0.7052,5041689.53
2024-10-12 23:00:00+00:00,0.7052,0.7076,0.7008,0.7032,5169486.75
2024-10-13 00:00:00+00:00,0.7032,0.7096,0.7009,0.7063,3468491.36
2024-10-13 01:00:00+00:00,0.7063,0.7129,0.7014,0.705,6991915.44
2024-10-13 02:00:00+00:00,0.705,0.7111,0.7031,0.7035,3741507.99
2024-10-13 03:00:00+00:00,0.7035,0.7049,0.6931,0.6965,4550066.38
2024-10-13 04:00:00+00:00,0.6965,0.7044,0.6965,0.7007,2467381.45
2024-10-13 05:00:00+00:00,0.7007,0.7037,0.6964,0.6981,2092393.53
2024-10-13 06:00:00+00:00,0.6981,0.7019,0.696,0.7006,2568843.35
2024-10-13 07:00:00+00:00,0.7006,0.7024,0.6927,0.6975,4049988.12
2024-10-13 08:00:00+00:00,0.6975,0.6996,0.6897,0.6918,3336812.21
2024-10-13 09:00:00+00:00,0.6918,0.6958,0.6909,0.6935,2102989.74
2024-10-13 10:00:00+00:00,0.6935,0.6946,0.6874,0.6876,2698229.7
2024-10-13 11:00:00+00:00,0.6876,0.6937,0.6875,0.6877,2881452.68
2024-10-13 12:00:00+00:00,0.6877,0.699,0.6876,0.696,4930469.55
2024-10-13 13:00:00+00:00,0.696,0.6971,0.6889,0.69,3074452.84
2024-10-13 14:00:00+00:00,0.69,0.6903,0.6757,0.678,8403599.84
2024-10-13 15:00:00+00:00,0.678,0.6825,0.6667,0.6694,8517742.83
2024-10-13 16:00:00+00:00,0.6694,0.677,0.6669,0.6724,4478530.57
2024-10-13 17:00:00+00:00,0.6724,0.6756,0.6638,0.6644,5346059.19
2024-10-13 18:00:00+00:00,0.6644,0.6645,0.6514,0.6515,8031721.49
2024-10-13 19:00:00+00:00,0.6515,0.6612,0.6515,0.6595,3600311.71
2024-10-13 20:00:00+00:00,0.6595,0.6627,0.6566,0.6613,2727125.77
2024-10-13 21:00:00+00:00,0.6613,0.6705,0.6611,0.6694,3343335.06
2024-10-13 22:00:00+00:00,0.6694,0.6807,0.6677,0.6697,4546649.75
2024-10-13 23:00:00+00:00,0.6697,0.6699,0.6636,0.6657,3138856.16
2024-10-14 00:00:00+00:00,0.6657,0.6667,0.6602,0.661,4072831.52
2024-10-14 01:00:00+00:00,0.661,0.6718,0.6607,0.6658,4101519.74
2024-10-14 02:00:00+00:00,0.6658,0.6658,0.659,0.6624,3219892.66
2024-10-14 03:00:00+00:00,0.6624,0.6974,0.6617,0.6963,11509462.94
2024-10-14 04:00:00+00:00,0.6963,0.7016,0.6912,0.6937,8965023.12
2024-10-14 05:00:00+00:00,0.6937,0.6958,0.6807,0.6877,7942301.56
2024-10-14 06:00:00+00:00,0.6877,0.6943,0.6829,0.692,4334678.15
2024-10-14 07:00:00+00:00,0.692,0.6927,0.6868,0.6918,6251375.33
2024-10-14 08:00:00+00:00,0.6918,0.6963,0.6903,0.6959,6419718.98
2024-10-14 09:00:00+00:00,0.6959,0.7035,0.6894,0.7021,8664527.58
2024-10-14 10:00:00+00:00,0.7021,0.7297,0.6982,0.7221,18522405.84
2024-10-14 11:00:00+00:00,0.7221,0.727,0.7158,0.7249,9861219.18
2024-10-14 12:00:00+00:00,0.7249,0.7398,0.7236,0.7361,13518535.11
2024-10-14 13:00:00+00:00,0.7361,0.7411,0.7285,0.7405,11512714.52
2024-10-14 14:00:00+00:00,0.7405,0.7453,0.7367,0.7394,16956281.38
2024-10-14 15:00:00+00:00,0.7394,0.7411,0.7311,0.734,9290647.92
2024-10-14 16:00:00+00:00,0.734,0.7394,0.724,0.7275,7634129.77
2024-10-14 17:00:00+00:00,0.7275,0.7286,0.7227,0.7232,4794562.32
2024-10-14 18:00:00+00:00,0.7232,0.7322,0.7224,0.726,4312156.98
2024-10-14 19:00:00+00:00,0.726,0.7309,0.7229,0.7236,3612642.53
2024-10-14 20:00:00+00:00,0.7236,0.7305,0.7231,0.7295,3266534.93
2024-10-14 21:00:00+00:00,0.7295,0.7322,0.727,0.7277,2190822.93
2024-10-14 22:00:00+00:00,0.7277,0.7344,0.7274,0.7344,4736539.0
2024-10-14 23:00:00+00:00,0.7344,0.7361,0.7291,0.7332,2448536.41
2024-10-15 00:00:00+00:00,0.7332,0.7349,0.7247,0.7272,3490541.92
2024-10-15 01:00:00+00:00,0.7272,0.7313,0.7238,0.7293,2981265.87
2024-10-15 02:00:00+00:00,0.7293,0.7354,0.7278,0.7321,1829448.95
2024-10-15 03:00:00+00:00,0.7321,0.7322,0.7245,0.7259,3562837.17
2024-10-15 04:00:00+00:00,0.7259,0.7417,0.724,0.7373,7963784.21
2024-10-15 05:00:00+00:00,0.7373,0.7406,0.7276,0.7307,3619982.45
2024-10-15 06:00:00+00:00,0.7307,0.7435,0.7295,0.7398,5468802.67
2024-10-15 07:00:00+00:00,0.7398,0.749,0.7378,0.7453,9000764.74
2024-10-15 08:00:00+00:00,0.7453,0.7896,0.7443,0.7732,35237692.78
2024-10-15 09:00:00+00:00,0.7732,0.7774,0.7542,0.7543,19777354.72
2024-10-15 10:00:00+00:00,0.7543,0.7569,0.7479,0.7503,10542795.34
2024-10-15 11:00:00+00:00,0.7503,0.754,0.7333,0.7392,16742461.93
2024-10-15 12:00:00+00:00,0.7392,0.7519,0.737,0.7489,9520561.29
2024-10-15 13:00:00+00:00,0.7489,0.7735,0.7425,0.7677,14969375.92
2024-10-15 14:00:00+00:00,0.7677,0.7715,0.7403,0.7432,33152091.11
2024-10-15 15:00:00+00:00,0.7432,0.7647,0.7266,0.7578,26912661.27
2024-10-15 16:00:00+00:00,0.7578,0.778,0.7575,0.771,13895503.42
2024-10-15 17:00:00+00:00,0.771,0.7759,0.7661,0.7697,6722065.26
2024-10-15 18:00:00+00:00,0.7697,0.7958,0.7687,0.7841,13849265.19
2024-10-15 19:00:00+00:00,0.7841,0.7846,0.7695,0.7808,7720102.55
2024-10-15 20:00:00+00:00,0.7808,0.7851,0.7463,0.7494,14214315.53
2024-10-15 21:00:00+00:00,0.7494,0.7615,0.7472,0.7604,5349594.7
2024-10-15 22:00:00+00:00,0.7604,0.7658,0.7579,0.7581,3828790.51
2024-10-15 23:00:00+00:00,0.7581,0.7647,0.7564,0.7595,3531339.19
2024-10-16 00:00:00+00:00,0.7595,0.7596,0.7456,0.7482,4740766.18
2024-10-16 01:00:00+00:00,0.7482,0.7566,0.7425,0.7544,5473242.58
2024-10-16 02:00:00+00:00,0.7544,0.7643,0.7518,0.7587,4555397.89
2024-10-16 03:00:00+00:00,0.7587,0.7652,0.754,0.7637,4577293.4
2024-10-16 04:00:00+00:00,0.7637,0.7665,0.7513,0.7538,5438049.33
2024-10-16 05:00:00+00:00,0.7538,0.7693,0.7538,0.7664,5557620.85
2024-10-16 06:00:00+00:00,0.7664,0.7671,0.7475,0.7533,5982459.01
2024-10-16 07:00:00+00:00,0.7533,0.7534,0.7378,0.7459,9184799.85
2024-10-16 08:00:00+00:00,0.7459,0.7495,0.7426,0.7445,4161780.48
2024-10-16 09:00:00+00:00,0.7445,0.7523,0.7412,0.7517,3691609.46
2024-10-16 10:00:00+00:00,0.7517,0.7547,0.744,0.7458,4408703.67
2024-10-16 11:00:00+00:00,0.7458,0.7578,0.7391,0.7482,7886818.05
2024-10-16 12:00:00+00:00,0.7482,0.7529,0.7356,0.737,8342472.68
2024-10-16 13:00:00+00:00,0.737,0.7425,0.7291,0.7324,7518977.47
2024-10-16 14:00:00+00:00,0.7324,0.7426,0.7255,0.728,7229324.27
2024-10-16 15:00:00+00:00,0.728,0.7431,0.7225,0.7395,6842450.08
2024-10-16 16:00:00+00:00,0.7395,0.7406,0.731,0.7343,4933123.48
2024-10-16 17:00:00+00:00,0.7343,0.7407,0.7322,0.7353,2163361.68
2024-10-16 18:00:00+00:00,0.7353,0.7367,0.7328,0.734,1571157.89
2024-10-16 19:00:00+00:00,0.734,0.7403,0.7335,0.7392,2996965.49
2024-10-16 20:00:00+00:00,0.7392,0.7485,0.7391,0.7431,4950875.2
2024-10-16 21:00:00+00:00,0.7431,0.7508,0.7427,0.7467,3481585.87
2024-10-16 22:00:00+00:00,0.7467,0.7518,0.7458,0.7467,2468677.57
2024-10-16 23:00:00+00:00,0.7467,0.7485,0.7402,0.7424,2020087.88
2024-10-17 00:00:00+00:00,0.7424,0.7531,0.7412,0.7526,3980016.27
2024-10-17 01:00:00+00:00,0.7526,0.7641,0.7516,0.7608,6318039.04
2024-10-17 02:00:00+00:00,0.7608,0.7669,0.7535,0.7562,3505347.24
2024-10-17 03:00:00+00:00,0.7562,0.7597,0.7533,0.7555,1291890.04
2024-10-17 04:00:00+00:00,0.7555,0.7625,0.749,0.7603,5617428.68
2024-10-17 05:00:00+00:00,0.7603,0.7655,0.7433,0.7433,7465269.23
2024-10-17 06:00:00+00:00,0.7433,0.7547,0.7412,0.7472,3770034.47
2024-10-17 07:00:00+00:00,0.7472,0.7503,0.7342,0.7379,5167356.74
2024-10-17 08:00:00+00:00,0.7379,0.7455,0.734,0.7432,4154712.44
2024-10-17 09:00:00+00:00,0.7432,0.7483,0.738,0.7399,3898412.35
2024-10-17 10:00:00+00:00,0.7399,0.7416,0.7253,0.7355,9713311.88
2024-10-17 11:00:00+00:00,0.7355,0.7379,0.7194,0.7201,6924520.88
2024-10-17 12:00:00+00:00,0.7201,0.7303,0.7195,0.7251,4754381.21
2024-10-17 13:00:00+00:00,0.7251,0.7324,0.7164,0.7266,5437002.26
2024-10-17 14:00:00+00:00,0.7266,0.7288,0.7151,0.7241,6797116.42
2024-10-17 15:00:00+00:00,0.7241,0.7354,0.7201,0.733,5298320.72
2024-10-17 16:00:00+00:00,0.733,0.7355,0.7213,0.7225,6713190.38
2024-10-17 17:00:00+00:00,0.7225,0.7273,0.712,0.715,5693422.76
2024-10-17 18:00:00+00:00,0.715,0.7152,0.7047,0.7076,8330449.56
2024-10-17 19:00:00+00:00,0.7076,0.7148,0.7035,0.7126,2520710.91
2024-10-17 20:00:00+00:00,0.7126,0.7207,0.7121,0.7163,2067596.92
2024-10-17 21:00:00+00:00,0.7163,0.7207,0.7163,0.7196,2169500.55
2024-10-17 22:00:00+00:00,0.7196,0.7238,0.7187,0.7219,1477090.73
2024-10-17 23:00:00+00:00,0.7219,0.7219,0.7183,0.7211,862198.13
2024-10-18 00:00:00+00:00,0.7211,0.7245,0.7165,0.7195,2695433.0
2024-10-18 01:00:00+00:00,0.7195,0.7353,0.7192,0.7327,4610712.64
2024-10-18 02:00:00+00:00,0.7327,0.7344,0.7267,0.7303,3131833.77
2024-10-18 03:00:00+00:00,0.7303,0.7314,0.7207,0.7226,3184927.07
2024-10-18 04:00:00+00:00,0.7226,0.7265,0.7172,0.7177,2338931.63
2024-10-18 05:00:00+00:00,0.7177,0.7231,0.7133,0.7228,2705261.39
2024-10-18 06:00:00+00:00,0.7228,0.7297,0.7209,0.7268,3558280.97
2024-10-18 07:00:00+00:00,0.7268,0.7287,0.7181,0.7219,3014715.53
2024-10-18 08:00:00+00:00,0.7219,0.7234,0.7163,0.7215,3785854.04
2024-10-18 09:00:00+00:00,0.7215,0.7256,0.7162,0.7165,2958948.25
2024-10-18 10:00:00+00:00,0.7165,0.7168,0.7097,0.7138,6409606.31
2024-10-18 11:00:00+00:00,0.7138,0.7162,0.7101,0.711,4738379.56
2024-10-18 12:00:00+00:00,0.711,0.7128,0.7062,0.7079,3938544.62
2024-10-18 13:00:00+00:00,0.7079,0.717,0.7075,0.7151,4332182.01
2024-10-18 14:00:00+00:00,0.7151,0.7206,0.7066,0.7155,7797691.93
2024-10-18 15:00:00+00:00,0.7155,0.724,0.7139,0.724,6337592.43
2024-10-18 16:00:00+00:00,0.724,0.7318,0.7155,0.7318,10833239.69
2024-10-18 17:00:00+00:00,0.7318,0.737,0.73,0.7342,6557106.34
2024-10-18 18:00:00+00:00,0.7342,0.7459,0.7327,0.7378,8607806.49
2024-10-18 19:00:00+00:00,0.7378,0.7378,0.7309,0.7335,2856255.28
2024-10-18 20:00:00+00:00,0.7335,0.7353,0.7297,0.73,2638451.67
2024-10-18 21:00:00+00:00,0.73,0.7342,0.7284,0.7322,1634995.38
2024-10-18 22:00:00+00:00,0.7322,0.7323,0.7275,0.7303,1171613.33
2024-10-18 23:00:00+00:00,0.7303,0.7344,0.7299,0.7326,1254269.43
2024-10-19 00:00:00+00:00,0.7326,0.7343,0.7266,0.7275,2242437.95
2024-10-19 01:00:00+00:00,0.7275,0.7402,0.7267,0.734,4905800.03
2024-10-19 02:00:00+00:00,0.734,0.7429,0.734,0.7406,3210661.85
2024-10-19 03:00:00+00:00,0.7406,0.7447,0.7385,0.7385,1391074.31
2024-10-19 04:00:00+00:00,0.7385,0.742,0.7317,0.7318,1582083.02
2024-10-19 05:00:00+00:00,0.7318,0.737,0.7318,0.7344,893994.8
2024-10-19 06:00:00+00:00,0.7344,0.7351,0.7312,0.7313,1146522.03
2024-10-19 07:00:00+00:00,0.7313,0.7326,0.7274,0.7281,2029950.84
2024-10-19 08:00:00+00:00,0.7281,0.7311,0.7278,0.7308,2196301.43
2024-10-19 09:00:00+00:00,0.7308,0.7325,0.7285,0.7292,1549697.67
2024-10-19 10:00:00+00:00,0.7292,0.7293,0.7216,0.7223,3624117.97
2024-10-19 11:00:00+00:00,0.7223,0.7254,0.7177,0.7179,2952926.46
2024-10-19 12:00:00+00:00,0.7179,0.723,0.7175,0.722,1192712.43
2024-10-19 13:00:00+00:00,0.722,0.7222,0.7178,0.719,1276254.79
2024-10-19 14:00:00+00:00,0.719,0.7256,0.719,0.7256,1536730.8
2024-10-19 15:00:00+00:00,0.7256,0.7263,0.7196,0.7208,1885257.35
2024-10-19 16:00:00+00:00,0.7208,0.7209,0.7134,0.7136,2380704.5
2024-10-19 17:00:00+00:00,0.7136,0.7204,0.7136,0.7171,1771507.93
2024-10-19 18:00:00+00:00,0.7171,0.722,0.7164,0.7208,1027651.69
2024-10-19 19:00:00+00:00,0.7208,0.7235,0.7179,0.7188,1370314.6
2024-10-19 20:00:00+00:00,0.7188,0.7242,0.7187,0.7221,828958.12
2024-10-19 21:00:00+00:00,0.7221,0.7238,0.7178,0.7178,1455878.22
2024-10-19 22:00:00+00:00,0.7178,0.7239,0.7172,0.7226,1458721.71
2024-10-19 23:00:00+00:00,0.7226,0.7243,0.7195,0.7197,1544148.9
2024-10-20 00:00:00+00:00,0.7197,0.7238,0.7157,0.7157,1506739.19
2024-10-20 01:00:00+00:00,0.7157,0.717,0.7139,0.7143,1677137.13
2024-10-20 02:00:00+00:00,0.7143,0.7169,0.7121,0.7124,1386839.14
2024-10-20 03:00:00+00:00,0.7124,0.7135,0.708,0.7133,1769392.82
2024-10-20 04:00:00+00:00,0.7133,0.7178,0.7107,0.7157,1330662.09
2024-10-20 05:00:00+00:00,0.7157,0.7207,0.7153,0.7187,1398725.3
2024-10-20 06:00:00+00:00,0.7187,0.7228,0.7158,0.7227,1712974.69
2024-10-20 07:00:00+00:00,0.7227,0.7253,0.7218,0.7222,1572150.16
2024-10-20 08:00:00+00:00,0.7222,0.7253,0.7199,0.7209,2284821.21
2024-10-20 09:00:00+00:00,0.7209,0.7237,0.7177,0.7237,1545109.57
2024-10-20 10:00:00+00:00,0.7237,0.7286,0.7222,0.7239,2882574.27
2024-10-20 11:00:00+00:00,0.7239,0.7309,0.7234,0.7301,2135548.87
2024-10-20 12:00:00+00:00,0.7301,0.7329,0.724,0.724,2532616.61
2024-10-20 13:00:00+00:00,0.724,0.7393,0.724,0.7391,4948455.16
2024-10-20 14:00:00+00:00,0.7391,0.7484,0.739,0.7444,7987637.58
2024-10-20 15:00:00+00:00,0.7444,0.7449,0.7334,0.7392,3281139.7
2024-10-20 16:00:00+00:00,0.7392,0.7455,0.7387,0.7412,4151449.09
2024-10-20 17:00:00+00:00,0.7412,0.7426,0.7353,0.7385,2064195.65
2024-10-20 18:00:00+00:00,0.7385,0.7412,0.7374,0.7392,1215449.65
2024-10-20 19:00:00+00:00,0.7392,0.7394,0.7332,0.7361,1673625.52
2024-10-20 20:00:00+00:00,0.7361,0.7519,0.7361,0.7488,6489059.97
2024-10-20 21:00:00+00:00,0.7488,0.7548,0.7467,0.7528,5334930.8
2024-10-20 22:00:00+00:00,0.7528,0.7605,0.7508,0.7549,7487394.19
2024-10-20 23:00:00+00:00,0.7549,0.7634,0.7541,0.7631,5274000.99
2024-10-21 00:00:00+00:00,0.7631,0.7678,0.7606,0.766,5675538.02
2024-10-21 01:00:00+00:00,0.766,0.7944,0.7658,0.7907,16726611.56
2024-10-21 02:00:00+00:00,0.7907,0.7934,0.7681,0.7696,12354385.99
2024-10-21 03:00:00+00:00,0.7696,0.7792,0.7678,0.7766,6226069.15
2024-10-21 04:00:00+00:00,0.7766,0.7814,0.7712,0.7796,6706747.21
2024-10-21 05:00:00+00:00,0.7796,0.7806,0.7711,0.7717,3275855.44
2024-10-21 06:00:00+00:00,0.7717,0.7733,0.7621,0.7636,3582316.77
2024-10-21 07:00:00+00:00,0.7636,0.7671,0.7575,0.7578,4290089.54
2024-10-21 08:00:00+00:00,0.7578,0.7648,0.7543,0.7551,4348645.69
2024-10-21 09:00:00+00:00,0.7551,0.7583,0.7505,0.7539,4527042.24
2024-10-21 10:00:00+00:00,0.7539,0.7561,0.7482,0.7488,3616111.33
2024-10-21 11:00:00+00:00,0.7488,0.7538,0.7468,0.7501,2658834.06
2024-10-21 12:00:00+00:00,0.7501,0.754,0.7474,0.7518,2860216.81
2024-10-21 13:00:00+00:00,0.7518,0.7528,0.7342,0.7395,9483259.63
2024-10-21 14:00:00+00:00,0.7395,0.7486,0.7371,0.7433,6558712.77
2024-10-21 15:00:00+00:00,0.7433,0.7464,0.7381,0.7464,4111918.19
2024-10-21 16:00:00+00:00,0.7464,0.7464,0.7334,0.7414,5209667.28
2024-10-21 17:00:00+00:00,0.7414,0.7447,0.7394,0.7419,2522797.15
2024-10-21 18:00:00+00:00,0.7419,0.7419,0.7369,0.7387,2401636.04
2024-10-21 19:00:00+00:00,0.7387,0.7472,0.7382,0.7458,1887948.21
2024-10-21 20:00:00+00:00,0.7458,0.7519,0.7438,0.7494,2743204.99
2024-10-21 21:00:00+00:00,0.7494,0.7533,0.7459,0.7467,1704528.62
2024-10-21 22:00:00+00:00,0.7467,0.7483,0.743,0.7455,1357214.71
2024-10-21 23:00:00+00:00,0.7455,0.7456,0.7358,0.7361,2103487.42
2024-10-22 00:00:00+00:00,0.7361,0.7407,0.7271,0.738,4944900.79
2024-10-22 01:00:00+00:00,0.738,0.7449,0.7343,0.744,1489185.51
2024-10-22 02:00:00+00:00,0.744,0.7476,0.7387,0.7401,1400213.58
2024-10-22 03:00:00+00:00,0.7401,0.7443,0.7384,0.7419,1619998.53
2024-10-22 04:00:00+00:00,0.7419,0.7422,0.7375,0.7399,891139.25
2024-10-22 05:00:00+00:00,0.7399,0.7445,0.7382,0.7424,828778.73
2024-10-22 06:00:00+00:00,0.7424,0.7469,0.7424,0.7432,1894634.46
2024-10-22 07:00:00+00:00,0.7432,0.7498,0.7424,0.7424,2940209.61
2024-10-22 08:00:00+00:00,0.7424,0.7474,0.7348,0.735,6439278.95
2024-10-22 09:00:00+00:00,0.735,0.7383,0.7224,0.7275,7895316.07
2024-10-22 10:00:00+00:00,0.7275,0.7298,0.7225,0.729,2748455.25
2024-10-22 11:00:00+00:00,0.729,0.7314,0.7263,0.7264,3725687.43
2024-10-22 12:00:00+00:00,0.7264,0.7312,0.7161,0.7177,5246532.81
2024-10-22 13:00:00+00:00,0.7177,0.7204,0.7063,0.7117,8028592.55
2024-10-22 14:00:00+00:00,0.7117,0.7176,0.7071,0.7157,8995086.83
2024-10-22 15:00:00+00:00,0.7157,0.7186,0.7083,0.7117,3997765.32
2024-10-22 16:00:00+00:00,0.7117,0.7117,0.6963,0.6971,6007028.49
2024-10-22 17:00:00+00:00,0.6971,0.706,0.6969,0.7051,3904367.41
2024-10-22 18:00:00+00:00,0.7051,0.7087,0.702,0.7022,2402402.09
2024-10-22 19:00:00+00:00,0.7022,0.7085,0.7019,0.7063,1932590.01
2024-10-22 20:00:00+00:00,0.7063,0.7097,0.7055,0.7093,1794301.63
2024-10-22 21:00:00+00:00,0.7093,0.7099,0.7066,0.7086,1399144.85
2024-10-22 22:00:00+00:00,0.7086,0.715,0.7077,0.7138,2697036.43
2024-10-22 23:00:00+00:00,0.7138,0.7145,0.7077,0.7095,2125990.93
2024-10-23 00:00:00+00:00,0.7095,0.711,0.7037,0.7041,2076130.09
2024-10-23 01:00:00+00:00,0.7041,0.7075,0.7024,0.7045,2095155.28
2024-10-23 02:00:00+00:00,0.7045,0.7053,0.6983,0.6983,2724103.21
2024-10-23 03:00:00+00:00,0.6983,0.701,0.6926,0.6994,2345695.32
2024-10-23 04:00:00+00:00,0.6994,0.7015,0.6964,0.7007,1816865.13
2024-10-23 05:00:00+00:00,0.7007,0.7025,0.6964,0.6982,2446115.61
2024-10-23 06:00:00+00:00,0.6982,0.7079,0.6982,0.7004,4151080.19
2024-10-23 07:00:00+00:00,0.7004,0.7029,0.6953,0.6972,1761782.12
2024-10-23 08:00:00+00:00,0.6972,0.7022,0.687,0.6885,4162413.08
2024-10-23 09:00:00+00:00,0.6885,0.6962,0.6856,0.6945,3395312.86
2024-10-23 10:00:00+00:00,0.6945,0.696,0.6903,0.6917,4356043.66
2024-10-23 11:00:00+00:00,0.6917,0.6942,0.6878,0.6885,4951676.54
2024-10-23 12:00:00+00:00,0.6885,0.6909,0.6847,0.6879,3336870.34
2024-10-23 13:00:00+00:00,0.6879,0.6956,0.6865,0.6942,2652234.86
2024-10-23 14:00:00+00:00,0.6942,0.6961,0.6878,0.6885,2042498.84
2024-10-23 15:00:00+00:00,0.6885,0.689,0.6772,0.6812,4650286.61
2024-10-23 16:00:00+00:00,0.6812,0.6832,0.6724,0.6735,5916286.49
2024-10-23 17:00:00+00:00,0.6735,0.6807,0.6691,0.6709,4390285.08
2024-10-23 18:00:00+00:00,0.6709,0.675,0.6623,0.6747,10994870.6
2024-10-23 19:00:00+00:00,0.6747,0.681,0.6725,0.6804,2967862.53
2024-10-23 20:00:00+00:00,0.6804,0.6867,0.6789,0.6851,5798230.94
2024-10-23 21:00:00+00:00,0.6851,0.689,0.681,0.6813,2284775.28
2024-10-23 22:00:00+00:00,0.6813,0.6845,0.6805,0.6811,1336272.58
2024-10-23 23:00:00+00:00,0.6811,0.6875,0.6807,0.6865,1161629.33
2024-10-24 00:00:00+00:00,0.6865,0.6979,0.6841,0.6975,2748842.34
2024-10-24 01:00:00+00:00,0.6975,0.6997,0.6928,0.6937,5429432.22
2024-10-24 02:00:00+00:00,0.6937,0.6985,0.6917,0.6975,1770940.14
2024-10-24 03:00:00+00:00,0.6975,0.6999,0.6949,0.6953,1578679.65
2024-10-24 04:00:00+00:00,0.6953,0.7015,0.6949,0.7007,1483572.24
2024-10-24 05:00:00+00:00,0.7007,0.7029,0.7001,0.7003,2056488.18
2024-10-24 06:00:00+00:00,0.7003,0.703,0.696,0.696,2509633.44
2024-10-24 07:00:00+00:00,0.696,0.6977,0.6915,0.692,2071427.0
2024-10-24 08:00:00+00:00,0.692,0.6959,0.6853,0.6853,2649460.08
2024-10-24 09:00:00+00:00,0.6853,0.6885,0.6818,0.6879,2793391.58
2024-10-24 10:00:00+00:00,0.6879,0.6926,0.6875,0.6897,1382850.08
2024-10-24 11:00:00+00:00,0.6897,0.6918,0.688,0.6892,1285546.28
2024-10-24 12:00:00+00:00,0.6892,0.6976,0.6884,0.6965,2661079.25
2024-10-24 13:00:00+00:00,0.6965,0.7019,0.6947,0.7016,3388873.03
2024-10-24 14:00:00+00:00,0.7016,0.7022,0.6923,0.6959,3472801.37
2024-10-24 15:00:00+00:00,0.6959,0.7003,0.6945,0.6959,1243014.16
2024-10-24 16:00:00+00:00,0.6959,0.6975,0.6914,0.6926,1640764.52
2024-10-24 17:00:00+00:00,0.6926,0.6929,0.6865,0.687,2262428.73
2024-10-24 18:00:00+00:00,0.687,0.6932,0.6865,0.6873,1574148.94
2024-10-24 19:00:00+00:00,0.6873,0.6958,0.6855,0.6954,2185649.4
2024-10-24 20:00:00+00:00,0.6954,0.6966,0.6887,0.6904,1887685.91
2024-10-24 21:00:00+00:00,0.6904,0.7015,0.6904,0.6941,2046756.9
2024-10-24 22:00:00+00:00,0.6941,0.697,0.6872,0.6876,2090756.15
2024-10-24 23:00:00+00:00,0.6876,0.6886,0.6845,0.6883,1445238.22
2024-10-25 00:00:00+00:00,0.6883,0.6908,0.6849,0.6859,1234945.62
2024-10-25 01:00:00+00:00,0.6859,0.686,0.6801,0.6806,2095423.88
2024-10-25 02:00:00+00:00,0.6806,0.6843,0.678,0.6826,2041172.79
2024-10-25 03:00:00+00:00,0.6826,0.6862,0.6809,0.6814,915410.79
2024-10-25 04:00:00+00:00,0.6814,0.6821,0.6706,0.6734,2457433.8
2024-10-25 05:00:00+00:00,0.6734,0.6784,0.6701,0.6757,1156338.13
2024-10-25 06:00:00+00:00,0.6757,0.6791,0.6744,0.6756,777585.02
2024-10-25 07:00:00+00:00,0.6756,0.6783,0.6698,0.6732,2486553.82
2024-10-25 08:00:00+00:00,0.6732,0.6789,0.6661,0.6788,4186568.08
2024-10-25 09:00:00+00:00,0.6788,0.6831,0.6759,0.6831,2745227.33
2024-10-25 10:00:00+00:00,0.6831,0.6844,0.68,0.6834,1747108.2
2024-10-25 11:00:00+00:00,0.6834,0.6875,0.6824,0.6873,1822718.98
2024-10-25 12:00:00+00:00,0.6873,0.6907,0.6822,0.6824,1400974.88
2024-10-25 13:00:00+00:00,0.6824,0.6887,0.6795,0.6879,1798789.24
2024-10-25 14:00:00+00:00,0.6879,0.6927,0.6835,0.6854,2338932.79
2024-10-25 15:00:00+00:00,0.6854,0.6891,0.671,0.6764,3500539.4
2024-10-25 16:00:00+00:00,0.6764,0.678,0.6684,0.6746,3757770.72
2024-10-25 17:00:00+00:00,0.6746,0.677,0.656,0.6562,4764076.73
2024-10-25 18:00:00+00:00,0.6562,0.6637,0.6432,0.6546,12351164.84
2024-10-25 19:00:00+00:00,0.6546,0.6573,0.6508,0.6556,2841441.48
2024-10-25 20:00:00+00:00,0.6556,0.6574,0.6516,0.6541,1325463.04
2024-10-25 21:00:00+00:00,0.6541,0.6604,0.6541,0.6601,1376701.02
2024-10-25 22:00:00+00:00,0.6601,0.6602,0.6471,0.6474,1521862.69
2024-10-25 23:00:00+00:00,0.6474,0.6482,0.5929,0.6204,33780861.58
2024-10-26 00:00:00+00:00,0.6204,0.6204,0.6087,0.6177,10173067.91
2024-10-26 01:00:00+00:00,0.6177,0.6212,0.6146,0.6151,4215898.1
2024-10-26 02:00:00+00:00,0.6151,0.6252,0.6105,0.621,3951899.13
2024-10-26 03:00:00+00:00,0.621,0.6266,0.6198,0.6247,3956368.22
2024-10-26 04:00:00+00:00,0.6247,0.6293,0.6243,0.6291,2308037.59
2024-10-26 05:00:00+00:00,0.6291,0.6373,0.6289,0.6324,5096312.45
2024-10-26 06:00:00+00:00,0.6324,0.6384,0.6319,0.6373,6179417.39
2024-10-26 07:00:00+00:00,0.6373,0.6381,0.6351,0.6352,1940088.22
2024-10-26 08:00:00+00:00,0.6352,0.6395,0.6352,0.6385,1709578.99
2024-10-26 09:00:00+00:00,0.6385,0.6442,0.6375,0.6401,8050305.04
2024-10-26 10:00:00+00:00,0.6401,0.6513,0.64,0.6472,4953712.53
2024-10-26 11:00:00+00:00,0.6472,0.6481,0.6437,0.6463,1408003.18
2024-10-26 12:00:00+00:00,0.6463,0.6477,0.6397,0.6404,1695142.3
2024-10-26 13:00:00+00:00,0.6404,0.6405,0.6321,0.6324,2714203.29
2024-10-26 14:00:00+00:00,0.6324,0.6357,0.6223,0.6228,4142740.47
2024-10-26 15:00:00+00:00,0.6228,0.6354,0.6216,0.6305,6683469.01
2024-10-26 16:00:00+00:00,0.6305,0.6372,0.6274,0.6366,1790456.72
2024-10-26 17:00:00+00:00,0.6366,0.6393,0.6329,0.638,1572496.31
2024-10-26 18:00:00+00:00,0.638,0.6416,0.6368,0.637,1786687.16
2024-10-26 19:00:00+00:00,0.637,0.6413,0.6366,0.6397,949474.13
2024-10-26 20:00:00+00:00,0.6397,0.6481,0.6381,0.6399,2585229.75
2024-10-26 21:00:00+00:00,0.6399,0.6409,0.6376,0.6395,706952.68
2024-10-26 22:00:00+00:00,0.6395,0.6418,0.6395,0.6416,739228.92
2024-10-26 23:00:00+00:00,0.6416,0.6426,0.6401,0.6423,942427.31
2024-10-27 00:00:00+00:00,0.6423,0.6461,0.6417,0.6448,2019217.29
2024-10-27 01:00:00+00:00,0.6448,0.6466,0.6428,0.6454,599467.02
2024-10-27 02:00:00+00:00,0.6454,0.6476,0.642,0.6429,1077664.98
2024-10-27 03:00:00+00:00,0.6429,0.6515,0.6418,0.6497,2806838.89
2024-10-27 04:00:00+00:00,0.6497,0.6508,0.6444,0.6445,836429.98
2024-10-27 05:00:00+00:00,0.6445,0.6468,0.644,0.6455,676541.79
2024-10-27 06:00:00+00:00,0.6455,0.6457,0.6406,0.6429,1023900.55
2024-10-27 07:00:00+00:00,0.6429,0.6454,0.6415,0.6443,2213028.36
2024-10-27 08:00:00+00:00,0.6443,0.6492,0.644,0.6485,2283982.15
2024-10-27 09:00:00+00:00,0.6485,0.6487,0.6408,0.6443,1962543.06
2024-10-27 10:00:00+00:00,0.6443,0.6455,0.6408,0.6409,910448.21
2024-10-27 11:00:00+00:00,0.6409,0.6435,0.6381,0.6389,2037356.66
2024-10-27 12:00:00+00:00,0.6389,0.646,0.6384,0.6419,2101881.63
2024-10-27 13:00:00+00:00,0.6419,0.6494,0.6418,0.6428,3885987.45
2024-10-27 14:00:00+00:00,0.6428,0.6471,0.6427,0.645,1813716.57
2024-10-27 15:00:00+00:00,0.645,0.6562,0.645,0.6561,3319350.65
2024-10-27 16:00:00+00:00,0.6561,0.6726,0.6552,0.6724,6304587.32
2024-10-27 17:00:00+00:00,0.6724,0.68,0.6683,0.6726,5935746.32
2024-10-27 18:00:00+00:00,0.6726,0.6756,0.6666,0.6667,2840390.19
2024-10-27 19:00:00+00:00,0.6667,0.6718,0.6654,0.6697,1977867.2
2024-10-27 20:00:00+00:00,0.6697,0.6778,0.6697,0.674,2375091.97
2024-10-27 21:00:00+00:00,0.674,0.6872,0.6739,0.6867,4132137.43
2024-10-27 22:00:00+00:00,0.6867,0.6955,0.6867,0.691,5422836.71
2024-10-27 23:00:00+00:00,0.691,0.6957,0.6829,0.6835,3429552.73
2024-10-28 00:00:00+00:00,0.6835,0.6891,0.6815,0.6824,3663208.33
2024-10-28 01:00:00+00:00,0.6824,0.6834,0.6775,0.6783,1865362.99
2024-10-28 02:00:00+00:00,0.6783,0.6837,0.6754,0.676,1774656.33
2024-10-28 03:00:00+00:00,0.676,0.6791,0.6642,0.6655,3968996.91
2024-10-28 04:00:00+00:00,0.6655,0.6698,0.6636,0.6668,1317870.4
2024-10-28 05:00:00+00:00,0.6668,0.6701,0.6591,0.6678,2510942.38
2024-10-28 06:00:00+00:00,0.6678,0.668,0.6608,0.6653,2014268.27
2024-10-28 07:00:00+00:00,0.6653,0.6844,0.6651,0.6831,6553887.3
2024-10-28 08:00:00+00:00,0.6831,0.6867,0.6795,0.6796,1990364.35
2024-10-28 09:00:00+00:00,0.6796,0.6857,0.6752,0.6844,2692613.28
2024-10-28 10:00:00+00:00,0.6844,0.6853,0.6798,0.6801,1871600.5
2024-10-28 11:00:00+00:00,0.6801,0.681,0.6768,0.6801,1570301.26
2024-10-28 12:00:00+00:00,0.6801,0.681,0.6731,0.6799,2814582.39
2024-10-28 13:00:00+00:00,0.6799,0.6831,0.6742,0.6744,4034669.06
2024-10-28 14:00:00+00:00,0.6744,0.6796,0.6712,0.6767,3502671.94
2024-10-28 15:00:00+00:00,0.6767,0.677,0.6678,0.6704,3348538.01
2024-10-28 16:00:00+00:00,0.6704,0.6769,0.6663,0.6673,3166159.29
2024-10-28 17:00:00+00:00,0.6673,0.6762,0.6599,0.6696,4937781.37
2024-10-28 18:00:00+00:00,0.6696,0.6741,0.6672,0.6738,3227744.35
2024-10-28 19:00:00+00:00,0.6738,0.6853,0.6729,0.6783,7594818.73
2024-10-28 20:00:00+00:00,0.6783,0.6823,0.6781,0.6823,1534653.91
2024-10-28 21:00:00+00:00,0.6823,0.6869,0.6777,0.6867,3034396.23
2024-10-28 22:00:00+00:00,0.6867,0.6941,0.6862,0.687,4151052.39
2024-10-28 23:00:00+00:00,0.687,0.6924,0.6861,0.6876,1682280.28
2024-10-29 00:00:00+00:00,0.6876,0.6974,0.6851,0.6957,2362474.94
2024-10-29 01:00:00+00:00,0.6957,0.7102,0.6946,0.7082,4047640.89
2024-10-29 02:00:00+00:00,0.7082,0.7178,0.7076,0.7159,8079396.92
2024-10-29 03:00:00+00:00,0.7159,0.7253,0.7159,0.7174,5583273.43
2024-10-29 04:00:00+00:00,0.7174,0.7224,0.7145,0.7214,3801376.12
2024-10-29 05:00:00+00:00,0.7214,0.7222,0.7123,0.7124,1514063.09
2024-10-29 06:00:00+00:00,0.7124,0.714,0.706,0.7065,2812852.82
2024-10-29 07:00:00+00:00,0.7065,0.7106,0.7036,0.7058,3706174.18
2024-10-29 08:00:00+00:00,0.7058,0.7138,0.7058,0.7082,2340608.95
2024-10-29 09:00:00+00:00,0.7082,0.711,0.7069,0.71,1351909.03
2024-10-29 10:00:00+00:00,0.71,0.7108,0.7044,0.7062,1377662.38
2024-10-29 11:00:00+00:00,0.7062,0.7146,0.7062,0.7143,3067629.64
2024-10-29 12:00:00+00:00,0.7143,0.7179,0.71,0.7108,2563840.45
2024-10-29 13:00:00+00:00,0.7108,0.7175,0.7099,0.7155,2808102.38
2024-10-29 14:00:00+00:00,0.7155,0.7197,0.7125,0.7136,4428753.69
2024-10-29 15:00:00+00:00,0.7136,0.7179,0.7098,0.7178,3493767.05
2024-10-29 16:00:00+00:00,0.7178,0.7256,0.7156,0.7239,6256590.37
2024-10-29 17:00:00+00:00,0.7239,0.7293,0.7149,0.7189,5475142.71
2024-10-29 18:00:00+00:00,0.7189,0.7251,0.7169,0.7242,3701890.13
2024-10-29 19:00:00+00:00,0.7242,0.7271,0.7076,0.7082,8599225.1
2024-10-29 20:00:00+00:00,0.7082,0.7106,0.6991,0.709,5639805.81
2024-10-29 21:00:00+00:00,0.709,0.716,0.7077,0.7153,2514198.69
2024-10-29 22:00:00+00:00,0.7153,0.7231,0.7153,0.7178,2668869.39
2024-10-29 23:00:00+00:00,0.7178,0.7214,0.7168,0.7214,1333044.81
2024-10-30 00:00:00+00:00,0.7214,0.7217,0.7147,0.7173,2272961.35
2024-10-30 01:00:00+00:00,0.7173,0.7173,0.7111,0.713,2240305.86
2024-10-30 02:00:00+00:00,0.713,0.717,0.7107,0.7108,1235772.32
2024-10-30 03:00:00+00:00,0.7108,0.7159,0.7107,0.7125,1681138.13
2024-10-30 04:00:00+00:00,0.7125,0.7134,0.7074,0.7085,1222453.05
2024-10-30 05:00:00+00:00,0.7085,0.7108,0.7059,0.7074,1544239.55
2024-10-30 06:00:00+00:00,0.7074,0.7144,0.7049,0.705,1915278.3
2024-10-30 07:00:00+00:00,0.705,0.7097,0.7043,0.7068,1633349.69
2024-10-30 08:00:00+00:00,0.7068,0.7111,0.7005,0.701,2255050.05
2024-10-30 09:00:00+00:00,0.701,0.7058,0.7005,0.7031,2271962.11
2024-10-30 10:00:00+00:00,0.7031,0.7038,0.6964,0.6971,2450607.23
2024-10-30 11:00:00+00:00,0.6971,0.6975,0.6902,0.6908,2840084.12
2024-10-30 12:00:00+00:00,0.6908,0.6933,0.6868,0.6917,4519882.27
2024-10-30 13:00:00+00:00,0.6917,0.6969,0.6864,0.6966,4148451.56
2024-10-30 14:00:00+00:00,0.6966,0.7064,0.6951,0.7021,5134027.1
2024-10-30 15:00:00+00:00,0.7021,0.7032,0.6884,0.693,3700945.69
2024-10-30 16:00:00+00:00,0.693,0.6983,0.6906,0.6976,1784519.99
2024-10-30 17:00:00+00:00,0.6976,0.6978,0.6923,0.6959,1647480.5
2024-10-30 18:00:00+00:00,0.6959,0.6973,0.6928,0.6937,1339447.43
2024-10-30 19:00:00+00:00,0.6937,0.6939,0.6902,0.6906,1491230.46
2024-10-30 20:00:00+00:00,0.6906,0.6995,0.6867,0.699,5347717.7
2024-10-30 21:00:00+00:00,0.699,0.7003,0.6903,0.6939,2089640.6
2024-10-30 22:00:00+00:00,0.6939,0.6988,0.6912,0.6965,2293707.94
2024-10-30 23:00:00+00:00,0.6965,0.6995,0.6917,0.6917,1853288.3
2024-10-31 00:00:00+00:00,0.6917,0.6951,0.6885,0.689,1354211.62
2024-10-31 01:00:00+00:00,0.689,0.6921,0.683,0.6882,2015851.03
2024-10-31 02:00:00+00:00,0.6882,0.694,0.6837,0.6903,2816479.7
2024-10-31 03:00:00+00:00,0.6903,0.692,0.6856,0.6864,1603941.46
2024-10-31 04:00:00+00:00,0.6864,0.6898,0.6841,0.689,1433129.59
2024-10-31 05:00:00+00:00,0.689,0.6932,0.6876,0.6893,1169160.27
2024-10-31 06:00:00+00:00,0.6893,0.6895,0.6774,0.679,4321617.53
2024-10-31 07:00:00+00:00,0.679,0.6816,0.6762,0.6795,2002193.2
2024-10-31 08:00:00+00:00,0.6795,0.6795,0.6716,0.6747,2139601.35
2024-10-31 09:00:00+00:00,0.6747,0.6759,0.6723,0.6728,1486537.12
2024-10-31 10:00:00+00:00,0.6728,0.6753,0.6685,0.6748,2572607.39
2024-10-31 11:00:00+00:00,0.6748,0.6749,0.6692,0.672,1187423.9
2024-10-31 12:00:00+00:00,0.672,0.6734,0.6684,0.6705,1664353.8
2024-10-31 13:00:00+00:00,0.6705,0.6724,0.6623,0.6658,3465216.37
2024-10-31 14:00:00+00:00,0.6658,0.6658,0.6565,0.6622,6866081.15
2024-10-31 15:00:00+00:00,0.6622,0.6688,0.6617,0.6644,3929067.91
2024-10-31 16:00:00+00:00,0.6644,0.6644,0.6574,0.6575,2922112.83
2024-10-31 17:00:00+00:00,0.6575,0.6607,0.6516,0.6556,2420386.74
2024-10-31 18:00:00+00:00,0.6556,0.6556,0.6451,0.6504,4437883.19
2024-10-31 19:00:00+00:00,0.6504,0.6531,0.6444,0.6453,2540723.49
2024-10-31 20:00:00+00:00,0.6453,0.6522,0.6444,0.6522,2951326.96
2024-10-31 21:00:00+00:00,0.6522,0.6582,0.6493,0.6572,2725446.25
2024-10-31 22:00:00+00:00,0.6572,0.6581,0.6516,0.6561,1696452.62
2024-10-31 23:00:00+00:00,0.6561,0.6593,0.6546,0.6555,1190124.6
2024-11-01 00:00:00+00:00,0.6555,0.6634,0.6552,0.6619,2344621.71
2024-11-01 01:00:00+00:00,0.6619,0.6639,0.657,0.6581,3136421.26
2024-11-01 02:00:00+00:00,0.6581,0.6662,0.6497,0.6656,6883932.0
2024-11-01 03:00:00+00:00,0.6656,0.6704,0.6653,0.6661,2173958.58
2024-11-01 04:00:00+00:00,0.6661,0.6663,0.6603,0.6618,1159970.57
2024-11-01 05:00:00+00:00,0.6618,0.6622,0.6554,0.6575,1239521.7
2024-11-01 06:00:00+00:00,0.6575,0.6578,0.6466,0.6469,2641850.56
2024-11-01 07:00:00+00:00,0.6469,0.6486,0.6408,0.6476,2662025.85
2024-11-01 08:00:00+00:00,0.6476,0.6524,0.6458,0.6471,1684067.6
2024-11-01 09:00:00+00:00,0.6471,0.6535,0.6469,0.6527,1318584.57
2024-11-01 10:00:00+00:00,0.6527,0.6568,0.6517,0.6551,2407888.46
2024-11-01 11:00:00+00:00,0.6551,0.6554,0.6508,0.6509,1276688.85
2024-11-01 12:00:00+00:00,0.6509,0.6582,0.6489,0.6562,2780845.61
2024-11-01 13:00:00+00:00,0.6562,0.6657,0.6529,0.6657,3284093.7
2024-11-01 14:00:00+00:00,0.6657,0.6691,0.6576,0.6606,4995122.87
2024-11-01 15:00:00+00:00,0.6606,0.6619,0.627,0.6325,11579427.57
2024-11-01 16:00:00+00:00,0.6325,0.6452,0.6307,0.6422,6142584.99
2024-11-01 17:00:00+00:00,0.6422,0.6439,0.6374,0.6374,3509033.56
2024-11-01 18:00:00+00:00,0.6374,0.6377,0.6339,0.6341,2068299.54
2024-11-01 19:00:00+00:00,0.6341,0.6368,0.6308,0.6363,3215640.6
2024-11-01 20:00:00+00:00,0.6363,0.6401,0.6338,0.6382,2178290.29
2024-11-01 21:00:00+00:00,0.6382,0.6389,0.6294,0.6388,3920441.93
2024-11-01 22:00:00+00:00,0.6388,0.6418,0.6368,0.6385,1508714.97
2024-11-01 23:00:00+00:00,0.6385,0.6404,0.6375,0.64,814794.04
2024-11-02 00:00:00+00:00,0.64,0.6476,0.6399,0.6424,4584491.76
2024-11-02 01:00:00+00:00,0.6424,0.6429,0.6392,0.6416,1016076.69
2024-11-02 02:00:00+00:00,0.6416,0.644,0.6401,0.6406,672537.36
2024-11-02 03:00:00+00:00,0.6406,0.6414,0.6374,0.6382,704224.02
2024-11-02 04:00:00+00:00,0.6382,0.6413,0.6379,0.6406,857643.07
2024-11-02 05:00:00+00:00,0.6406,0.6426,0.6391,0.6418,3481753.34
2024-11-02 06:00:00+00:00,0.6418,0.6452,0.64,0.6443,925582.31
2024-11-02 07:00:00+00:00,0.6443,0.6458,0.6424,0.6453,674396.64
2024-11-02 08:00:00+00:00,0.6453,0.6461,0.638,0.6382,1793450.22
2024-11-02 09:00:00+00:00,0.6382,0.6404,0.636,0.6364,1425299.44
2024-11-02 10:00:00+00:00,0.6364,0.6366,0.6316,0.6317,2486943.95
2024-11-02 11:00:00+00:00,0.6317,0.6351,0.6299,0.631,2298108.24
2024-11-02 12:00:00+00:00,0.631,0.6326,0.6233,0.6251,3869413.29
2024-11-02 13:00:00+00:00,0.6251,0.6291,0.6183,0.6186,4083631.96
2024-11-02 14:00:00+00:00,0.6186,0.6218,0.6155,0.6207,3187367.35
2024-11-02 15:00:00+00:00,0.6207,0.622,0.6165,0.6198,1510132.44
2024-11-02 16:00:00+00:00,0.6198,0.6254,0.6181,0.6234,2070564.55
2024-11-02 17:00:00+00:00,0.6234,0.6238,0.6164,0.6179,1740038.83
2024-11-02 18:00:00+00:00,0.6179,0.6198,0.6137,0.6175,1684819.25
2024-11-02 19:00:00+00:00,0.6175,0.6204,0.6171,0.6196,1406564.55
2024-11-02 20:00:00+00:00,0.6196,0.6236,0.6186,0.6234,877930.21
2024-11-02 21:00:00+00:00,0.6234,0.6239,0.617,0.6195,1936857.55
2024-11-02 22:00:00+00:00,0.6195,0.621,0.6173,0.6176,958921.57
2024-11-02 23:00:00+00:00,0.6176,0.6194,0.6153,0.6194,1268786.16
2024-11-03 00:00:00+00:00,0.6194,0.6219,0.6159,0.6159,1086497.49
2024-11-03 01:00:00+00:00,0.6159,0.6221,0.6154,0.6169,4216948.81
2024-11-03 02:00:00+00:00,0.6169,0.6204,0.5972,0.6004,11375968.65
2024-11-03 03:00:00+00:00,0.6004,0.6048,0.5936,0.6028,4632850.19
2024-11-03 04:00:00+00:00,0.6028,0.6112,0.6023,0.6109,1698321.2
2024-11-03 05:00:00+00:00,0.6109,0.612,0.6038,0.604,1392747.57
2024-11-03 06:00:00+00:00,0.604,0.6124,0.604,0.6097,2209710.88
2024-11-03 07:00:00+00:00,0.6097,0.6103,0.6051,0.6081,4350826.65
2024-11-03 08:00:00+00:00,0.6081,0.6096,0.6059,0.6067,1133057.0
2024-11-03 09:00:00+00:00,0.6067,0.6072,0.5987,0.5992,2110616.43
2024-11-03 10:00:00+00:00,0.5992,0.6049,0.5991,0.6028,909927.52
2024-11-03 11:00:00+00:00,0.6028,0.6055,0.5941,0.5942,2145589.42
2024-11-03 12:00:00+00:00,0.5942,0.5979,0.5917,0.5919,1484542.07
2024-11-03 13:00:00+00:00,0.5919,0.5936,0.574,0.5747,7176374.53
2024-11-03 14:00:00+00:00,0.5747,0.5775,0.5638,0.5666,12626739.43
2024-11-03 15:00:00+00:00,0.5666,0.5746,0.5613,0.5717,8325780.58
2024-11-03 16:00:00+00:00,0.5717,0.5824,0.5693,0.5762,8327687.04
2024-11-03 17:00:00+00:00,0.5762,0.5861,0.5762,0.5794,3865923.73
2024-11-03 18:00:00+00:00,0.5794,0.5814,0.5683,0.5698,3236308.49
2024-11-03 19:00:00+00:00,0.5698,0.5844,0.5694,0.5828,4105385.2
2024-11-03 20:00:00+00:00,0.5828,0.5908,0.5808,0.5905,3270363.41
2024-11-03 21:00:00+00:00,0.5905,0.5984,0.5904,0.5937,4540889.09
2024-11-03 22:00:00+00:00,0.5937,0.5967,0.5926,0.596,2054569.91
2024-11-03 23:00:00+00:00,0.596,0.6015,0.592,0.5985,4401546.06
2024-11-04 00:00:00+00:00,0.5985,0.6014,0.5893,0.5945,2862961.28
2024-11-04 01:00:00+00:00,0.5945,0.6084,0.5923,0.6008,4821558.89
2024-11-04 02:00:00+00:00,0.6008,0.6016,0.595,0.5982,3413430.08
2024-11-04 03:00:00+00:00,0.5982,0.602,0.5911,0.5911,2705036.82
2024-11-04 04:00:00+00:00,0.5911,0.5962,0.5889,0.5899,2950374.35
2024-11-04 05:00:00+00:00,0.5899,0.5903,0.5803,0.581,2044537.3
2024-11-04 06:00:00+00:00,0.581,0.5892,0.581,0.5874,1834625.38
2024-11-04 07:00:00+00:00,0.5874,0.5896,0.5811,0.5818,2495618.45
2024-11-04 08:00:00+00:00,0.5818,0.5857,0.5785,0.5801,2685863.32
2024-11-04 09:00:00+00:00,0.5801,0.5871,0.58,0.5819,2612920.88
2024-11-04 10:00:00+00:00,0.5819,0.5927,0.5814,0.583,3920065.85
2024-11-04 11:00:00+00:00,0.583,0.5889,0.5804,0.5837,2632514.94
2024-11-04 12:00:00+00:00,0.5837,0.5895,0.5811,0.5819,2996097.85
2024-11-04 13:00:00+00:00,0.5819,0.5885,0.5773,0.5775,3084841.2
2024-11-04 14:00:00+00:00,0.5775,0.5795,0.5724,0.5758,4196719.76
2024-11-04 15:00:00+00:00,0.5758,0.5784,0.5705,0.5736,3048841.91
2024-11-04 16:00:00+00:00,0.5736,0.5748,0.5617,0.5631,4445804.56
2024-11-04 17:00:00+00:00,0.5631,0.5715,0.5617,0.5686,4297167.39
2024-11-04 18:00:00+00:00,0.5686,0.5707,0.5642,0.565,1764289.92
2024-11-04 19:00:00+00:00,0.565,0.5697,0.5636,0.5641,1798295.93
2024-11-04 20:00:00+00:00,0.5641,0.5641,0.5545,0.5552,3949863.0
2024-11-04 21:00:00+00:00,0.5552,0.5601,0.5301,0.5319,15732024.38
2024-11-04 22:00:00+00:00,0.5319,0.5493,0.5303,0.5465,7898373.24
2024-11-04 23:00:00+00:00,0.5465,0.5477,0.542,0.5459,4560784.77
2024-11-05 00:00:00+00:00,0.5459,0.5561,0.5456,0.554,8210217.79
2024-11-05 01:00:00+00:00,0.554,0.5559,0.5455,0.5546,4858944.73
2024-11-05 02:00:00+00:00,0.5546,0.5549,0.547,0.5482,2436904.49
2024-11-05 03:00:00+00:00,0.5482,0.5548,0.5482,0.5546,1770881.12
2024-11-05 04:00:00+00:00,0.5546,0.5646,0.5545,0.5608,3038934.6
2024-11-05 05:00:00+00:00,0.5608,0.5705,0.5608,0.5699,2252852.41
2024-11-05 06:00:00+00:00,0.5699,0.5709,0.565,0.5651,2111181.38
2024-11-05 07:00:00+00:00,0.5651,0.5681,0.5614,0.5662,2570004.05
2024-11-05 08:00:00+00:00,0.5662,0.5684,0.5644,0.5682,5615499.32
2024-11-05 09:00:00+00:00,0.5682,0.5734,0.5675,0.5689,3602374.3
2024-11-05 10:00:00+00:00,0.5689,0.5698,0.565,0.5659,1510559.7
2024-11-05 11:00:00+00:00,0.5659,0.5723,0.5646,0.5711,1904670.71
2024-11-05 12:00:00+00:00,0.5711,0.5771,0.5695,0.5765,2806419.83
2024-11-05 13:00:00+00:00,0.5765,0.5805,0.5733,0.5786,7367282.18
2024-11-05 14:00:00+00:00,0.5786,0.6098,0.5766,0.6046,18718267.17
2024-11-05 15:00:00+00:00,0.6046,0.6058,0.5876,0.5903,12818651.18
2024-11-05 16:00:00+00:00,0.5903,0.5989,0.5898,0.5961,5279108.92
2024-11-05 17:00:00+00:00,0.5961,0.5984,0.5882,0.5884,6462296.39
2024-11-05 18:00:00+00:00,0.5884,0.5902,0.5848,0.5849,4070691.24
2024-11-05 19:00:00+00:00,0.5849,0.5867,0.5724,0.5743,5757534.85
2024-11-05 20:00:00+00:00,0.5743,0.5823,0.5724,0.5782,6193400.66
2024-11-05 21:00:00+00:00,0.5782,0.5814,0.5764,0.5774,2176936.44
2024-11-05 22:00:00+00:00,0.5774,0.5836,0.5745,0.5835,2364457.66
2024-11-05 23:00:00+00:00,0.5835,0.5873,0.5813,0.5828,2604307.89
2024-11-06 00:00:00+00:00,0.5828,0.6103,0.5826,0.6079,12451400.49
2024-11-06 01:00:00+00:00,0.6079,0.6134,0.6024,0.6039,11148005.75
2024-11-06 02:00:00+00:00,0.6039,0.6363,0.6017,0.6357,14236160.39
2024-11-06 03:00:00+00:00,0.6357,0.6537,0.634,0.6465,30653725.71
2024-11-06 04:00:00+00:00,0.6465,0.6674,0.6426,0.66,22989907.88
2024-11-06 05:00:00+00:00,0.66,0.6631,0.6493,0.6629,11102472.49
2024-11-06 06:00:00+00:00,0.6629,0.6671,0.653,0.653,15969524.02
2024-11-06 07:00:00+00:00,0.653,0.6696,0.6526,0.6546,17983778.99
2024-11-06 08:00:00+00:00,0.6546,0.6578,0.6379,0.6507,22472275.53
2024-11-06 09:00:00+00:00,0.6507,0.6581,0.6507,0.6568,5593938.4
2024-11-06 10:00:00+00:00,0.6568,0.6658,0.652,0.6592,6394558.7
2024-11-06 11:00:00+00:00,0.6592,0.662,0.6554,0.6591,4876995.69
2024-11-06 12:00:00+00:00,0.6591,0.6629,0.6581,0.6591,2808479.01
2024-11-06 13:00:00+00:00,0.6591,0.6604,0.6517,0.659,4356395.23
2024-11-06 14:00:00+00:00,0.659,0.6613,0.6451,0.646,13108326.39
2024-11-06 15:00:00+00:00,0.646,0.6563,0.6451,0.6535,11164449.04
2024-11-06 16:00:00+00:00,0.6535,0.6628,0.65,0.662,6730537.15
2024-11-06 17:00:00+00:00,0.662,0.6667,0.6572,0.6625,8457510.7
2024-11-06 18:00:00+00:00,0.6625,0.6772,0.6625,0.675,12930019.56
2024-11-06 19:00:00+00:00,0.675,0.6847,0.6731,0.6787,8124898.82
2024-11-06 20:00:00+00:00,0.6787,0.6846,0.6765,0.6796,5368218.27
2024-11-06 21:00:00+00:00,0.6796,0.6864,0.6775,0.6858,4908357.11
2024-11-06 22:00:00+00:00,0.6858,0.7008,0.6795,0.6988,5624622.08
2024-11-06 23:00:00+00:00,0.6988,0.7004,0.6859,0.6886,4801090.39
2024-11-07 00:00:00+00:00,0.6886,0.6967,0.6885,0.6963,5156197.18
2024-11-07 01:00:00+00:00,0.6963,0.7098,0.6961,0.7009,10500840.33
2024-11-07 02:00:00+00:00,0.7009,0.7284,0.7006,0.7238,8973341.21
2024-11-07 03:00:00+00:00,0.7238,0.7273,0.712,0.714,8890807.97
2024-11-07 04:00:00+00:00,0.714,0.7149,0.7025,0.707,5707303.08
2024-11-07 05:00:00+00:00,0.707,0.7083,0.7011,0.7028,2464274.2
2024-11-07 06:00:00+00:00,0.7028,0.7042,0.6845,0.6892,7856730.41
2024-11-07 07:00:00+00:00,0.6892,0.696,0.6881,0.6957,4202584.17
2024-11-07 08:00:00+00:00,0.6957,0.7085,0.6953,0.7076,4134360.7
2024-11-07 09:00:00+00:00,0.7076,0.7121,0.7026,0.7115,2669773.92
2024-11-07 10:00:00+00:00,0.7115,0.7117,0.7032,0.7079,4670098.16
2024-11-07 11:00:00+00:00,0.7079,0.7092,0.7038,0.704,2048979.49
2024-11-07 12:00:00+00:00,0.704,0.7157,0.704,0.7114,3190938.45
2024-11-07 13:00:00+00:00,0.7114,0.7163,0.7005,0.701,4500224.93
2024-11-07 14:00:00+00:00,0.701,0.7141,0.6998,0.7088,9016078.23
2024-11-07 15:00:00+00:00,0.7088,0.7285,0.7066,0.7281,13164488.53
2024-11-07 16:00:00+00:00,0.7281,0.7312,0.7159,0.7213,10331109.37
2024-11-07 17:00:00+00:00,0.7213,0.7258,0.7157,0.7199,4949795.18
2024-11-07 18:00:00+00:00,0.7199,0.7254,0.7104,0.7216,6698645.21
2024-11-07 19:00:00+00:00,0.7216,0.7236,0.7124,0.7205,10130072.35
2024-11-07 20:00:00+00:00,0.7205,0.7253,0.7169,0.7223,4647981.27
2024-11-07 21:00:00+00:00,0.7223,0.7345,0.7201,0.7302,6548745.83
2024-11-07 22:00:00+00:00,0.7302,0.7341,0.7187,0.7236,4999704.95
2024-11-07 23:00:00+00:00,0.7236,0.7276,0.7163,0.7222,3215530.21
2024-11-08 00:00:00+00:00,0.7222,0.7359,0.7222,0.7309,6855324.61
2024-11-08 01:00:00+00:00,0.7309,0.7369,0.7236,0.7265,5648768.59
2024-11-08 02:00:00+00:00,0.7265,0.7272,0.7108,0.7115,4630748.29
2024-11-08 03:00:00+00:00,0.7115,0.7212,0.7087,0.7209,3222164.94
2024-11-08 04:00:00+00:00,0.7209,0.7237,0.7147,0.7148,2021863.49
2024-11-08 05:00:00+00:00,0.7148,0.7236,0.7146,0.7193,2230710.64
2024-11-08 06:00:00+00:00,0.7193,0.7226,0.7118,0.7126,2800385.18
2024-11-08 07:00:00+00:00,0.7126,0.7162,0.7069,0.7134,2887831.12
2024-11-08 08:00:00+00:00,0.7134,0.7135,0.705,0.7058,3568259.15
2024-11-08 09:00:00+00:00,0.7058,0.7114,0.7054,0.7089,2051912.17
2024-11-08 10:00:00+00:00,0.7089,0.715,0.7054,0.7138,2356744.81
2024-11-08 11:00:00+00:00,0.7138,0.7148,0.7077,0.7115,2803245.51
2024-11-08 12:00:00+00:00,0.7115,0.7187,0.7087,0.7175,3552129.45
2024-11-08 13:00:00+00:00,0.7175,0.7202,0.7132,0.7201,3168429.54
2024-11-08 14:00:00+00:00,0.7201,0.7324,0.7102,0.7117,11870131.8
2024-11-08 15:00:00+00:00,0.7117,0.727,0.7073,0.7201,9115043.3
2024-11-08 16:00:00+00:00,0.7201,0.7301,0.7055,0.7063,11072031.65
2024-11-08 17:00:00+00:00,0.7063,0.7191,0.6981,0.7173,10821582.91
2024-11-08 18:00:00+00:00,0.7173,0.7226,0.7125,0.7203,6048684.18
2024-11-08 19:00:00+00:00,0.7203,0.7242,0.7173,0.7174,3495882.47
2024-11-08 20:00:00+00:00,0.7174,0.7181,0.7036,0.7077,5314101.21
2024-11-08 21:00:00+00:00,0.7077,0.7151,0.7038,0.7146,3035537.1
2024-11-08 22:00:00+00:00,0.7146,0.7198,0.7131,0.7161,1895636.8
2024-11-08 23:00:00+00:00,0.7161,0.7188,0.7126,0.7185,1240364.4
2024-11-09 00:00:00+00:00,0.7185,0.7279,0.7145,0.7225,3767485.46
2024-11-09 01:00:00+00:00,0.7225,0.7257,0.7129,0.7156,2822483.6
2024-11-09 02:00:00+00:00,0.7156,0.7242,0.7123,0.7241,2860792.11
2024-11-09 03:00:00+00:00,0.7241,0.7283,0.7213,0.7265,4171916.53
2024-11-09 04:00:00+00:00,0.7265,0.7328,0.7264,0.7305,3908340.08
2024-11-09 05:00:00+00:00,0.7305,0.7487,0.7305,0.747,7008635.86
2024-11-09 06:00:00+00:00,0.747,0.764,0.745,0.7551,16650070.63
2024-11-09 07:00:00+00:00,0.7551,0.7566,0.7412,0.7465,4965983.82
2024-11-09 08:00:00+00:00,0.7465,0.752,0.7423,0.7427,3281090.38
2024-11-09 09:00:00+00:00,0.7427,0.7472,0.7399,0.7436,3670140.96
2024-11-09 10:00:00+00:00,0.7436,0.7537,0.7395,0.7495,5764366.12
2024-11-09 11:00:00+00:00,0.7495,0.7516,0.7445,0.7495,2658576.05
2024-11-09 12:00:00+00:00,0.7495,0.7537,0.7417,0.7455,6721101.02
2024-11-09 13:00:00+00:00,0.7455,0.7488,0.7335,0.7345,4663443.76
2024-11-09 14:00:00+00:00,0.7345,0.7358,0.7183,0.724,6641611.77
2024-11-09 15:00:00+00:00,0.724,0.7291,0.7186,0.7255,3090442.96
2024-11-09 16:00:00+00:00,0.7255,0.727,0.7201,0.7246,2617129.57
2024-11-09 17:00:00+00:00,0.7246,0.7247,0.7105,0.7232,4827858.99
2024-11-09 18:00:00+00:00,0.7232,0.733,0.722,0.7329,3382734.39
2024-11-09 19:00:00+00:00,0.7329,0.7381,0.7301,0.7343,5504224.13
2024-11-09 20:00:00+00:00,0.7343,0.7412,0.7312,0.7404,3034267.28
2024-11-09 21:00:00+00:00,0.7404,0.7474,0.7394,0.7461,3034402.85
2024-11-09 22:00:00+00:00,0.7461,0.7651,0.7458,0.7636,6091163.34
2024-11-09 23:00:00+00:00,0.7636,0.7655,0.7542,0.7567,7488396.23
2024-11-10 00:00:00+00:00,0.7567,0.758,0.7403,0.741,9116012.72
2024-11-10 01:00:00+00:00,0.741,0.7413,0.7319,0.7352,4450222.68
2024-11-10 02:00:00+00:00,0.7352,0.7527,0.734,0.7471,5377518.21
2024-11-10 03:00:00+00:00,0.7471,0.7595,0.7447,0.7566,5265470.58
2024-11-10 04:00:00+00:00,0.7566,0.7709,0.7547,0.7678,9306721.89
2024-11-10 05:00:00+00:00,0.7678,0.7788,0.7606,0.7643,11618061.15
2024-11-10 06:00:00+00:00,0.7643,0.7701,0.7591,0.7638,6714711.12
2024-11-10 07:00:00+00:00,0.7638,0.7666,0.7591,0.7664,4023812.5
2024-11-10 08:00:00+00:00,0.7664,0.7771,0.7664,0.7749,8385375.0
2024-11-10 09:00:00+00:00,0.7749,0.7853,0.7742,0.7803,14680231.0
2024-11-10 10:00:00+00:00,0.7803,0.7883,0.7785,0.7817,9303220.45
2024-11-10 11:00:00+00:00,0.7817,0.7834,0.7746,0.7789,6517366.64
2024-11-10 12:00:00+00:00,0.7789,0.783,0.7645,0.783,11913627.08
2024-11-10 13:00:00+00:00,0.783,0.7858,0.7756,0.7858,8386933.55
2024-11-10 14:00:00+00:00,0.7858,0.8035,0.7757,0.7832,23016812.14
2024-11-10 15:00:00+00:00,0.7832,0.7949,0.7787,0.7938,9348484.57
2024-11-10 16:00:00+00:00,0.7938,0.8033,0.7883,0.801,11094563.79
2024-11-10 17:00:00+00:00,0.801,0.8246,0.7944,0.8099,16374140.46
2024-11-10 18:00:00+00:00,0.8099,0.824,0.8021,0.8025,16896723.18
2024-11-10 19:00:00+00:00,0.8025,0.8086,0.7708,0.7774,13700081.44
2024-11-10 20:00:00+00:00,0.7774,0.7827,0.7577,0.758,15726452.29
2024-11-10 21:00:00+00:00,0.758,0.7871,0.7332,0.781,21894928.58
2024-11-10 22:00:00+00:00,0.781,0.7929,0.7675,0.782,9981541.04
2024-11-10 23:00:00+00:00,0.782,0.7894,0.7788,0.7856,6029880.92
2024-11-11 00:00:00+00:00,0.7856,0.7922,0.7719,0.7857,9515954.31
2024-11-11 01:00:00+00:00,0.7857,0.7911,0.7782,0.7835,5525909.09
2024-11-11 02:00:00+00:00,0.7835,0.8073,0.7827,0.8067,7642855.1
2024-11-11 03:00:00+00:00,0.8067,0.8095,0.7989,0.8014,6690502.57
2024-11-11 04:00:00+00:00,0.8014,0.8017,0.7797,0.7881,7098591.82
2024-11-11 05:00:00+00:00,0.7881,0.79,0.751,0.7607,10076713.67
2024-11-11 06:00:00+00:00,0.7607,0.7706,0.7548,0.7654,10065717.62
2024-11-11 07:00:00+00:00,0.7654,0.7695,0.7573,0.768,7687447.0
2024-11-11 08:00:00+00:00,0.768,0.7715,0.7617,0.7689,4962305.32
2024-11-11 09:00:00+00:00,0.7689,0.7745,0.7632,0.7737,6920710.38
2024-11-11 10:00:00+00:00,0.7737,0.783,0.7672,0.7744,10582739.21
2024-11-11 11:00:00+00:00,0.7744,0.7863,0.7711,0.7848,4250426.71
2024-11-11 12:00:00+00:00,0.7848,0.7994,0.7762,0.7845,12339223.68
2024-11-11 13:00:00+00:00,0.7845,0.7852,0.7649,0.7725,9965814.57
2024-11-11 14:00:00+00:00,0.7725,0.7821,0.7649,0.7788,8393255.87
2024-11-11 15:00:00+00:00,0.7788,0.7984,0.7774,0.7906,12781477.45
2024-11-11 16:00:00+00:00,0.7906,0.8149,0.7871,0.8058,13874844.65
2024-11-11 17:00:00+00:00,0.8058,0.826,0.8058,0.8259,11554275.62
2024-11-11 18:00:00+00:00,0.8259,0.8275,0.8114,0.8203,12059983.8
2024-11-11 19:00:00+00:00,0.8203,0.8315,0.8108,0.8255,11704142.29
2024-11-11 20:00:00+00:00,0.8255,0.8325,0.8202,0.8257,10558678.48
2024-11-11 21:00:00+00:00,0.8257,0.8302,0.8123,0.8198,9292471.35
2024-11-11 22:00:00+00:00,0.8198,0.82,0.7929,0.8121,10340505.92
2024-11-11 23:00:00+00:00,0.8121,0.8393,0.8103,0.8369,9997501.63
2024-11-12 00:00:00+00:00,0.8369,0.8369,0.8015,0.832,14288167.52
2024-11-12 01:00:00+00:00,0.832,0.832,0.8159,0.817,6706604.6
2024-11-12 02:00:00+00:00,0.817,0.8176,0.8024,0.8102,5998891.53
2024-11-12 03:00:00+00:00,0.8102,0.8248,0.8016,0.8247,5147619.44
2024-11-12 04:00:00+00:00,0.8247,0.826,0.8052,0.8052,5963080.98
2024-11-12 05:00:00+00:00,0.8052,0.8111,0.7954,0.8031,6276182.78
2024-11-12 06:00:00+00:00,0.8031,0.8096,0.7914,0.8043,7906396.94
2024-11-12 07:00:00+00:00,0.8043,0.8102,0.7998,0.8072,6108820.32
2024-11-12 08:00:00+00:00,0.8072,0.8266,0.8048,0.8259,8644556.48
2024-11-12 09:00:00+00:00,0.8259,0.8345,0.7769,0.7769,23969456.32
2024-11-12 10:00:00+00:00,0.7769,0.7855,0.7295,0.7577,32174184.89
2024-11-12 11:00:00+00:00,0.7577,0.7659,0.7463,0.7498,27146173.44
2024-11-12 12:00:00+00:00,0.7498,0.7561,0.7267,0.7369,13167311.96
2024-11-12 13:00:00+00:00,0.7369,0.7406,0.7203,0.7381,23444815.67
2024-11-12 14:00:00+00:00,0.7381,0.7495,0.7292,0.7492,18258130.22
2024-11-12 15:00:00+00:00,0.7492,0.7511,0.7356,0.7374,8220855.71
2024-11-12 16:00:00+00:00,0.7374,0.739,0.7204,0.7353,9503929.87
2024-11-12 17:00:00+00:00,0.7353,0.7488,0.7334,0.7379,5018053.88
2024-11-12 18:00:00+00:00,0.7379,0.756,0.7379,0.7514,5505945.58
2024-11-12 19:00:00+00:00,0.7514,0.7632,0.7487,0.7557,5853556.5
2024-11-12 20:00:00+00:00,0.7557,0.7687,0.7524,0.7629,5235059.63
2024-11-12 21:00:00+00:00,0.7629,0.7682,0.7501,0.7631,6849921.94
2024-11-12 22:00:00+00:00,0.7631,0.7832,0.7571,0.7831,5523022.5
2024-11-12 23:00:00+00:00,0.7831,0.7831,0.7615,0.7638,4901648.07
2024-11-13 00:00:00+00:00,0.7638,0.7692,0.7517,0.7517,6903415.36
2024-11-13 01:00:00+00:00,0.7517,0.7607,0.7315,0.7447,13674179.83
2024-11-13 02:00:00+00:00,0.7447,0.7464,0.7161,0.7329,9334024.96
2024-11-13 03:00:00+00:00,0.7329,0.7338,0.7095,0.7099,8462839.67
2024-11-13 04:00:00+00:00,0.7099,0.7241,0.6841,0.7039,13804965.09
2024-11-13 05:00:00+00:00,0.7039,0.7052,0.685,0.6909,17795641.25
2024-11-13 06:00:00+00:00,0.6909,0.7024,0.6802,0.6933,9940659.03
2024-11-13 07:00:00+00:00,0.6933,0.7105,0.6909,0.7092,10434907.63
2024-11-13 08:00:00+00:00,0.7092,0.7134,0.7009,0.703,5077476.99
2024-11-13 09:00:00+00:00,0.703,0.7068,0.6949,0.6988,4488468.15
2024-11-13 10:00:00+00:00,0.6988,0.7169,0.6936,0.7155,8480892.52
2024-11-13 11:00:00+00:00,0.7155,0.7263,0.7132,0.7205,6286610.39
2024-11-13 12:00:00+00:00,0.7205,0.7239,0.7104,0.7199,5490025.43
2024-11-13 13:00:00+00:00,0.7199,0.7573,0.7152,0.7512,21169688.8
2024-11-13 14:00:00+00:00,0.7512,0.7731,0.7438,0.7621,26390418.52
2024-11-13 15:00:00+00:00,0.7621,0.7623,0.7396,0.7544,19336263.87
2024-11-13 16:00:00+00:00,0.7544,0.7602,0.7397,0.7455,16587165.6
2024-11-13 17:00:00+00:00,0.7455,0.752,0.7401,0.7455,5561472.88
2024-11-13 18:00:00+00:00,0.7455,0.7508,0.7331,0.743,7781571.02
2024-11-13 19:00:00+00:00,0.743,0.7442,0.6928,0.6949,28044202.43
2024-11-13 20:00:00+00:00,0.6949,0.7073,0.683,0.6955,13256818.35
2024-11-13 21:00:00+00:00,0.6955,0.6976,0.6775,0.6906,13532017.6
2024-11-13 22:00:00+00:00,0.6906,0.7024,0.6859,0.7003,4545828.12
2024-11-13 23:00:00+00:00,0.7003,0.7067,0.6939,0.7043,4172091.31
2024-11-14 00:00:00+00:00,0.7043,0.7048,0.6894,0.6899,6411640.65
2024-11-14 01:00:00+00:00,0.6899,0.7032,0.6888,0.702,7537150.09
2024-11-14 02:00:00+00:00,0.702,0.7076,0.6932,0.7015,6123271.13
2024-11-14 03:00:00+00:00,0.7015,0.7069,0.69,0.7062,4997384.77
2024-11-14 04:00:00+00:00,0.7062,0.7151,0.7006,0.7142,14424555.86
2024-11-14 05:00:00+00:00,0.7142,0.7242,0.7117,0.7231,6420545.98
2024-11-14 06:00:00+00:00,0.7231,0.7426,0.7144,0.7145,11359260.64
2024-11-14 07:00:00+00:00,0.7145,0.7254,0.7086,0.7239,14115905.82
2024-11-14 08:00:00+00:00,0.7239,0.7303,0.7172,0.7214,9009469.08
2024-11-14 09:00:00+00:00,0.7214,0.7275,0.7141,0.7202,6827558.94
2024-11-14 10:00:00+00:00,0.7202,0.7241,0.7015,0.7022,6642910.61
2024-11-14 11:00:00+00:00,0.7022,0.7047,0.6903,0.7028,7297051.66
2024-11-14 12:00:00+00:00,0.7028,0.7047,0.696,0.7031,3931325.74
2024-11-14 13:00:00+00:00,0.7031,0.7092,0.6963,0.6985,5807725.86
2024-11-14 14:00:00+00:00,0.6985,0.7098,0.6822,0.6853,17921773.05
2024-11-14 15:00:00+00:00,0.6853,0.6901,0.669,0.682,18527710.77
2024-11-14 16:00:00+00:00,0.682,0.7056,0.6771,0.7031,11424146.22
2024-11-14 17:00:00+00:00,0.7031,0.7037,0.6939,0.6996,5994179.4
2024-11-14 18:00:00+00:00,0.6996,0.7019,0.6915,0.6939,3448056.93
2024-11-14 19:00:00+00:00,0.6939,0.6978,0.6878,0.6938,3186833.13
2024-11-14 20:00:00+00:00,0.6938,0.6938,0.6828,0.6835,3598594.47
2024-11-14 21:00:00+00:00,0.6835,0.6929,0.6814,0.6915,4449781.12
2024-11-14 22:00:00+00:00,0.6915,0.6926,0.6734,0.6803,5267544.76
2024-11-14 23:00:00+00:00,0.6803,0.6821,0.6601,0.6721,8152061.69
2024-11-15 00:00:00+00:00,0.6721,0.6835,0.6683,0.6687,5263385.2
2024-11-15 01:00:00+00:00,0.6687,0.6789,0.664,0.677,4271151.67
2024-11-15 02:00:00+00:00,0.677,0.6807,0.6684,0.6799,2513616.48
2024-11-15 03:00:00+00:00,0.6799,0.6823,0.6749,0.6792,1916467.09
2024-11-15 04:00:00+00:00,0.6792,0.6796,0.6601,0.6663,3981038.97
2024-11-15 05:00:00+00:00,0.6663,0.676,0.6601,0.675,8991340.66
2024-11-15 06:00:00+00:00,0.675,0.687,0.675,0.684,7848786.26
2024-11-15 07:00:00+00:00,0.684,0.688,0.6792,0.68,5309104.16
2024-11-15 08:00:00+00:00,0.68,0.6908,0.6734,0.6903,5842989.81
2024-11-15 09:00:00+00:00,0.6903,0.7026,0.6903,0.6989,6256156.19
2024-11-15 10:00:00+00:00,0.6989,0.7039,0.6966,0.7009,3578493.44
2024-11-15 11:00:00+00:00,0.7009,0.7098,0.7009,0.7091,4100108.56
2024-11-15 12:00:00+00:00,0.7091,0.7182,0.7064,0.7116,5711579.03
2024-11-15 13:00:00+00:00,0.7116,0.7279,0.7091,0.7247,12584195.34
2024-11-15 14:00:00+00:00,0.7247,0.7277,0.7094,0.7133,11010265.76
2024-11-15 15:00:00+00:00,0.7133,0.7135,0.6863,0.6886,15147244.78
2024-11-15 16:00:00+00:00,0.6886,0.7047,0.6862,0.6931,11485717.04
2024-11-15 17:00:00+00:00,0.6931,0.7037,0.6905,0.6905,5829931.83
2024-11-15 18:00:00+00:00,0.6905,0.6955,0.6839,0.6895,6841607.01
2024-11-15 19:00:00+00:00,0.6895,0.701,0.6873,0.6968,6124567.35
2024-11-15 20:00:00+00:00,0.6968,0.7143,0.6962,0.7122,6648812.5
2024-11-15 21:00:00+00:00,0.7122,0.7155,0.7098,0.7124,3585387.17
2024-11-15 22:00:00+00:00,0.7124,0.7194,0.7103,0.7176,3035920.84
2024-11-15 23:00:00+00:00,0.7176,0.7199,0.7038,0.7061,6414557.13
2024-11-16 00:00:00+00:00,0.7061,0.7071,0.6986,0.7021,3786835.95
2024-11-16 01:00:00+00:00,0.7021,0.7113,0.7017,0.7074,1869472.74
2024-11-16 02:00:00+00:00,0.7074,0.7114,0.7044,0.7077,2559422.4
2024-11-16 03:00:00+00:00,0.7077,0.7234,0.7075,0.7229,4030015.37
2024-11-16 04:00:00+00:00,0.7229,0.725,0.7146,0.7213,6044143.46
2024-11-16 05:00:00+00:00,0.7213,0.7294,0.7184,0.7286,4951789.03
2024-11-16 06:00:00+00:00,0.7286,0.733,0.7189,0.7221,4134438.14
2024-11-16 07:00:00+00:00,0.7221,0.726,0.7162,0.7178,2659682.78
2024-11-16 08:00:00+00:00,0.7178,0.734,0.7148,0.7298,17182388.28
2024-11-16 09:00:00+00:00,0.7298,0.7364,0.7233,0.7233,5746737.4
2024-11-16 10:00:00+00:00,0.7233,0.7336,0.7214,0.7305,5254016.23
2024-11-16 11:00:00+00:00,0.7305,0.7495,0.7277,0.749,7892817.05
2024-11-16 12:00:00+00:00,0.749,0.7684,0.745,0.7529,17485112.81
2024-11-16 13:00:00+00:00,0.7529,0.7623,0.741,0.7431,9124858.26
2024-11-16 14:00:00+00:00,0.7431,0.7484,0.7377,0.7453,5649006.18
2024-11-16 15:00:00+00:00,0.7453,0.7487,0.7222,0.7302,12830672.69
2024-11-16 16:00:00+00:00,0.7302,0.7457,0.7249,0.744,7724787.94
2024-11-16 17:00:00+00:00,0.744,0.7533,0.7404,0.7512,4352365.06
2024-11-16 18:00:00+00:00,0.7512,0.7582,0.7486,0.7525,3908318.65
2024-11-16 19:00:00+00:00,0.7525,0.7593,0.7499,0.7575,7475824.41
2024-11-16 20:00:00+00:00,0.7575,0.7637,0.7486,0.7505,8070528.97
2024-11-16 21:00:00+00:00,0.7505,0.7626,0.7504,0.7602,4565985.2
2024-11-16 22:00:00+00:00,0.7602,0.7615,0.7434,0.7435,4910143.64
2024-11-16 23:00:00+00:00,0.7435,0.7484,0.7411,0.7449,3944841.39
2024-11-17 00:00:00+00:00,0.7449,0.7533,0.7439,0.7458,3205117.57
2024-11-17 01:00:00+00:00,0.7458,0.7482,0.7171,0.7216,7216904.53
2024-11-17 02:00:00+00:00,0.7216,0.7219,0.6948,0.7057,16450797.43
2024-11-17 03:00:00+00:00,0.7057,0.7121,0.6972,0.7121,3809588.68
2024-11-17 04:00:00+00:00,0.7121,0.7591,0.7087,0.7451,15316091.93
2024-11-17 05:00:00+00:00,0.7451,0.7553,0.7415,0.7418,6837446.26
2024-11-17 06:00:00+00:00,0.7418,0.7658,0.7383,0.7656,6602419.81
2024-11-17 07:00:00+00:00,0.7656,0.7666,0.7569,0.7585,6825649.28
2024-11-17 08:00:00+00:00,0.7585,0.7624,0.7499,0.7506,6126418.9
2024-11-17 09:00:00+00:00,0.7506,0.753,0.7405,0.7451,6392470.14
2024-11-17 10:00:00+00:00,0.7451,0.7459,0.7361,0.7383,4022752.66
2024-11-17 11:00:00+00:00,0.7383,0.7391,0.7249,0.7265,6623419.75
2024-11-17 12:00:00+00:00,0.7265,0.7411,0.7247,0.7398,3258624.51
2024-11-17 13:00:00+00:00,0.7398,0.7398,0.7251,0.732,5628613.22
2024-11-17 14:00:00+00:00,0.732,0.7373,0.7097,0.715,14647715.99
2024-11-17 15:00:00+00:00,0.715,0.7201,0.7093,0.715,3711695.61
2024-11-17 16:00:00+00:00,0.715,0.718,0.7084,0.7167,5905989.51
2024-11-17 17:00:00+00:00,0.7167,0.7193,0.7109,0.7132,6630025.99
2024-11-17 18:00:00+00:00,0.7132,0.7132,0.6974,0.6974,6364593.91
2024-11-17 19:00:00+00:00,0.6974,0.7028,0.6919,0.7007,5344236.28
2024-11-17 20:00:00+00:00,0.7007,0.7042,0.6912,0.6933,4406825.88
2024-11-17 21:00:00+00:00,0.6933,0.6972,0.6868,0.6868,7119393.04
2024-11-17 22:00:00+00:00,0.6868,0.6929,0.6807,0.6891,5796285.16
2024-11-17 23:00:00+00:00,0.6891,0.6982,0.6841,0.698,4783215.11
2024-11-18 00:00:00+00:00,0.698,0.7013,0.6908,0.6973,4728740.94
2024-11-18 01:00:00+00:00,0.6973,0.7105,0.6968,0.71,4809650.31
2024-11-18 02:00:00+00:00,0.71,0.7125,0.7055,0.7087,2704764.63
2024-11-18 03:00:00+00:00,0.7087,0.7191,0.7041,0.7191,3651569.0
2024-11-18 04:00:00+00:00,0.7191,0.7229,0.7128,0.7132,4485636.51
2024-11-18 05:00:00+00:00,0.7132,0.7197,0.7097,0.7171,3101001.58
2024-11-18 06:00:00+00:00,0.7171,0.7266,0.7143,0.7265,4969225.3
2024-11-18 07:00:00+00:00,0.7265,0.7282,0.7217,0.7259,4611498.35
2024-11-18 08:00:00+00:00,0.7259,0.7262,0.7126,0.7161,3770059.52
2024-11-18 09:00:00+00:00,0.7161,0.7199,0.7082,0.7156,4043041.51
2024-11-18 10:00:00+00:00,0.7156,0.7207,0.7132,0.7187,2858982.55
2024-11-18 11:00:00+00:00,0.7187,0.7188,0.6956,0.7012,9652006.79
2024-11-18 12:00:00+00:00,0.7012,0.7048,0.6925,0.703,7130061.07
2024-11-18 13:00:00+00:00,0.703,0.7034,0.6889,0.6922,8494969.69
2024-11-18 14:00:00+00:00,0.6922,0.7087,0.69,0.7019,6587776.23
2024-11-18 15:00:00+00:00,0.7019,0.7269,0.701,0.7228,7314714.18
2024-11-18 16:00:00+00:00,0.7228,0.7289,0.714,0.7227,9177148.1
2024-11-18 17:00:00+00:00,0.7227,0.7269,0.7149,0.7252,5520492.76
2024-11-18 18:00:00+00:00,0.7252,0.7336,0.719,0.7225,8479995.91
2024-11-18 19:00:00+00:00,0.7225,0.7225,0.6966,0.7136,10796862.79
2024-11-18 20:00:00+00:00,0.7136,0.732,0.7108,0.7238,9258914.78
2024-11-18 21:00:00+00:00,0.7238,0.7326,0.7227,0.7284,5660349.97
2024-11-18 22:00:00+00:00,0.7284,0.7334,0.7275,0.7286,3189985.18
2024-11-18 23:00:00+00:00,0.7286,0.733,0.7171,0.7299,4726437.56
2024-11-19 00:00:00+00:00,0.7299,0.7324,0.722,0.7259,4154602.03
2024-11-19 01:00:00+00:00,0.7259,0.7293,0.7167,0.7172,2485976.65
2024-11-19 02:00:00+00:00,0.7172,0.7229,0.7154,0.7188,1921867.81
2024-11-19 03:00:00+00:00,0.7188,0.7204,0.7121,0.7134,1844381.65
2024-11-19 04:00:00+00:00,0.7134,0.7142,0.6987,0.7009,4589453.02
2024-11-19 05:00:00+00:00,0.7009,0.7103,0.6991,0.7103,3890257.18
2024-11-19 06:00:00+00:00,0.7103,0.7122,0.7053,0.7095,1943247.59
2024-11-19 07:00:00+00:00,0.7095,0.7109,0.7022,0.7027,3200155.91
2024-11-19 08:00:00+00:00,0.7027,0.7062,0.6982,0.7058,2986275.6
2024-11-19 09:00:00+00:00,0.7058,0.7079,0.6964,0.6997,4687693.85
2024-11-19 10:00:00+00:00,0.6997,0.705,0.6957,0.7026,2312983.43
2024-11-19 11:00:00+00:00,0.7026,0.7062,0.6995,0.7046,2808995.92
2024-11-19 12:00:00+00:00,0.7046,0.7164,0.7039,0.7092,4491874.35
2024-11-19 13:00:00+00:00,0.7092,0.7103,0.691,0.6913,6493595.13
2024-11-19 14:00:00+00:00,0.6913,0.702,0.69,0.6987,5484810.42
2024-11-19 15:00:00+00:00,0.6987,0.7041,0.6947,0.7038,3994164.03
2024-11-19 16:00:00+00:00,0.7038,0.7062,0.6988,0.7,3827737.57
2024-11-19 17:00:00+00:00,0.7,0.7052,0.6988,0.7008,2129430.66
2024-11-19 18:00:00+00:00,0.7008,0.7129,0.6992,0.7118,7391068.23
2024-11-19 19:00:00+00:00,0.7118,0.7144,0.7077,0.7088,5548838.31
2024-11-19 20:00:00+00:00,0.7088,0.7127,0.6871,0.694,6638239.73
2024-11-19 21:00:00+00:00,0.694,0.6957,0.6813,0.6943,7091200.06
2024-11-19 22:00:00+00:00,0.6943,0.6959,0.6812,0.6894,3690913.02
2024-11-19 23:00:00+00:00,0.6894,0.6984,0.6883,0.6958,1952983.22
2024-11-20 00:00:00+00:00,0.6958,0.6958,0.6839,0.6874,2101973.12
2024-11-20 01:00:00+00:00,0.6874,0.6926,0.6835,0.6859,2752517.93
2024-11-20 02:00:00+00:00,0.6859,0.6892,0.6815,0.6823,2861378.17
2024-11-20 03:00:00+00:00,0.6823,0.6827,0.6689,0.6788,8242874.3
2024-11-20 04:00:00+00:00,0.6788,0.6828,0.6728,0.6813,3663269.96
2024-11-20 05:00:00+00:00,0.6813,0.6881,0.675,0.6879,3279939.24
2024-11-20 06:00:00+00:00,0.6879,0.6914,0.6835,0.6843,4681914.26
2024-11-20 07:00:00+00:00,0.6843,0.6899,0.6828,0.6892,1691106.74
2024-11-20 08:00:00+00:00,0.6892,0.696,0.6866,0.6935,3029731.6
2024-11-20 09:00:00+00:00,0.6935,0.6985,0.691,0.6959,3598501.22
2024-11-20 10:00:00+00:00,0.6959,0.6987,0.6898,0.691,3724782.02
2024-11-20 11:00:00+00:00,0.691,0.6918,0.6833,0.6885,2997231.08
2024-11-20 12:00:00+00:00,0.6885,0.6893,0.6758,0.6809,5087892.26
2024-11-20 13:00:00+00:00,0.6809,0.6941,0.677,0.6941,6866162.02
2024-11-20 14:00:00+00:00,0.6941,0.7121,0.6876,0.6902,13671062.72
2024-11-20 15:00:00+00:00,0.6902,0.6929,0.6803,0.6898,6253091.06
2024-11-20 16:00:00+00:00,0.6898,0.6916,0.6686,0.6739,9270055.96
2024-11-20 17:00:00+00:00,0.6739,0.6764,0.664,0.664,10477076.63
2024-11-20 18:00:00+00:00,0.664,0.6645,0.6479,0.6579,14517753.43
2024-11-20 19:00:00+00:00,0.6579,0.6586,0.647,0.6557,6043524.46
2024-11-20 20:00:00+00:00,0.6557,0.6652,0.6503,0.664,4593616.09
2024-11-20 21:00:00+00:00,0.664,0.6702,0.6629,0.6678,4018898.05
2024-11-20 22:00:00+00:00,0.6678,0.6769,0.6658,0.6693,4041449.02
2024-11-20 23:00:00+00:00,0.6693,0.6717,0.6607,0.6628,2634392.78
2024-11-21 00:00:00+00:00,0.6628,0.6743,0.6597,0.6721,2804914.76
2024-11-21 01:00:00+00:00,0.6721,0.6774,0.6692,0.6695,2058580.61
2024-11-21 02:00:00+00:00,0.6695,0.67,0.6407,0.6521,8857416.19
2024-11-21 03:00:00+00:00,0.6521,0.6666,0.651,0.6573,5858187.03
2024-11-21 04:00:00+00:00,0.6573,0.6858,0.6573,0.6831,7805838.84
2024-11-21 05:00:00+00:00,0.6831,0.6861,0.676,0.6813,7566652.59
2024-11-21 06:00:00+00:00,0.6813,0.6816,0.6744,0.6766,4169224.08
2024-11-21 07:00:00+00:00,0.6766,0.6807,0.6747,0.6798,2752513.8
2024-11-21 08:00:00+00:00,0.6798,0.6865,0.6765,0.6824,4269138.63
2024-11-21 09:00:00+00:00,0.6824,0.6839,0.6669,0.6674,3560210.35
2024-11-21 10:00:00+00:00,0.6674,0.6726,0.6604,0.6643,3362854.04
2024-11-21 11:00:00+00:00,0.6643,0.6696,0.6617,0.6685,5243456.42
2024-11-21 12:00:00+00:00,0.6685,0.7057,0.6682,0.6957,16468464.55
2024-11-21 13:00:00+00:00,0.6957,0.712,0.6957,0.7058,9062435.43
2024-11-21 14:00:00+00:00,0.7058,0.7284,0.7045,0.7269,18406683.04
2024-11-21 15:00:00+00:00,0.7269,0.7288,0.6875,0.6981,21254651.87
2024-11-21 16:00:00+00:00,0.6981,0.7147,0.6979,0.7088,5905078.15
2024-11-21 17:00:00+00:00,0.7088,0.7164,0.7042,0.7119,5685522.73
2024-11-21 18:00:00+00:00,0.7119,0.7161,0.7028,0.7092,6575808.19
2024-11-21 19:00:00+00:00,0.7092,0.7114,0.7005,0.7033,6169037.58
2024-11-21 20:00:00+00:00,0.7033,0.7146,0.7029,0.7055,4091718.71
2024-11-21 21:00:00+00:00,0.7055,0.7069,0.7,0.7059,3312601.55
2024-11-21 22:00:00+00:00,0.7059,0.7116,0.7059,0.7096,2763822.86
2024-11-21 23:00:00+00:00,0.7096,0.7111,0.7055,0.7055,1908103.1
2024-11-22 00:00:00+00:00,0.7055,0.7086,0.6938,0.6954,3648526.11
2024-11-22 01:00:00+00:00,0.6954,0.7096,0.6913,0.7095,4240712.52
2024-11-22 02:00:00+00:00,0.7095,0.7184,0.7029,0.71,4726494.94
2024-11-22 03:00:00+00:00,0.71,0.7187,0.7077,0.7159,4485743.69
2024-11-22 04:00:00+00:00,0.7159,0.7273,0.7141,0.7189,6173927.96
2024-11-22 05:00:00+00:00,0.7189,0.7207,0.7141,0.718,3307385.99
2024-11-22 06:00:00+00:00,0.718,0.7201,0.7067,0.7147,3612995.34
2024-11-22 07:00:00+00:00,0.7147,0.7172,0.7061,0.7069,2791406.51
2024-11-22 08:00:00+00:00,0.7069,0.719,0.7068,0.7157,5509694.75
2024-11-22 09:00:00+00:00,0.7157,0.7157,0.7075,0.7119,2876230.39
2024-11-22 10:00:00+00:00,0.7119,0.715,0.701,0.7011,3947834.76
2024-11-22 11:00:00+00:00,0.7011,0.7122,0.6976,0.7119,5260726.74
2024-11-22 12:00:00+00:00,0.7119,0.7309,0.7059,0.7214,13605329.34
2024-11-22 13:00:00+00:00,0.7214,0.7217,0.6829,0.6917,18071520.8
2024-11-22 14:00:00+00:00,0.6917,0.7011,0.6874,0.69,9213572.12
2024-11-22 15:00:00+00:00,0.69,0.7116,0.688,0.71,8297186.66
2024-11-22 16:00:00+00:00,0.71,0.7242,0.7024,0.7231,10329260.04
2024-11-22 17:00:00+00:00,0.7231,0.726,0.7055,0.7067,11972221.96
2024-11-22 18:00:00+00:00,0.7067,0.7127,0.697,0.6986,5510481.04
2024-11-22 19:00:00+00:00,0.6986,0.7084,0.6948,0.6999,5531601.67
2024-11-22 20:00:00+00:00,0.6999,0.7113,0.6978,0.711,6159232.01
2024-11-22 21:00:00+00:00,0.711,0.7245,0.7085,0.7212,9718468.89
2024-11-22 22:00:00+00:00,0.7212,0.7303,0.7198,0.7256,6438177.01
2024-11-22 23:00:00+00:00,0.7256,0.7632,0.7256,0.76,14811144.21
2024-11-23 00:00:00+00:00,0.76,0.7738,0.752,0.7704,13707548.47
2024-11-23 01:00:00+00:00,0.7704,0.7928,0.7701,0.7899,15114034.96
2024-11-23 02:00:00+00:00,0.7899,0.8009,0.7763,0.7811,14842650.39
2024-11-23 03:00:00+00:00,0.7811,0.7889,0.7754,0.7827,8387826.25
2024-11-23 04:00:00+00:00,0.7827,0.7926,0.7775,0.7922,9181801.5
2024-11-23 05:00:00+00:00,0.7922,0.7962,0.7723,0.7836,8691705.44
2024-11-23 06:00:00+00:00,0.7836,0.8155,0.7836,0.8143,12256008.39
2024-11-23 07:00:00+00:00,0.8143,0.8475,0.809,0.8437,30089494.86
2024-11-23 08:00:00+00:00,0.8437,0.8804,0.8397,0.8731,29327661.64
2024-11-23 09:00:00+00:00,0.8731,0.8755,0.8486,0.8491,20056969.42
2024-11-23 10:00:00+00:00,0.8491,0.8507,0.838,0.8494,14916918.5
2024-11-23 11:00:00+00:00,0.8494,0.8608,0.8494,0.8556,10066315.48
2024-11-23 12:00:00+00:00,0.8556,0.8734,0.8549,0.8563,10846365.81
2024-11-23 13:00:00+00:00,0.8563,0.9133,0.8563,0.9039,18352884.6
2024-11-23 14:00:00+00:00,0.9039,0.912,0.8806,0.8878,18419940.68
2024-11-23 15:00:00+00:00,0.8878,0.9477,0.8801,0.9237,39884711.22
2024-11-23 16:00:00+00:00,0.9237,0.9344,0.8671,0.8887,41156311.83
2024-11-23 17:00:00+00:00,0.8887,0.8963,0.8614,0.8858,22460383.11
2024-11-23 18:00:00+00:00,0.8858,0.8892,0.8678,0.8713,11973498.53
2024-11-23 19:00:00+00:00,0.8713,0.8796,0.8534,0.8644,12758256.09
2024-11-23 20:00:00+00:00,0.8644,0.8652,0.8449,0.8577,13785376.63
2024-11-23 21:00:00+00:00,0.8577,0.8891,0.8517,0.889,15152383.88
2024-11-23 22:00:00+00:00,0.889,0.8965,0.8765,0.8822,8917312.12
2024-11-23 23:00:00+00:00,0.8822,0.8832,0.8628,0.876,8503348.23
2024-11-24 00:00:00+00:00,0.876,0.915,0.8714,0.9094,11761983.43
2024-11-24 01:00:00+00:00,0.9094,0.9349,0.9091,0.9241,14241736.73
2024-11-24 02:00:00+00:00,0.9241,0.9406,0.9164,0.925,7578443.02
2024-11-24 03:00:00+00:00,0.925,0.9261,0.9072,0.9119,8608097.61
2024-11-24 04:00:00+00:00,0.9119,0.9231,0.8905,0.9126,11780668.64
2024-11-24 05:00:00+00:00,0.9126,0.9142,0.8845,0.8933,7494559.91
2024-11-24 06:00:00+00:00,0.8933,0.9113,0.8894,0.9071,7028138.89
2024-11-24 07:00:00+00:00,0.9071,0.9181,0.9067,0.9118,6660161.03
2024-11-24 08:00:00+00:00,0.9118,0.9153,0.8948,0.8979,9352860.99
2024-11-24 09:00:00+00:00,0.8979,0.9226,0.8957,0.9125,10728157.32
2024-11-24 10:00:00+00:00,0.9125,0.9197,0.8884,0.9012,12520828.69
2024-11-24 11:00:00+00:00,0.9012,0.9066,0.8713,0.878,20469125.0
2024-11-24 12:00:00+00:00,0.878,0.8946,0.835,0.8609,35305156.12
2024-11-24 13:00:00+00:00,0.8609,0.9422,0.8531,0.9328,36951410.67
2024-11-24 14:00:00+00:00,0.9328,0.9585,0.8851,0.9565,41677508.15
2024-11-24 15:00:00+00:00,0.9565,0.9671,0.8892,0.8892,36660017.06
2024-11-24 16:00:00+00:00,0.8892,0.9641,0.884,0.9519,27282785.01
2024-11-24 17:00:00+00:00,0.9519,0.9761,0.9256,0.9676,28299337.69
2024-11-24 18:00:00+00:00,0.9676,1.026,0.9625,0.9935,57940243.82
2024-11-24 19:00:00+00:00,0.9935,0.9946,0.9359,0.9568,31868568.18
2024-11-24 20:00:00+00:00,0.9568,0.9753,0.9512,0.9696,14788955.94
2024-11-24 21:00:00+00:00,0.9696,0.9791,0.9592,0.975,10445576.25
2024-11-24 22:00:00+00:00,0.975,0.9983,0.9724,0.9773,11503129.07
2024-11-24 23:00:00+00:00,0.9773,1.008,0.9772,1.005,14299509.82
2024-11-25 00:00:00+00:00,1.005,1.01,0.9712,0.9716,14185767.59
2024-11-25 01:00:00+00:00,0.9716,0.9744,0.9384,0.9472,12091837.12
2024-11-25 02:00:00+00:00,0.9472,0.9594,0.9428,0.9464,6217022.8
2024-11-25 03:00:00+00:00,0.9464,0.9611,0.9454,0.9572,4848196.55
2024-11-25 04:00:00+00:00,0.9572,0.964,0.9433,0.9446,5709781.49
2024-11-25 05:00:00+00:00,0.9446,0.9721,0.9436,0.9706,7131760.2
2024-11-25 06:00:00+00:00,0.9706,0.9749,0.9469,0.9502,5933661.14
2024-11-25 07:00:00+00:00,0.9502,0.9617,0.9423,0.9559,5893032.77
2024-11-25 08:00:00+00:00,0.9559,0.9615,0.9493,0.9556,6982052.6
2024-11-25 09:00:00+00:00,0.9556,0.9855,0.9556,0.9712,11863521.67
2024-11-25 10:00:00+00:00,0.9712,0.9725,0.9502,0.9553,7403853.77
2024-11-25 11:00:00+00:00,0.9553,0.9608,0.9384,0.9443,7295249.76
2024-11-25 12:00:00+00:00,0.9443,0.9462,0.933,0.9385,5890000.64
2024-11-25 13:00:00+00:00,0.9385,0.9432,0.918,0.9297,11359746.62
2024-11-25 14:00:00+00:00,0.9297,0.9439,0.9105,0.9116,14602856.01
2024-11-25 15:00:00+00:00,0.9116,0.9929,0.9092,0.9795,40550223.51
2024-11-25 16:00:00+00:00,0.9795,1.01,0.962,0.9809,23958474.57
2024-11-25 17:00:00+00:00,0.9809,0.9823,0.9305,0.9436,19113919.24
2024-11-25 18:00:00+00:00,0.9436,0.9643,0.9368,0.9483,9963535.16
2024-11-25 19:00:00+00:00,0.9483,0.964,0.9353,0.9495,6619906.12
2024-11-25 20:00:00+00:00,0.9495,0.9796,0.943,0.9612,8019942.21
2024-11-25 21:00:00+00:00,0.9612,0.9669,0.9366,0.9572,7032256.07
2024-11-25 22:00:00+00:00,0.9572,0.9739,0.9295,0.9705,11781030.93
2024-11-25 23:00:00+00:00,0.9705,0.998,0.9676,0.9794,13930727.26
2024-11-26 00:00:00+00:00,0.9794,1.048,0.9743,1.017,35971977.85
2024-11-26 01:00:00+00:00,1.017,1.028,0.9922,1.004,12033596.07
2024-11-26 02:00:00+00:00,1.004,1.004,0.9704,0.9712,10584283.29
2024-11-26 03:00:00+00:00,0.9712,0.9723,0.9492,0.9531,10136462.26
2024-11-26 04:00:00+00:00,0.9531,0.966,0.9463,0.9653,6991670.6
2024-11-26 05:00:00+00:00,0.9653,0.997,0.962,0.9945,10609720.29
2024-11-26 06:00:00+00:00,0.9945,0.9945,0.9757,0.9764,4820288.52
2024-11-26 07:00:00+00:00,0.9764,0.9973,0.9636,0.9788,11398654.31
2024-11-26 08:00:00+00:00,0.9788,0.9873,0.9545,0.9669,17741291.59
2024-11-26 09:00:00+00:00,0.9669,1.009,0.9618,0.983,22245977.96
2024-11-26 10:00:00+00:00,0.983,0.9899,0.9336,0.9377,17798992.97
2024-11-26 11:00:00+00:00,0.9377,0.9724,0.9238,0.9688,30403081.04
2024-11-26 12:00:00+00:00,0.9688,1.009,0.9562,1.009,29200280.07
2024-11-26 13:00:00+00:00,1.009,1.03,0.9926,1.011,33662509.94
2024-11-26 14:00:00+00:00,1.011,1.072,0.9969,1.059,49310083.8
2024-11-26 15:00:00+00:00,1.059,1.078,1.019,1.019,32224711.6
2024-11-26 16:00:00+00:00,1.019,1.088,1.015,1.074,26945431.63
2024-11-26 17:00:00+00:00,1.074,1.076,1.054,1.058,13886269.49
2024-11-26 18:00:00+00:00,1.058,1.059,1.018,1.031,26954055.76
2024-11-26 19:00:00+00:00,1.031,1.039,1.017,1.039,11611163.14
2024-11-26 20:00:00+00:00,1.039,1.093,1.031,1.068,20782183.31
2024-11-26 21:00:00+00:00,1.068,1.078,1.057,1.059,9859885.75
2024-11-26 22:00:00+00:00,1.059,1.104,1.058,1.076,16891238.4
2024-11-26 23:00:00+00:00,1.076,1.092,1.065,1.083,10111501.08
2024-11-27 00:00:00+00:00,1.083,1.092,1.061,1.063,13880828.53
2024-11-27 01:00:00+00:00,1.063,1.107,1.052,1.08,16099244.92
2024-11-27 02:00:00+00:00,1.08,1.121,1.061,1.12,16734564.28
2024-11-27 03:00:00+00:00,1.12,1.135,1.106,1.117,16853333.79
2024-11-27 04:00:00+00:00,1.117,1.134,1.103,1.108,13752065.46
2024-11-27 05:00:00+00:00,1.108,1.11,1.079,1.082,10177199.04
2024-11-27 06:00:00+00:00,1.082,1.096,1.068,1.073,9506328.88
2024-11-27 07:00:00+00:00,1.073,1.082,1.055,1.062,12648206.27
2024-11-27 08:00:00+00:00,1.062,1.07,1.059,1.065,7588370.97
2024-11-27 09:00:00+00:00,1.065,1.082,1.057,1.07,10875428.69
2024-11-27 10:00:00+00:00,1.07,1.074,1.058,1.06,8109517.63
2024-11-27 11:00:00+00:00,1.06,1.064,1.042,1.047,12082929.45
2024-11-27 12:00:00+00:00,1.047,1.05,1.023,1.036,14640642.46
2024-11-27 13:00:00+00:00,1.036,1.048,1.032,1.048,8433304.87
2024-11-27 14:00:00+00:00,1.048,1.057,1.042,1.05,10744668.73
2024-11-27 15:00:00+00:00,1.05,1.063,1.043,1.051,11152050.88
2024-11-27 16:00:00+00:00,1.051,1.077,1.049,1.058,12565515.73
2024-11-27 17:00:00+00:00,1.058,1.061,1.048,1.05,7268424.32
2024-11-27 18:00:00+00:00,1.05,1.054,1.04,1.052,6181889.14
2024-11-27 19:00:00+00:00,1.052,1.073,1.051,1.058,6341618.59
2024-11-27 20:00:00+00:00,1.058,1.079,1.058,1.067,6202770.44
2024-11-27 21:00:00+00:00,1.067,1.069,1.05,1.052,5000638.53
2024-11-27 22:00:00+00:00,1.052,1.061,1.048,1.052,4884885.83
2024-11-27 23:00:00+00:00,1.052,1.063,1.043,1.045,7742763.7
2024-11-28 00:00:00+00:00,1.045,1.052,1.035,1.049,6088904.62
2024-11-28 01:00:00+00:00,1.049,1.074,1.047,1.073,8447605.02
2024-11-28 02:00:00+00:00,1.073,1.093,1.055,1.092,8599910.04
2024-11-28 03:00:00+00:00,1.092,1.106,1.051,1.078,19107594.94
2024-11-28 04:00:00+00:00,1.078,1.095,1.077,1.093,9364688.52
2024-11-28 05:00:00+00:00,1.093,1.105,1.06,1.061,10542467.18
2024-11-28 06:00:00+00:00,1.061,1.088,1.055,1.081,7932843.58
2024-11-28 07:00:00+00:00,1.081,1.082,1.04,1.042,10885718.92
2024-11-28 08:00:00+00:00,1.042,1.049,1.033,1.041,7017097.15
2024-11-28 09:00:00+00:00,1.041,1.041,1.023,1.025,8019499.98
2024-11-28 10:00:00+00:00,1.025,1.033,1.018,1.021,5505788.12
2024-11-28 11:00:00+00:00,1.021,1.03,1.014,1.023,5806099.84
2024-11-28 12:00:00+00:00,1.023,1.027,1.014,1.02,5217517.08
2024-11-28 13:00:00+00:00,1.02,1.021,1.005,1.011,8547974.78
2024-11-28 14:00:00+00:00,1.011,1.018,0.9992,1.003,9116853.14
2024-11-28 15:00:00+00:00,1.003,1.007,0.9855,0.9875,10731924.59
2024-11-28 16:00:00+00:00,0.9875,0.994,0.9838,0.9849,5294890.36
2024-11-28 17:00:00+00:00,0.9849,1.0,0.9844,0.9946,4837729.0
2024-11-28 18:00:00+00:00,0.9946,1.009,0.9937,1.005,5144476.86
2024-11-28 19:00:00+00:00,1.005,1.009,0.9985,1.009,4526445.28
2024-11-28 20:00:00+00:00,1.009,1.009,0.9971,1.0,2170012.0
2024-11-28 21:00:00+00:00,1.0,1.009,0.9985,1.005,2812070.47
2024-11-28 22:00:00+00:00,1.005,1.019,1.002,1.013,4893755.17
2024-11-28 23:00:00+00:00,1.013,1.013,0.9935,0.9939,5103529.27
2024-11-29 00:00:00+00:00,0.9939,1.009,0.9939,1.002,5344784.35
2024-11-29 01:00:00+00:00,1.002,1.021,1.001,1.019,5542541.28
2024-11-29 02:00:00+00:00,1.019,1.049,1.019,1.046,7833509.2
2024-11-29 03:00:00+00:00,1.046,1.046,1.021,1.023,5013206.53
2024-11-29 04:00:00+00:00,1.023,1.037,1.022,1.035,4265503.03
2024-11-29 05:00:00+00:00,1.035,1.037,1.026,1.029,3070431.1
2024-11-29 06:00:00+00:00,1.029,1.032,1.009,1.011,6717825.29
2024-11-29 07:00:00+00:00,1.011,1.015,0.9988,0.9993,5375274.03
2024-11-29 08:00:00+00:00,0.9993,1.009,0.9993,1.008,3749085.6
2024-11-29 09:00:00+00:00,1.008,1.038,1.004,1.032,6447199.83
2024-11-29 10:00:00+00:00,1.032,1.049,1.022,1.048,8733417.08
2024-11-29 11:00:00+00:00,1.048,1.052,1.032,1.041,7826135.65
2024-11-29 12:00:00+00:00,1.041,1.041,1.02,1.026,5977416.11
2024-11-29 13:00:00+00:00,1.026,1.035,1.022,1.032,5709051.4
2024-11-29 14:00:00+00:00,1.032,1.039,1.028,1.03,8093191.98
2024-11-29 15:00:00+00:00,1.03,1.047,1.029,1.038,12962338.68
2024-11-29 16:00:00+00:00,1.038,1.043,1.021,1.027,9691226.15
2024-11-29 17:00:00+00:00,1.027,1.038,1.015,1.036,5959041.36
2024-11-29 18:00:00+00:00,1.036,1.044,1.031,1.032,4638455.03
2024-11-29 19:00:00+00:00,1.032,1.036,1.018,1.034,3784819.46
2024-11-29 20:00:00+00:00,1.034,1.04,1.025,1.027,3282419.9
2024-11-29 21:00:00+00:00,1.027,1.03,1.011,1.018,7515593.33
2024-11-29 22:00:00+00:00,1.018,1.031,1.017,1.021,3498689.54
2024-11-29 23:00:00+00:00,1.021,1.035,1.019,1.033,3283153.37
2024-11-30 00:00:00+00:00,1.033,1.042,1.022,1.029,5219848.46
2024-11-30 01:00:00+00:00,1.029,1.039,1.019,1.029,4230789.75
2024-11-30 02:00:00+00:00,1.029,1.032,1.012,1.031,3825111.05
2024-11-30 03:00:00+00:00,1.031,1.046,1.027,1.044,5614289.31
2024-11-30 04:00:00+00:00,1.044,1.051,1.039,1.042,5518361.47
2024-11-30 05:00:00+00:00,1.042,1.052,1.035,1.048,4912368.69
2024-11-30 06:00:00+00:00,1.048,1.072,1.046,1.068,11906473.28
2024-11-30 07:00:00+00:00,1.068,1.072,1.051,1.071,6651318.41
2024-11-30 08:00:00+00:00,1.071,1.083,1.066,1.067,9655699.2
2024-11-30 09:00:00+00:00,1.067,1.075,1.058,1.071,8304525.93
2024-11-30 10:00:00+00:00,1.071,1.072,1.05,1.053,7188381.94
2024-11-30 11:00:00+00:00,1.053,1.084,1.052,1.07,12380128.75
2024-11-30 12:00:00+00:00,1.07,1.09,1.063,1.068,9618759.07
2024-11-30 13:00:00+00:00,1.068,1.073,1.054,1.055,5951341.5
2024-11-30 14:00:00+00:00,1.055,1.066,1.038,1.04,6645680.34
2024-11-30 15:00:00+00:00,1.04,1.051,1.035,1.045,4820533.17
2024-11-30 16:00:00+00:00,1.045,1.063,1.041,1.055,5319640.67
2024-11-30 17:00:00+00:00,1.055,1.062,1.048,1.061,2997366.44
2024-11-30 18:00:00+00:00,1.061,1.074,1.059,1.072,4381308.77
2024-11-30 19:00:00+00:00,1.072,1.074,1.061,1.074,3457163.64
2024-11-30 20:00:00+00:00,1.074,1.074,1.065,1.069,3023371.5
2024-11-30 21:00:00+00:00,1.069,1.071,1.059,1.064,3381131.1
2024-11-30 22:00:00+00:00,1.064,1.071,1.05,1.054,3391304.84
2024-11-30 23:00:00+00:00,1.054,1.063,1.045,1.046,3745224.76
2024-12-01 00:00:00+00:00,1.046,1.061,1.037,1.038,6554684.3
2024-12-01 01:00:00+00:00,1.038,1.046,1.024,1.037,7553035.21
2024-12-01 02:00:00+00:00,1.037,1.047,1.025,1.027,5707328.74
2024-12-01 03:00:00+00:00,1.027,1.045,1.027,1.034,3483729.82
2024-12-01 04:00:00+00:00,1.034,1.034,1.021,1.031,3554488.56
2024-12-01 05:00:00+00:00,1.031,1.034,1.023,1.024,2577397.77
2024-12-01 06:00:00+00:00,1.024,1.033,1.023,1.028,2397693.23
2024-12-01 07:00:00+00:00,1.028,1.033,1.024,1.027,3629666.7
2024-12-01 08:00:00+00:00,1.027,1.043,1.025,1.038,4584862.26
2024-12-01 09:00:00+00:00,1.038,1.04,1.029,1.04,3173529.8
2024-12-01 10:00:00+00:00,1.04,1.042,1.028,1.036,3420885.42
2024-12-01 11:00:00+00:00,1.036,1.062,1.034,1.056,6693143.23
2024-12-01 12:00:00+00:00,1.056,1.056,1.038,1.043,6187544.3
2024-12-01 13:00:00+00:00,1.043,1.056,1.038,1.048,7238669.42
2024-12-01 14:00:00+00:00,1.048,1.078,1.047,1.077,8464990.26
2024-12-01 15:00:00+00:00,1.077,1.094,1.067,1.078,12199342.35
2024-12-01 16:00:00+00:00,1.078,1.099,1.078,1.086,9700610.06
2024-12-01 17:00:00+00:00,1.086,1.087,1.076,1.085,4487165.31
2024-12-01 18:00:00+00:00,1.085,1.088,1.077,1.081,2855615.11
2024-12-01 19:00:00+00:00,1.081,1.085,1.067,1.08,4025399.93
2024-12-01 20:00:00+00:00,1.08,1.082,1.063,1.071,4515316.95
2024-12-01 21:00:00+00:00,1.071,1.1,1.067,1.092,6790508.4
2024-12-01 22:00:00+00:00,1.092,1.105,1.088,1.102,5560690.68
2024-12-01 23:00:00+00:00,1.102,1.107,1.091,1.097,5591716.45
2024-12-02 00:00:00+00:00,1.097,1.107,1.07,1.073,7778066.41
2024-12-02 01:00:00+00:00,1.073,1.096,1.071,1.094,9962556.15
2024-12-02 02:00:00+00:00,1.094,1.105,1.08,1.099,7093047.17
2024-12-02 03:00:00+00:00,1.099,1.1,1.035,1.037,9984613.72
2024-12-02 04:00:00+00:00,1.037,1.043,1.01,1.026,19481200.32
2024-12-02 05:00:00+00:00,1.026,1.042,1.022,1.034,7823743.36
2024-12-02 06:00:00+00:00,1.034,1.056,1.023,1.051,7720679.36
2024-12-02 07:00:00+00:00,1.051,1.06,1.028,1.037,6196374.75
2024-12-02 08:00:00+00:00,1.037,1.041,0.9949,1.01,17492518.81
2024-12-02 09:00:00+00:00,1.01,1.019,1.001,1.011,11141341.23
2024-12-02 10:00:00+00:00,1.011,1.012,0.9833,0.9854,9219730.91
2024-12-02 11:00:00+00:00,0.9854,1.005,0.9819,0.997,7969338.73
2024-12-02 12:00:00+00:00,0.997,1.018,0.9933,1.001,6111140.85
2024-12-02 13:00:00+00:00,1.001,1.026,0.9974,1.025,7452049.08
2024-12-02 14:00:00+00:00,1.025,1.038,1.011,1.025,9050282.13
2024-12-02 15:00:00+00:00,1.025,1.05,1.017,1.041,12696999.15
2024-12-02 16:00:00+00:00,1.041,1.042,1.005,1.018,13249204.87
2024-12-02 17:00:00+00:00,1.018,1.024,0.9902,0.9942,13781010.28
2024-12-02 18:00:00+00:00,0.9942,1.042,0.9942,1.042,8974413.35
2024-12-02 19:00:00+00:00,1.042,1.087,1.028,1.084,19390347.05
2024-12-02 20:00:00+00:00,1.084,1.195,1.081,1.164,51993734.65
2024-12-02 21:00:00+00:00,1.164,1.223,1.15,1.197,43441796.85
2024-12-02 22:00:00+00:00,1.197,1.204,1.171,1.173,15489854.61
2024-12-02 23:00:00+00:00,1.173,1.271,1.172,1.248,41041395.33
2024-12-03 00:00:00+00:00,1.248,1.275,1.219,1.225,29649306.54
2024-12-03 01:00:00+00:00,1.225,1.261,1.22,1.221,15857774.98
2024-12-03 02:00:00+00:00,1.221,1.237,1.203,1.217,9852187.12
2024-12-03 03:00:00+00:00,1.217,1.222,1.181,1.181,13338126.34
2024-12-03 04:00:00+00:00,1.181,1.198,1.177,1.193,8054619.4
2024-12-03 05:00:00+00:00,1.193,1.208,1.193,1.203,6994801.89
2024-12-03 06:00:00+00:00,1.203,1.229,1.201,1.212,11049573.22
2024-12-03 07:00:00+00:00,1.212,1.256,1.206,1.236,28309690.89
2024-12-03 08:00:00+00:00,1.236,1.296,1.232,1.283,34142887.22
2024-12-03 09:00:00+00:00,1.283,1.294,1.253,1.273,17742098.51
2024-12-03 10:00:00+00:00,1.273,1.275,1.233,1.237,12551706.11
2024-12-03 11:00:00+00:00,1.237,1.255,1.235,1.242,9904940.41
2024-12-03 12:00:00+00:00,1.242,1.244,1.221,1.235,9300900.27
2024-12-03 13:00:00+00:00,1.235,1.269,1.182,1.204,30104460.13
2024-12-03 14:00:00+00:00,1.204,1.287,1.175,1.279,32611750.79
2024-12-03 15:00:00+00:00,1.279,1.348,1.253,1.298,45822820.68
2024-12-03 16:00:00+00:00,1.298,1.332,1.264,1.273,22872162.04
2024-12-03 17:00:00+00:00,1.273,1.293,1.254,1.29,14797868.66
2024-12-03 18:00:00+00:00,1.29,1.295,1.259,1.267,9586014.16
2024-12-03 19:00:00+00:00,1.267,1.267,1.236,1.24,6180271.21
2024-12-03 20:00:00+00:00,1.24,1.264,1.24,1.256,7705811.3
2024-12-03 21:00:00+00:00,1.256,1.282,1.255,1.263,9624940.12
2024-12-03 22:00:00+00:00,1.263,1.272,1.24,1.268,8370053.99
2024-12-03 23:00:00+00:00,1.268,1.268,1.241,1.242,6950304.3
2024-12-04 00:00:00+00:00,1.242,1.274,1.24,1.246,12132420.18
2024-12-04 01:00:00+00:00,1.246,1.258,1.223,1.253,10619008.73
2024-12-04 02:00:00+00:00,1.253,1.26,1.23,1.232,7716247.36
2024-12-04 03:00:00+00:00,1.232,1.253,1.23,1.245,3447477.17
2024-12-04 04:00:00+00:00,1.245,1.289,1.242,1.283,7172231.37
2024-12-04 05:00:00+00:00,1.283,1.283,1.258,1.264,6432846.38
2024-12-04 06:00:00+00:00,1.264,1.274,1.243,1.27,8163510.52
2024-12-04 07:00:00+00:00,1.27,1.281,1.267,1.269,5710286.39
2024-12-04 08:00:00+00:00,1.269,1.276,1.255,1.258,5293061.97
2024-12-04 09:00:00+00:00,1.258,1.273,1.236,1.24,13949198.35
2024-12-04 10:00:00+00:00,1.24,1.258,1.233,1.254,6280075.1
2024-12-04 11:00:00+00:00,1.254,1.279,1.253,1.264,10015695.73
2024-12-04 12:00:00+00:00,1.264,1.267,1.228,1.256,11065036.1
2024-12-04 13:00:00+00:00,1.256,1.269,1.247,1.259,7823820.64
2024-12-04 14:00:00+00:00,1.259,1.267,1.238,1.243,11322209.11
2024-12-04 15:00:00+00:00,1.243,1.276,1.227,1.235,18620339.05
2024-12-04 16:00:00+00:00,1.235,1.24,1.181,1.188,19645538.71
2024-12-04 17:00:00+00:00,1.188,1.217,1.184,1.216,14287995.04
2024-12-04 18:00:00+00:00,1.216,1.235,1.212,1.234,7276658.35
2024-12-04 19:00:00+00:00,1.234,1.246,1.229,1.238,7163223.45
2024-12-04 20:00:00+00:00,1.238,1.248,1.196,1.21,9575821.72
2024-12-04 21:00:00+00:00,1.21,1.225,1.198,1.221,10098858.5
2024-12-04 22:00:00+00:00,1.221,1.227,1.206,1.21,4594969.85
2024-12-04 23:00:00+00:00,1.21,1.215,1.189,1.212,9596014.39
2024-12-05 00:00:00+00:00,1.212,1.215,1.189,1.191,5514962.98
2024-12-05 01:00:00+00:00,1.191,1.192,1.153,1.171,14103354.6
2024-12-05 02:00:00+00:00,1.171,1.222,1.169,1.205,9975578.9
2024-12-05 03:00:00+00:00,1.205,1.228,1.177,1.185,12984328.3
2024-12-05 04:00:00+00:00,1.185,1.222,1.18,1.212,6458769.19
2024-12-05 05:00:00+00:00,1.212,1.236,1.207,1.226,8931195.49
2024-12-05 06:00:00+00:00,1.226,1.241,1.216,1.223,6793649.1
2024-12-05 07:00:00+00:00,1.223,1.235,1.214,1.23,5787716.51
2024-12-05 08:00:00+00:00,1.23,1.248,1.225,1.237,7351619.64
2024-12-05 09:00:00+00:00,1.237,1.267,1.23,1.258,8900642.52
2024-12-05 10:00:00+00:00,1.258,1.262,1.234,1.238,5755112.97
2024-12-05 11:00:00+00:00,1.238,1.247,1.234,1.238,3763186.47
2024-12-05 12:00:00+00:00,1.238,1.27,1.237,1.261,8647307.29
2024-12-05 13:00:00+00:00,1.261,1.297,1.252,1.285,18981611.09
2024-12-05 14:00:00+00:00,1.285,1.29,1.249,1.263,11819452.86
2024-12-05 15:00:00+00:00,1.263,1.273,1.244,1.267,10221171.96
2024-12-05 16:00:00+00:00,1.267,1.271,1.246,1.258,7969327.84
2024-12-05 17:00:00+00:00,1.258,1.273,1.249,1.266,8753143.1
2024-12-05 18:00:00+00:00,1.266,1.303,1.259,1.289,10629876.73
2024-12-05 19:00:00+00:00,1.289,1.317,1.258,1.264,22491920.1
2024-12-05 20:00:00+00:00,1.264,1.33,1.254,1.318,22915373.57
2024-12-05 21:00:00+00:00,1.318,1.321,1.293,1.294,11278914.66
2024-12-05 22:00:00+00:00,1.294,1.329,1.226,1.324,27172842.26
2024-12-05 23:00:00+00:00,1.324,1.344,1.291,1.314,20725307.51
2024-12-06 00:00:00+00:00,1.314,1.347,1.29,1.344,13287466.89
2024-12-06 01:00:00+00:00,1.344,1.344,1.318,1.319,12631261.2
2024-12-06 02:00:00+00:00,1.319,1.322,1.302,1.307,7750373.99
2024-12-06 03:00:00+00:00,1.307,1.307,1.291,1.3,4083795.79
2024-12-06 04:00:00+00:00,1.3,1.333,1.3,1.331,6469294.31
2024-12-06 05:00:00+00:00,1.331,1.344,1.327,1.327,8265920.16
2024-12-06 06:00:00+00:00,1.327,1.352,1.312,1.317,8678214.4
2024-12-06 07:00:00+00:00,1.317,1.319,1.296,1.304,5904393.35
2024-12-06 08:00:00+00:00,1.304,1.312,1.295,1.295,5464677.4
2024-12-06 09:00:00+00:00,1.295,1.297,1.278,1.28,7587998.36
2024-12-06 10:00:00+00:00,1.28,1.284,1.26,1.278,8918369.0
2024-12-06 11:00:00+00:00,1.278,1.296,1.27,1.285,5439601.84
2024-12-06 12:00:00+00:00,1.285,1.313,1.279,1.282,9485504.98
2024-12-06 13:00:00+00:00,1.282,1.316,1.271,1.298,10364397.11
2024-12-06 14:00:00+00:00,1.298,1.33,1.283,1.326,11119908.72
2024-12-06 15:00:00+00:00,1.326,1.333,1.313,1.322,8638562.12
2024-12-06 16:00:00+00:00,1.322,1.335,1.319,1.326,4531763.41
2024-12-06 17:00:00+00:00,1.326,1.334,1.319,1.325,5634378.94
2024-12-06 18:00:00+00:00,1.325,1.361,1.323,1.345,10287016.62
2024-12-06 19:00:00+00:00,1.345,1.357,1.336,1.341,4563173.03
2024-12-06 20:00:00+00:00,1.341,1.341,1.32,1.322,6635089.18
2024-12-06 21:00:00+00:00,1.322,1.325,1.301,1.301,6204755.98
2024-12-06 22:00:00+00:00,1.301,1.314,1.301,1.305,3376986.76
2024-12-06 23:00:00+00:00,1.305,1.309,1.293,1.309,4379906.21
2024-12-07 00:00:00+00:00,1.309,1.348,1.309,1.316,7756530.82
2024-12-07 01:00:00+00:00,1.316,1.366,1.314,1.352,11410770.55
2024-12-07 02:00:00+00:00,1.352,1.37,1.349,1.359,9719095.48
2024-12-07 03:00:00+00:00,1.359,1.367,1.347,1.352,6121928.26
2024-12-07 04:00:00+00:00,1.352,1.358,1.345,1.355,6383122.63
2024-12-07 05:00:00+00:00,1.355,1.37,1.347,1.368,6029254.88
2024-12-07 06:00:00+00:00,1.368,1.368,1.345,1.348,4578737.67
2024-12-07 07:00:00+00:00,1.348,1.355,1.341,1.347,7974581.25
2024-12-07 08:00:00+00:00,1.347,1.353,1.339,1.35,5174453.16
2024-12-07 09:00:00+00:00,1.35,1.358,1.345,1.347,5971259.6
2024-12-07 10:00:00+00:00,1.347,1.348,1.327,1.331,6016594.05
2024-12-07 11:00:00+00:00,1.331,1.369,1.326,1.368,7425958.67
2024-12-07 12:00:00+00:00,1.368,1.393,1.364,1.377,13356616.46
2024-12-07 13:00:00+00:00,1.377,1.388,1.354,1.356,10128490.15
2024-12-07 14:00:00+00:00,1.356,1.368,1.35,1.368,5343640.98
2024-12-07 15:00:00+00:00,1.368,1.386,1.356,1.384,5951516.12
2024-12-07 16:00:00+00:00,1.384,1.388,1.362,1.362,5872385.69
2024-12-07 17:00:00+00:00,1.362,1.362,1.329,1.329,7600070.63
2024-12-07 18:00:00+00:00,1.329,1.338,1.316,1.335,8318620.55
2024-12-07 19:00:00+00:00,1.335,1.34,1.326,1.328,3102248.72
2024-12-07 20:00:00+00:00,1.328,1.335,1.318,1.318,5502034.61
2024-12-07 21:00:00+00:00,1.318,1.334,1.309,1.323,8740837.1
2024-12-07 22:00:00+00:00,1.323,1.324,1.317,1.318,2115191.91
2024-12-07 23:00:00+00:00,1.318,1.327,1.314,1.315,2035499.06
2024-12-08 00:00:00+00:00,1.315,1.328,1.312,1.321,2141302.18
2024-12-08 01:00:00+00:00,1.321,1.328,1.319,1.322,2178333.9
2024-12-08 02:00:00+00:00,1.322,1.327,1.318,1.319,2604540.19
2024-12-08 03:00:00+00:00,1.319,1.34,1.314,1.339,4820527.74
2024-12-08 04:00:00+00:00,1.339,1.339,1.322,1.324,2736516.46
2024-12-08 05:00:00+00:00,1.324,1.329,1.304,1.312,4235210.69
2024-12-08 06:00:00+00:00,1.312,1.322,1.303,1.321,2836030.24
2024-12-08 07:00:00+00:00,1.321,1.325,1.32,1.323,1777944.04
2024-12-08 08:00:00+00:00,1.323,1.324,1.292,1.292,5061634.87
2024-12-08 09:00:00+00:00,1.292,1.308,1.289,1.298,3935683.41
2024-12-08 10:00:00+00:00,1.298,1.31,1.298,1.301,3102627.2
2024-12-08 11:00:00+00:00,1.301,1.314,1.299,1.312,4590937.13
2024-12-08 12:00:00+00:00,1.312,1.318,1.298,1.317,3791237.49
2024-12-08 13:00:00+00:00,1.317,1.356,1.316,1.351,9530357.77
2024-12-08 14:00:00+00:00,1.351,1.372,1.342,1.361,12996386.19
2024-12-08 15:00:00+00:00,1.361,1.375,1.348,1.353,8061920.79
2024-12-08 16:00:00+00:00,1.353,1.357,1.335,1.336,6146180.99
2024-12-08 17:00:00+00:00,1.336,1.341,1.332,1.333,2376382.99
2024-12-08 18:00:00+00:00,1.333,1.336,1.32,1.327,3378789.76
2024-12-08 19:00:00+00:00,1.327,1.329,1.314,1.322,3522511.06
2024-12-08 20:00:00+00:00,1.322,1.324,1.308,1.309,3233624.43
2024-12-08 21:00:00+00:00,1.309,1.325,1.307,1.319,2482430.68
2024-12-08 22:00:00+00:00,1.319,1.323,1.315,1.321,2072079.35
2024-12-08 23:00:00+00:00,1.321,1.343,1.316,1.329,4028505.97
2024-12-09 00:00:00+00:00,1.329,1.337,1.3,1.309,5141210.98
2024-12-09 01:00:00+00:00,1.309,1.32,1.29,1.294,4979234.14
2024-12-09 02:00:00+00:00,1.294,1.298,1.286,1.298,3755653.87
2024-12-09 03:00:00+00:00,1.298,1.309,1.271,1.281,5824339.33
2024-12-09 04:00:00+00:00,1.281,1.289,1.274,1.287,2261453.04
2024-12-09 05:00:00+00:00,1.287,1.291,1.282,1.288,1827857.91
2024-12-09 06:00:00+00:00,1.288,1.288,1.26,1.263,6603219.3
2024-12-09 07:00:00+00:00,1.263,1.273,1.244,1.261,9459080.94
2024-12-09 08:00:00+00:00,1.261,1.262,1.235,1.238,8508741.43
2024-12-09 09:00:00+00:00,1.238,1.257,1.229,1.253,10902023.98
2024-12-09 10:00:00+00:00,1.253,1.261,1.242,1.245,4707258.75
2024-12-09 11:00:00+00:00,1.245,1.246,1.215,1.221,6128017.49
2024-12-09 12:00:00+00:00,1.221,1.236,1.212,1.234,6487016.23
2024-12-09 13:00:00+00:00,1.234,1.247,1.225,1.245,7318719.39
2024-12-09 14:00:00+00:00,1.245,1.259,1.228,1.254,8102702.73
2024-12-09 15:00:00+00:00,1.254,1.256,1.221,1.229,11177906.93
2024-12-09 16:00:00+00:00,1.229,1.242,1.223,1.23,6099564.5
2024-12-09 17:00:00+00:00,1.23,1.237,1.217,1.217,3567971.69
2024-12-09 18:00:00+00:00,1.217,1.232,1.217,1.22,2805320.69
2024-12-09 19:00:00+00:00,1.22,1.225,1.213,1.217,2982454.53
2024-12-09 20:00:00+00:00,1.217,1.22,1.141,1.148,28211991.01
2024-12-09 21:00:00+00:00,1.148,1.16,1.037,1.121,56519653.03
2024-12-09 22:00:00+00:00,1.121,1.126,1.023,1.121,35189060.14
2024-12-09 23:00:00+00:00,1.121,1.136,1.105,1.121,10147575.39
2024-12-10 00:00:00+00:00,1.121,1.148,1.098,1.131,11449564.33
2024-12-10 01:00:00+00:00,1.131,1.137,1.113,1.13,5226122.71
2024-12-10 02:00:00+00:00,1.13,1.13,1.087,1.087,8594055.16
2024-12-10 03:00:00+00:00,1.087,1.101,1.051,1.098,17217801.04
2024-12-10 04:00:00+00:00,1.098,1.168,1.078,1.152,19209868.77
2024-12-10 05:00:00+00:00,1.152,1.171,1.134,1.152,9186220.71
2024-12-10 06:00:00+00:00,1.152,1.191,1.147,1.18,10580283.34
2024-12-10 07:00:00+00:00,1.18,1.186,1.17,1.176,6977315.16
2024-12-10 08:00:00+00:00,1.176,1.178,1.16,1.175,5564881.06
2024-12-10 09:00:00+00:00,1.175,1.184,1.156,1.165,5193201.23
2024-12-10 10:00:00+00:00,1.165,1.201,1.163,1.199,7601741.53
2024-12-10 11:00:00+00:00,1.199,1.199,1.157,1.167,6647307.89
2024-12-10 12:00:00+00:00,1.167,1.172,1.133,1.141,11682023.56
2024-12-10 13:00:00+00:00,1.141,1.166,1.14,1.151,9115337.53
2024-12-10 14:00:00+00:00,1.151,1.181,1.149,1.16,10996438.87
2024-12-10 15:00:00+00:00,1.16,1.166,1.094,1.094,21894517.47
2024-12-10 16:00:00+00:00,1.094,1.131,1.076,1.127,28729880.41
2024-12-10 17:00:00+00:00,1.127,1.127,1.061,1.062,11458993.64
2024-12-10 18:00:00+00:00,1.062,1.117,1.058,1.097,9830735.13
2024-12-10 19:00:00+00:00,1.097,1.123,1.094,1.113,6816813.31
2024-12-10 20:00:00+00:00,1.113,1.144,1.11,1.143,6526461.19
2024-12-10 21:00:00+00:00,1.143,1.177,1.141,1.157,9822956.28
2024-12-10 22:00:00+00:00,1.157,1.169,1.15,1.15,6593728.38
2024-12-10 23:00:00+00:00,1.15,1.165,1.148,1.156,4633338.72
2024-12-11 00:00:00+00:00,1.156,1.161,1.123,1.142,6573948.22
2024-12-11 01:00:00+00:00,1.142,1.143,1.115,1.119,6346749.12
2024-12-11 02:00:00+00:00,1.119,1.156,1.118,1.149,5644943.91
2024-12-11 03:00:00+00:00,1.149,1.157,1.14,1.147,3622631.21
2024-12-11 04:00:00+00:00,1.147,1.152,1.136,1.145,2424299.07
2024-12-11 05:00:00+00:00,1.145,1.149,1.133,1.139,2095661.45
2024-12-11 06:00:00+00:00,1.139,1.141,1.133,1.137,2427565.02
2024-12-11 07:00:00+00:00,1.137,1.142,1.119,1.12,4518272.26
2024-12-11 08:00:00+00:00,1.12,1.16,1.12,1.16,5108442.54
2024-12-11 09:00:00+00:00,1.16,1.165,1.149,1.158,4134503.58
2024-12-11 10:00:00+00:00,1.158,1.16,1.145,1.155,3227128.19
2024-12-11 11:00:00+00:00,1.155,1.175,1.152,1.162,5227747.22
2024-12-11 12:00:00+00:00,1.162,1.194,1.162,1.188,8333931.1
2024-12-11 13:00:00+00:00,1.188,1.221,1.186,1.207,11256043.53
2024-12-11 14:00:00+00:00,1.207,1.231,1.196,1.228,6847448.66
2024-12-11 15:00:00+00:00,1.228,1.245,1.221,1.229,10531118.81
2024-12-11 16:00:00+00:00,1.229,1.237,1.216,1.227,8230501.1
2024-12-11 17:00:00+00:00,1.227,1.236,1.217,1.217,6058088.43
2024-12-11 18:00:00+00:00,1.217,1.232,1.213,1.223,4753282.81
2024-12-11 19:00:00+00:00,1.223,1.234,1.223,1.229,1971877.04
2024-12-11 20:00:00+00:00,1.229,1.241,1.228,1.24,2731817.84
2024-12-11 21:00:00+00:00,1.24,1.245,1.228,1.241,2877576.3
2024-12-11 22:00:00+00:00,1.241,1.256,1.237,1.254,2750721.48
2024-12-11 23:00:00+00:00,1.254,1.257,1.247,1.251,2103634.22
2024-12-12 00:00:00+00:00,1.251,1.259,1.245,1.257,3276757.35
2024-12-12 01:00:00+00:00,1.257,1.271,1.253,1.259,3673539.28
2024-12-12 02:00:00+00:00,1.259,1.299,1.258,1.296,6613442.32
2024-12-12 03:00:00+00:00,1.296,1.318,1.294,1.303,7348469.62
2024-12-12 04:00:00+00:00,1.303,1.314,1.298,1.311,5774042.27
2024-12-12 05:00:00+00:00,1.311,1.322,1.304,1.314,5122333.27
2024-12-12 06:00:00+00:00,1.314,1.323,1.304,1.322,5178068.08
2024-12-12 07:00:00+00:00,1.322,1.325,1.306,1.312,4460227.95
2024-12-12 08:00:00+00:00,1.312,1.32,1.308,1.312,3334849.1
2024-12-12 09:00:00+00:00,1.312,1.316,1.286,1.293,7548279.53
2024-12-12 10:00:00+00:00,1.293,1.294,1.273,1.276,9180827.36
2024-12-12 11:00:00+00:00,1.276,1.279,1.259,1.266,4850797.66
2024-12-12 12:00:00+00:00,1.266,1.277,1.266,1.274,3592570.95
2024-12-12 13:00:00+00:00,1.274,1.285,1.254,1.264,10417964.05
2024-12-12 14:00:00+00:00,1.264,1.275,1.254,1.274,4816002.45
2024-12-12 15:00:00+00:00,1.274,1.276,1.258,1.27,3442845.19
2024-12-12 16:00:00+00:00,1.27,1.277,1.257,1.267,3349373.21
2024-12-12 17:00:00+00:00,1.267,1.27,1.26,1.269,1997755.39
2024-12-12 18:00:00+00:00,1.269,1.283,1.264,1.266,5241868.16
2024-12-12 19:00:00+00:00,1.266,1.269,1.226,1.233,8810129.48
2024-12-12 20:00:00+00:00,1.233,1.25,1.233,1.243,4810913.38
2024-12-12 21:00:00+00:00,1.243,1.249,1.232,1.235,2749380.42
2024-12-12 22:00:00+00:00,1.235,1.237,1.221,1.232,3045685.41
2024-12-12 23:00:00+00:00,1.232,1.239,1.229,1.234,2082342.23
2024-12-13 00:00:00+00:00,1.234,1.24,1.226,1.227,2028678.79
2024-12-13 01:00:00+00:00,1.227,1.227,1.207,1.219,6051073.27
2024-12-13 02:00:00+00:00,1.219,1.232,1.216,1.22,4237722.24
2024-12-13 03:00:00+00:00,1.22,1.226,1.217,1.219,2656076.52
2024-12-13 04:00:00+00:00,1.219,1.222,1.208,1.22,3952047.57
2024-12-13 05:00:00+00:00,1.22,1.223,1.219,1.22,3120119.94
2024-12-13 06:00:00+00:00,1.22,1.226,1.204,1.204,2573099.72
2024-12-13 07:00:00+00:00,1.204,1.213,1.195,1.208,3907250.28
2024-12-13 08:00:00+00:00,1.208,1.219,1.205,1.212,3199113.52
2024-12-13 09:00:00+00:00,1.212,1.216,1.2,1.21,1596932.72
2024-12-13 10:00:00+00:00,1.21,1.213,1.201,1.211,1574586.5
2024-12-13 11:00:00+00:00,1.211,1.22,1.209,1.209,3152201.74
2024-12-13 12:00:00+00:00,1.209,1.219,1.209,1.219,2046704.44
2024-12-13 13:00:00+00:00,1.219,1.228,1.216,1.225,2887586.19
2024-12-13 14:00:00+00:00,1.225,1.276,1.222,1.268,8097321.53
2024-12-13 15:00:00+00:00,1.268,1.287,1.249,1.252,9281125.85
2024-12-13 16:00:00+00:00,1.252,1.285,1.24,1.266,11652798.07
2024-12-13 17:00:00+00:00,1.266,1.274,1.247,1.253,5263079.51
2024-12-13 18:00:00+00:00,1.253,1.267,1.247,1.249,3237997.14
2024-12-13 19:00:00+00:00,1.249,1.272,1.247,1.271,2554341.79
2024-12-13 20:00:00+00:00,1.271,1.315,1.27,1.295,8160544.94
2024-12-13 21:00:00+00:00,1.295,1.306,1.283,1.293,3881060.1
2024-12-13 22:00:00+00:00,1.293,1.306,1.289,1.299,3015686.95
2024-12-13 23:00:00+00:00,1.299,1.314,1.291,1.314,3687270.14
2024-12-14 00:00:00+00:00,1.314,1.324,1.302,1.304,4923579.9
2024-12-14 01:00:00+00:00,1.304,1.325,1.297,1.307,6261921.42
2024-12-14 02:00:00+00:00,1.307,1.316,1.301,1.305,2771025.14
2024-12-14 03:00:00+00:00,1.305,1.309,1.284,1.29,4208991.56
2024-12-14 04:00:00+00:00,1.29,1.297,1.289,1.294,2655846.31
2024-12-14 05:00:00+00:00,1.294,1.294,1.284,1.286,2378708.58
2024-12-14 06:00:00+00:00,1.286,1.288,1.278,1.28,2522313.81
2024-12-14 07:00:00+00:00,1.28,1.284,1.274,1.275,2472980.93
2024-12-14 08:00:00+00:00,1.275,1.285,1.271,1.284,1765568.69
2024-12-14 09:00:00+00:00,1.284,1.286,1.274,1.276,1777049.43
2024-12-14 10:00:00+00:00,1.276,1.277,1.267,1.273,1393668.35
2024-12-14 11:00:00+00:00,1.273,1.276,1.258,1.258,2251779.84
2024-12-14 12:00:00+00:00,1.258,1.259,1.241,1.242,3051166.36
2024-12-14 13:00:00+00:00,1.242,1.243,1.219,1.225,6135566.18
2024-12-14 14:00:00+00:00,1.225,1.243,1.225,1.234,6098535.06
2024-12-14 15:00:00+00:00,1.234,1.239,1.226,1.234,2929471.99
2024-12-14 16:00:00+00:00,1.234,1.241,1.225,1.237,2758961.42
2024-12-14 17:00:00+00:00,1.237,1.24,1.225,1.231,2476246.33
2024-12-14 18:00:00+00:00,1.231,1.246,1.214,1.216,6033983.85
2024-12-14 19:00:00+00:00,1.216,1.227,1.214,1.223,3212362.87
2024-12-14 20:00:00+00:00,1.223,1.232,1.214,1.216,2109026.69
2024-12-14 21:00:00+00:00,1.216,1.227,1.216,1.226,1468395.43
2024-12-14 22:00:00+00:00,1.226,1.23,1.216,1.224,1266857.9
2024-12-14 23:00:00+00:00,1.224,1.233,1.22,1.225,2678590.89
2024-12-15 00:00:00+00:00,1.225,1.229,1.203,1.211,3272262.08
2024-12-15 01:00:00+00:00,1.211,1.246,1.21,1.246,3673376.03
2024-12-15 02:00:00+00:00,1.246,1.257,1.229,1.231,3342794.25
2024-12-15 03:00:00+00:00,1.231,1.237,1.225,1.229,2089639.43
2024-12-15 04:00:00+00:00,1.229,1.248,1.228,1.247,2459634.13
2024-12-15 05:00:00+00:00,1.247,1.253,1.243,1.246,2200079.48
2024-12-15 06:00:00+00:00,1.246,1.246,1.213,1.213,2707080.27
2024-12-15 07:00:00+00:00,1.213,1.219,1.197,1.208,5767266.68
2024-12-15 08:00:00+00:00,1.208,1.238,1.207,1.236,2784544.44
2024-12-15 09:00:00+00:00,1.236,1.265,1.227,1.254,5507105.46
2024-12-15 10:00:00+00:00,1.254,1.26,1.243,1.248,2948282.67
2024-12-15 11:00:00+00:00,1.248,1.254,1.243,1.25,2398143.08
2024-12-15 12:00:00+00:00,1.25,1.268,1.239,1.268,3217106.06
2024-12-15 13:00:00+00:00,1.268,1.303,1.259,1.286,9253646.26
2024-12-15 14:00:00+00:00,1.286,1.316,1.286,1.309,5533626.33
2024-12-15 15:00:00+00:00,1.309,1.316,1.301,1.313,5710308.51
2024-12-15 16:00:00+00:00,1.313,1.324,1.31,1.323,5080906.29
2024-12-15 17:00:00+00:00,1.323,1.353,1.321,1.342,11471134.09
2024-12-15 18:00:00+00:00,1.342,1.389,1.338,1.389,19135790.77
2024-12-15 19:00:00+00:00,1.389,1.401,1.374,1.376,14521578.09
2024-12-15 20:00:00+00:00,1.376,1.394,1.364,1.373,8179997.6
2024-12-15 21:00:00+00:00,1.373,1.38,1.353,1.358,9917986.76
2024-12-15 22:00:00+00:00,1.358,1.408,1.353,1.406,11611483.12
2024-12-15 23:00:00+00:00,1.406,1.453,1.403,1.431,19472040.84
2024-12-16 00:00:00+00:00,1.431,1.477,1.427,1.438,18934488.93
2024-12-16 01:00:00+00:00,1.438,1.453,1.433,1.44,8632984.6
2024-12-16 02:00:00+00:00,1.44,1.441,1.422,1.438,7469725.84
2024-12-16 03:00:00+00:00,1.438,1.445,1.412,1.419,6254960.46
2024-12-16 04:00:00+00:00,1.419,1.42,1.403,1.412,4789098.34
2024-12-16 05:00:00+00:00,1.412,1.428,1.409,1.422,3840816.63
2024-12-16 06:00:00+00:00,1.422,1.427,1.396,1.396,5440585.48
2024-12-16 07:00:00+00:00,1.396,1.406,1.383,1.402,4862051.67
2024-12-16 08:00:00+00:00,1.402,1.404,1.376,1.379,5419881.6
2024-12-16 09:00:00+00:00,1.379,1.396,1.371,1.381,6735150.58
2024-12-16 10:00:00+00:00,1.381,1.384,1.359,1.36,7368456.13
2024-12-16 11:00:00+00:00,1.36,1.366,1.34,1.344,8692325.08
2024-12-16 12:00:00+00:00,1.344,1.375,1.342,1.367,7545918.33
2024-12-16 13:00:00+00:00,1.367,1.374,1.362,1.367,4553435.9
2024-12-16 14:00:00+00:00,1.367,1.396,1.357,1.384,9832706.36
2024-12-16 15:00:00+00:00,1.384,1.395,1.375,1.381,11302747.17
2024-12-16 16:00:00+00:00,1.381,1.391,1.375,1.384,8958980.33
2024-12-16 17:00:00+00:00,1.384,1.388,1.366,1.38,6662032.76
2024-12-16 18:00:00+00:00,1.38,1.399,1.38,1.393,4046965.92
2024-12-16 19:00:00+00:00,1.393,1.402,1.386,1.391,3504428.03
2024-12-16 20:00:00+00:00,1.391,1.397,1.378,1.383,3496153.3
2024-12-16 21:00:00+00:00,1.383,1.399,1.38,1.399,2430799.41
2024-12-16 22:00:00+00:00,1.399,1.405,1.386,1.389,4399841.64
2024-12-16 23:00:00+00:00,1.389,1.393,1.384,1.389,1919695.7
2024-12-17 00:00:00+00:00,1.389,1.399,1.367,1.376,5647193.03
2024-12-17 01:00:00+00:00,1.376,1.401,1.375,1.396,4098253.43
2024-12-17 02:00:00+00:00,1.396,1.407,1.39,1.406,2486626.92
2024-12-17 03:00:00+00:00,1.406,1.432,1.401,1.428,4904914.49
2024-12-17 04:00:00+00:00,1.428,1.429,1.391,1.395,4039806.44
2024-12-17 05:00:00+00:00,1.395,1.423,1.395,1.422,3504501.78
2024-12-17 06:00:00+00:00,1.422,1.424,1.413,1.416,3440575.8
2024-12-17 07:00:00+00:00,1.416,1.426,1.398,1.405,3538202.55
2024-12-17 08:00:00+00:00,1.405,1.408,1.381,1.389,4332602.34
2024-12-17 09:00:00+00:00,1.389,1.416,1.388,1.412,3893881.63
2024-12-17 10:00:00+00:00,1.412,1.419,1.402,1.418,5185180.4
2024-12-17 11:00:00+00:00,1.418,1.419,1.401,1.405,3505037.49
2024-12-17 12:00:00+00:00,1.405,1.406,1.381,1.394,4803110.73
2024-12-17 13:00:00+00:00,1.394,1.403,1.393,1.4,2390202.73
2024-12-17 14:00:00+00:00,1.4,1.407,1.383,1.404,5011697.06
2024-12-17 15:00:00+00:00,1.404,1.404,1.329,1.35,13881093.66
2024-12-17 16:00:00+00:00,1.35,1.366,1.337,1.341,6409509.98
2024-12-17 17:00:00+00:00,1.341,1.363,1.331,1.36,5464286.87
2024-12-17 18:00:00+00:00,1.36,1.36,1.338,1.347,4632366.58
2024-12-17 19:00:00+00:00,1.347,1.37,1.333,1.356,9355436.43
2024-12-17 20:00:00+00:00,1.356,1.37,1.349,1.349,4482159.17
2024-12-17 21:00:00+00:00,1.349,1.355,1.336,1.347,2690585.06
2024-12-17 22:00:00+00:00,1.347,1.349,1.323,1.329,2873426.22
2024-12-17 23:00:00+00:00,1.329,1.33,1.311,1.318,6227307.93
2024-12-18 00:00:00+00:00,1.318,1.325,1.293,1.301,4749019.73
2024-12-18 01:00:00+00:00,1.301,1.321,1.299,1.303,2908223.56
2024-12-18 02:00:00+00:00,1.303,1.322,1.299,1.315,2475405.25
2024-12-18 03:00:00+00:00,1.315,1.321,1.288,1.288,4982008.91
2024-12-18 04:00:00+00:00,1.288,1.291,1.261,1.281,7651316.51
2024-12-18 05:00:00+00:00,1.281,1.296,1.276,1.283,3489512.11
2024-12-18 06:00:00+00:00,1.283,1.29,1.266,1.281,2519698.92
2024-12-18 07:00:00+00:00,1.281,1.292,1.28,1.287,2774317.16
2024-12-18 08:00:00+00:00,1.287,1.291,1.27,1.29,4605030.29
2024-12-18 09:00:00+00:00,1.29,1.319,1.287,1.305,5312882.52
2024-12-18 10:00:00+00:00,1.305,1.307,1.287,1.303,3292559.64
2024-12-18 11:00:00+00:00,1.303,1.311,1.296,1.301,3094639.64
2024-12-18 12:00:00+00:00,1.301,1.302,1.271,1.284,3536298.86
2024-12-18 13:00:00+00:00,1.284,1.3,1.28,1.298,3856039.27
2024-12-18 14:00:00+00:00,1.298,1.363,1.2,1.21,40149992.45
2024-12-18 15:00:00+00:00,1.21,1.244,1.182,1.226,26192874.76
2024-12-18 16:00:00+00:00,1.226,1.234,1.204,1.215,7293557.18
2024-12-18 17:00:00+00:00,1.215,1.241,1.2,1.222,6964236.95
2024-12-18 18:00:00+00:00,1.222,1.244,1.216,1.244,5468220.85
2024-12-18 19:00:00+00:00,1.244,1.244,1.181,1.181,12536479.73
2024-12-18 20:00:00+00:00,1.181,1.193,1.108,1.159,37688115.04
2024-12-18 21:00:00+00:00,1.159,1.178,1.146,1.159,11790830.79
2024-12-18 22:00:00+00:00,1.159,1.166,1.144,1.151,13984310.93
2024-12-18 23:00:00+00:00,1.151,1.151,1.109,1.113,10203251.88
2024-12-19 00:00:00+00:00,1.113,1.15,1.101,1.148,9102802.11
2024-12-19 01:00:00+00:00,1.148,1.149,1.109,1.117,6481144.95
2024-12-19 02:00:00+00:00,1.117,1.134,1.064,1.134,24356238.91
2024-12-19 03:00:00+00:00,1.134,1.155,1.13,1.144,10724095.97
2024-12-19 04:00:00+00:00,1.144,1.144,1.118,1.12,8531629.24
2024-12-19 05:00:00+00:00,1.12,1.142,1.12,1.134,5761641.38
2024-12-19 06:00:00+00:00,1.134,1.154,1.125,1.139,6866366.8
2024-12-19 07:00:00+00:00,1.139,1.156,1.138,1.154,5945213.37
2024-12-19 08:00:00+00:00,1.154,1.154,1.133,1.137,4183745.03
2024-12-19 09:00:00+00:00,1.137,1.151,1.136,1.149,3664516.78
2024-12-19 10:00:00+00:00,1.149,1.181,1.139,1.174,7683150.36
2024-12-19 11:00:00+00:00,1.174,1.174,1.155,1.158,5010159.74
2024-12-19 12:00:00+00:00,1.158,1.161,1.135,1.14,4663060.76
2024-12-19 13:00:00+00:00,1.14,1.153,1.132,1.142,3864291.32
2024-12-19 14:00:00+00:00,1.142,1.16,1.123,1.126,6262784.31
2024-12-19 15:00:00+00:00,1.126,1.127,1.084,1.106,15385044.92
2024-12-19 16:00:00+00:00,1.106,1.111,1.091,1.107,7797307.89
2024-12-19 17:00:00+00:00,1.107,1.107,1.031,1.044,24449407.79
2024-12-19 18:00:00+00:00,1.044,1.044,0.9891,1.021,33590928.41
2024-12-19 19:00:00+00:00,1.021,1.037,0.9801,1.004,16050040.43
2024-12-19 20:00:00+00:00,1.004,1.018,0.9682,1.0,15660048.56
2024-12-19 21:00:00+00:00,1.0,1.026,0.9956,1.016,11662868.9
2024-12-19 22:00:00+00:00,1.016,1.025,1.009,1.02,3827053.48
2024-12-19 23:00:00+00:00,1.02,1.02,0.9944,0.9949,5175600.47
2024-12-20 00:00:00+00:00,0.9949,1.014,0.9779,1.002,8011138.41
2024-12-20 01:00:00+00:00,1.002,1.012,0.995,0.9995,3982807.01
2024-12-20 02:00:00+00:00,0.9995,1.031,0.9908,1.025,8199848.88
2024-12-20 03:00:00+00:00,1.025,1.028,1.005,1.007,2731934.86
2024-12-20 04:00:00+00:00,1.007,1.014,0.9963,0.997,3082548.64
2024-12-20 05:00:00+00:00,0.997,1.003,0.9801,0.9802,4810876.91
2024-12-20 06:00:00+00:00,0.9802,0.9926,0.94,0.9503,12520068.27
2024-12-20 07:00:00+00:00,0.9503,0.9929,0.9503,0.9631,9398091.06
2024-12-20 08:00:00+00:00,0.9631,0.964,0.8696,0.88,29203286.75
2024-12-20 09:00:00+00:00,0.88,0.9074,0.8657,0.8875,29340526.51
2024-12-20 10:00:00+00:00,0.8875,0.8981,0.8621,0.8807,20369291.15
2024-12-20 11:00:00+00:00,0.8807,0.899,0.8462,0.853,21711643.75
2024-12-20 12:00:00+00:00,0.853,0.9128,0.8509,0.9056,19539151.81
2024-12-20 13:00:00+00:00,0.9056,0.9396,0.887,0.9344,24310582.77
2024-12-20 14:00:00+00:00,0.9344,0.9583,0.9247,0.9428,18203506.28
2024-12-20 15:00:00+00:00,0.9428,0.9662,0.9427,0.9562,11091721.24
2024-12-20 16:00:00+00:00,0.9562,0.9827,0.9473,0.9632,10560498.16
2024-12-20 17:00:00+00:00,0.9632,0.9775,0.9571,0.9698,7357636.96
2024-12-20 18:00:00+00:00,0.9698,0.9745,0.9577,0.9659,4309223.16
2024-12-20 19:00:00+00:00,0.9659,0.9959,0.9646,0.989,8579970.03
2024-12-20 20:00:00+00:00,0.989,0.9956,0.9694,0.9706,5942967.44
2024-12-20 21:00:00+00:00,0.9706,0.9784,0.9512,0.9768,5317648.85
2024-12-20 22:00:00+00:00,0.9768,0.9966,0.9711,0.9911,4136459.16
2024-12-20 23:00:00+00:00,0.9911,1.001,0.9885,0.9913,4592482.66
2024-12-21 00:00:00+00:00,0.9913,0.9962,0.9807,0.9928,3628233.63
2024-12-21 01:00:00+00:00,0.9928,1.018,0.9912,0.9942,6260484.4
2024-12-21 02:00:00+00:00,0.9942,1.011,0.9847,1.006,7483889.76
2024-12-21 03:00:00+00:00,1.006,1.012,0.998,1.005,2861461.36
2024-12-21 04:00:00+00:00,1.005,1.035,1.003,1.034,8185886.58
2024-12-21 05:00:00+00:00,1.034,1.083,1.032,1.082,9317884.12
2024-12-21 06:00:00+00:00,1.082,1.091,1.07,1.075,7058223.23
2024-12-21 07:00:00+00:00,1.075,1.101,1.073,1.079,7089981.07
2024-12-21 08:00:00+00:00,1.079,1.088,1.061,1.066,8081309.73
2024-12-21 09:00:00+00:00,1.066,1.081,1.051,1.066,6515396.03
2024-12-21 10:00:00+00:00,1.066,1.082,1.062,1.069,4277142.15
2024-12-21 11:00:00+00:00,1.069,1.076,1.05,1.068,4183905.81
2024-12-21 12:00:00+00:00,1.068,1.069,1.032,1.036,9578381.23
2024-12-21 13:00:00+00:00,1.036,1.047,1.003,1.022,13348033.75
2024-12-21 14:00:00+00:00,1.022,1.032,1.007,1.01,6055202.62
2024-12-21 15:00:00+00:00,1.01,1.031,1.01,1.025,4829094.38
2024-12-21 16:00:00+00:00,1.025,1.03,1.002,1.016,6941252.4
2024-12-21 17:00:00+00:00,1.016,1.025,1.002,1.017,5742992.11
2024-12-21 18:00:00+00:00,1.017,1.018,0.9832,0.9889,6174237.84
2024-12-21 19:00:00+00:00,0.9889,0.9909,0.9558,0.9787,12027716.29
2024-12-21 20:00:00+00:00,0.9787,0.9928,0.9693,0.9847,7449954.78
2024-12-21 21:00:00+00:00,0.9847,0.9895,0.964,0.9698,4421426.13
2024-12-21 22:00:00+00:00,0.9698,0.9765,0.9551,0.9638,3787528.01
2024-12-21 23:00:00+00:00,0.9638,0.9696,0.953,0.9679,4234579.76
2024-12-22 00:00:00+00:00,0.9679,0.982,0.9588,0.9688,4020144.86
2024-12-22 01:00:00+00:00,0.9688,0.9777,0.9549,0.97,3432154.02
2024-12-22 02:00:00+00:00,0.97,0.977,0.9606,0.9667,2388433.61
2024-12-22 03:00:00+00:00,0.9667,0.9758,0.9547,0.9698,3252286.22
2024-12-22 04:00:00+00:00,0.9698,0.9721,0.9442,0.9442,3741253.69
2024-12-22 05:00:00+00:00,0.9442,0.9621,0.9309,0.9527,6546297.43
2024-12-22 06:00:00+00:00,0.9527,0.9737,0.9497,0.9696,3641922.98
2024-12-22 07:00:00+00:00,0.9696,0.9722,0.9616,0.9721,2756473.14
2024-12-22 08:00:00+00:00,0.9721,0.9809,0.9685,0.9767,5170288.66
2024-12-22 09:00:00+00:00,0.9767,1.007,0.9739,1.001,6663534.21
2024-12-22 10:00:00+00:00,1.001,1.018,1.0,1.006,5103815.18
2024-12-22 11:00:00+00:00,1.006,1.012,0.9988,1.007,2718479.19
2024-12-22 12:00:00+00:00,1.007,1.011,0.9934,0.9979,3636726.64
2024-12-22 13:00:00+00:00,0.9979,1.006,0.9904,0.9962,3647732.11
2024-12-22 14:00:00+00:00,0.9962,1.002,0.9618,0.9679,8564624.71
2024-12-22 15:00:00+00:00,0.9679,0.9817,0.9679,0.9787,4506565.09
2024-12-22 16:00:00+00:00,0.9787,1.003,0.9701,0.9971,6883740.38
2024-12-22 17:00:00+00:00,0.9971,1.001,0.9899,0.9966,3519944.18
2024-12-22 18:00:00+00:00,0.9966,1.008,0.9907,0.9932,3403103.72
2024-12-22 19:00:00+00:00,0.9932,0.9984,0.9591,0.963,7041797.55
2024-12-22 20:00:00+00:00,0.963,0.978,0.9469,0.978,5676032.59
2024-12-22 21:00:00+00:00,0.978,0.9872,0.9689,0.9741,4046129.87
2024-12-22 22:00:00+00:00,0.9741,0.9748,0.9515,0.9729,4774452.81
2024-12-22 23:00:00+00:00,0.9729,0.9813,0.9609,0.966,3532221.38
2024-12-23 00:00:00+00:00,0.966,0.9687,0.9474,0.9541,4083291.17
2024-12-23 01:00:00+00:00,0.9541,0.968,0.9343,0.9448,6671851.94
2024-12-23 02:00:00+00:00,0.9448,0.9609,0.9354,0.9543,6411149.67
2024-12-23 03:00:00+00:00,0.9543,1.02,0.9472,1.018,11016237.3
2024-12-23 04:00:00+00:00,1.018,1.02,0.9936,0.9964,4687533.08
2024-12-23 05:00:00+00:00,0.9964,0.9968,0.9789,0.982,4928706.92
2024-12-23 06:00:00+00:00,0.982,0.9856,0.951,0.954,4566870.73
2024-12-23 07:00:00+00:00,0.954,0.9643,0.9472,0.9553,4143179.44
2024-12-23 08:00:00+00:00,0.9553,0.9666,0.95,0.9643,3528060.58
2024-12-23 09:00:00+00:00,0.9643,0.9859,0.9624,0.9802,4379694.12
2024-12-23 10:00:00+00:00,0.9802,0.9877,0.9732,0.9833,3689137.11
2024-12-23 11:00:00+00:00,0.9833,0.9849,0.9771,0.9802,2802255.21
2024-12-23 12:00:00+00:00,0.9802,0.9912,0.9712,0.9847,4703555.64
2024-12-23 13:00:00+00:00,0.9847,0.9922,0.9701,0.9787,6641147.54
2024-12-23 14:00:00+00:00,0.9787,0.9968,0.9595,0.967,6893556.95
2024-12-23 15:00:00+00:00,0.967,0.967,0.9423,0.9476,7082925.39
2024-12-23 16:00:00+00:00,0.9476,0.9868,0.9434,0.983,8369678.32
2024-12-23 17:00:00+00:00,0.983,0.9886,0.9696,0.9739,5790698.69
2024-12-23 18:00:00+00:00,0.9739,0.9812,0.966,0.9664,3491911.92
2024-12-23 19:00:00+00:00,0.9664,1.009,0.9663,0.9938,8126355.0
2024-12-23 20:00:00+00:00,0.9938,1.036,0.9931,1.031,8619915.76
2024-12-23 21:00:00+00:00,1.031,1.051,1.029,1.03,9944901.93
2024-12-23 22:00:00+00:00,1.03,1.05,1.028,1.049,5256140.18
2024-12-23 23:00:00+00:00,1.049,1.054,1.035,1.041,4101507.29
2024-12-24 00:00:00+00:00,1.041,1.043,1.023,1.04,4663738.22
2024-12-24 01:00:00+00:00,1.04,1.044,1.014,1.014,4796352.74
2024-12-24 02:00:00+00:00,1.014,1.024,1.002,1.018,3285656.52
2024-12-24 03:00:00+00:00,1.018,1.03,1.016,1.03,1893061.22
2024-12-24 04:00:00+00:00,1.03,1.035,1.023,1.032,1842533.19
2024-12-24 05:00:00+00:00,1.032,1.034,1.021,1.033,4174635.84
2024-12-24 06:00:00+00:00,1.033,1.036,1.007,1.008,6885276.77
2024-12-24 07:00:00+00:00,1.008,1.033,1.004,1.009,18027951.57
2024-12-24 08:00:00+00:00,1.009,1.016,0.9573,0.9713,23171253.91
2024-12-24 09:00:00+00:00,0.9713,0.9844,0.9415,0.9443,19323552.56
2024-12-24 10:00:00+00:00,0.9443,0.9475,0.9032,0.9418,32852318.52
2024-12-24 11:00:00+00:00,0.9418,0.9647,0.9331,0.9494,12218043.16
2024-12-24 12:00:00+00:00,0.9494,0.9511,0.9364,0.9371,7275008.69
2024-12-24 13:00:00+00:00,0.9371,0.979,0.9352,0.9772,12754993.75
2024-12-24 14:00:00+00:00,0.9772,0.9955,0.968,0.9917,13927077.89
2024-12-24 15:00:00+00:00,0.9917,1.006,0.9778,0.9911,9254687.96
2024-12-24 16:00:00+00:00,0.9911,1.009,0.9762,0.9858,9522323.53
2024-12-24 17:00:00+00:00,0.9858,0.9922,0.9774,0.9819,5151906.98
2024-12-24 18:00:00+00:00,0.9819,1.011,0.9795,0.987,6499710.3
2024-12-24 19:00:00+00:00,0.987,0.997,0.9798,0.9941,8439330.91
2024-12-24 20:00:00+00:00,0.9941,0.995,0.9714,0.9757,5790321.01
2024-12-24 21:00:00+00:00,0.9757,0.9993,0.9745,0.9992,4602598.38
2024-12-24 22:00:00+00:00,0.9992,1.008,0.9932,0.9987,5679066.57
2024-12-24 23:00:00+00:00,0.9987,1.002,0.9943,0.9983,2359570.99
2024-12-25 00:00:00+00:00,0.9983,1.024,0.9911,1.021,4699960.15
2024-12-25 01:00:00+00:00,1.021,1.027,1.004,1.007,4761130.9
2024-12-25 02:00:00+00:00,1.007,1.012,0.9943,1.003,7275826.78
2024-12-25 03:00:00+00:00,1.003,1.005,0.9959,0.9975,4057630.17
2024-12-25 04:00:00+00:00,0.9975,1.007,0.9922,1.006,2737267.32
2024-12-25 05:00:00+00:00,1.006,1.009,0.9986,1.005,1827637.34
2024-12-25 06:00:00+00:00,1.005,1.009,0.994,0.9946,2600595.09
2024-12-25 07:00:00+00:00,0.9946,1.012,0.9917,0.995,2968170.42
2024-12-25 08:00:00+00:00,0.995,1.006,0.9948,0.9986,3282551.94
2024-12-25 09:00:00+00:00,0.9986,1.002,0.9814,0.9831,3548691.02
2024-12-25 10:00:00+00:00,0.9831,1.005,0.9768,0.99,7334380.46
2024-12-25 11:00:00+00:00,0.99,1.003,0.9857,0.9906,6490239.55
2024-12-25 12:00:00+00:00,0.9906,0.9956,0.981,0.9892,3978406.99
2024-12-25 13:00:00+00:00,0.9892,1.002,0.9844,0.991,2583213.5
2024-12-25 14:00:00+00:00,0.991,1.006,0.9905,0.9971,5389107.6
2024-12-25 15:00:00+00:00,0.9971,0.9982,0.9756,0.9794,4969124.82
2024-12-25 16:00:00+00:00,0.9794,0.9847,0.9632,0.9746,6059557.53
2024-12-25 17:00:00+00:00,0.9746,0.9786,0.9682,0.9753,2598834.36
2024-12-25 18:00:00+00:00,0.9753,0.9767,0.9693,0.9711,1323938.3
2024-12-25 19:00:00+00:00,0.9711,0.9909,0.9711,0.9844,4920156.65
2024-12-25 20:00:00+00:00,0.9844,0.9909,0.9647,0.9672,1977088.09
2024-12-25 21:00:00+00:00,0.9672,0.9745,0.9576,0.9644,2370319.21
2024-12-25 22:00:00+00:00,0.9644,0.974,0.9593,0.9639,2080700.99
2024-12-25 23:00:00+00:00,0.9639,0.972,0.9605,0.9643,2433695.08
2024-12-26 00:00:00+00:00,0.9643,0.9788,0.9546,0.959,3130185.61
2024-12-26 01:00:00+00:00,0.959,0.9683,0.9562,0.9593,2635860.96
2024-12-26 02:00:00+00:00,0.9593,0.9647,0.9505,0.9537,2415797.72
2024-12-26 03:00:00+00:00,0.9537,0.9601,0.9487,0.9538,2464900.99
2024-12-26 04:00:00+00:00,0.9538,0.9538,0.9426,0.9486,2657613.61
2024-12-26 05:00:00+00:00,0.9486,0.954,0.9432,0.9462,1538236.59
2024-12-26 06:00:00+00:00,0.9462,0.948,0.9389,0.9457,2514274.96
2024-12-26 07:00:00+00:00,0.9457,0.9466,0.9361,0.9449,1557031.91
2024-12-26 08:00:00+00:00,0.9449,0.9507,0.9174,0.9271,8678673.38
2024-12-26 09:00:00+00:00,0.9271,0.9354,0.9225,0.9229,3820878.59
2024-12-26 10:00:00+00:00,0.9229,0.9232,0.9081,0.9144,6976398.49
2024-12-26 11:00:00+00:00,0.9144,0.9185,0.9065,0.9084,3731404.4
2024-12-26 12:00:00+00:00,0.9084,0.9149,0.9038,0.9089,3568833.32
2024-12-26 13:00:00+00:00,0.9089,0.9097,0.8896,0.8942,9924312.36
2024-12-26 14:00:00+00:00,0.8942,0.9007,0.8826,0.8891,18936257.39
2024-12-26 15:00:00+00:00,0.8891,0.8944,0.8768,0.8838,7698716.46
2024-12-26 16:00:00+00:00,0.8838,0.8951,0.8792,0.892,5777516.33
2024-12-26 17:00:00+00:00,0.892,0.8942,0.8736,0.8802,3394296.61
2024-12-26 18:00:00+00:00,0.8802,0.8852,0.8746,0.8828,3582170.08
2024-12-26 19:00:00+00:00,0.8828,0.8833,0.8715,0.8817,3907049.97
2024-12-26 20:00:00+00:00,0.8817,0.8841,0.8696,0.8744,4605604.24
2024-12-26 21:00:00+00:00,0.8744,0.8811,0.8665,0.8756,3088860.66
2024-12-26 22:00:00+00:00,0.8756,0.8857,0.8744,0.8745,2409628.08
2024-12-26 23:00:00+00:00,0.8745,0.8749,0.8644,0.8718,2648400.62
2024-12-27 00:00:00+00:00,0.8718,0.8776,0.8647,0.8739,2367812.41
2024-12-27 01:00:00+00:00,0.8739,0.8894,0.8706,0.8809,3406703.81
2024-12-27 02:00:00+00:00,0.8809,0.892,0.8754,0.8785,3409241.43
2024-12-27 03:00:00+00:00,0.8785,0.8872,0.8753,0.8826,1941115.09
2024-12-27 04:00:00+00:00,0.8826,0.886,0.8718,0.8731,2188375.33
2024-12-27 05:00:00+00:00,0.8731,0.8755,0.8631,0.8711,3091478.6
2024-12-27 06:00:00+00:00,0.8711,0.8927,0.8711,0.8923,2561311.07
2024-12-27 07:00:00+00:00,0.8923,0.8929,0.8615,0.8701,6085723.14
2024-12-27 08:00:00+00:00,0.8701,0.8979,0.87,0.8814,6829176.82
2024-12-27 09:00:00+00:00,0.8814,0.9223,0.8812,0.9126,10274641.28
2024-12-27 10:00:00+00:00,0.9126,0.9144,0.8891,0.8975,4849177.68
2024-12-27 11:00:00+00:00,0.8975,0.9054,0.8957,0.9046,3747974.71
2024-12-27 12:00:00+00:00,0.9046,0.9069,0.8942,0.8964,2303835.97
2024-12-27 13:00:00+00:00,0.8964,0.898,0.882,0.8825,3669666.8
2024-12-27 14:00:00+00:00,0.8825,0.8837,0.8643,0.8711,7604916.5
2024-12-27 15:00:00+00:00,0.8711,0.8711,0.8475,0.8518,9098305.7
2024-12-27 16:00:00+00:00,0.8518,0.8609,0.8474,0.8539,4779833.39
2024-12-27 17:00:00+00:00,0.8539,0.8787,0.8536,0.8757,6072071.1
2024-12-27 18:00:00+00:00,0.8757,0.8768,0.8672,0.8719,2242775.37
2024-12-27 19:00:00+00:00,0.8719,0.8724,0.8607,0.8613,2621873.66
2024-12-27 20:00:00+00:00,0.8613,0.8626,0.8431,0.8512,5430941.51
2024-12-27 21:00:00+00:00,0.8512,0.8533,0.8369,0.84,4700031.43
2024-12-27 22:00:00+00:00,0.84,0.8422,0.8301,0.8307,3883161.29
2024-12-27 23:00:00+00:00,0.8307,0.8356,0.823,0.8342,4576798.86
2024-12-28 00:00:00+00:00,0.8342,0.8411,0.8322,0.8385,2574036.27
2024-12-28 01:00:00+00:00,0.8385,0.8389,0.8273,0.8313,2062100.92
2024-12-28 02:00:00+00:00,0.8313,0.8354,0.8241,0.8245,2004417.92
2024-12-28 03:00:00+00:00,0.8245,0.8297,0.8245,0.8274,1759214.55
2024-12-28 04:00:00+00:00,0.8274,0.8287,0.8184,0.8263,2519771.7
2024-12-28 05:00:00+00:00,0.8263,0.8337,0.8249,0.8254,1898690.39
2024-12-28 06:00:00+00:00,0.8254,0.8269,0.811,0.8158,3106612.23
2024-12-28 07:00:00+00:00,0.8158,0.8242,0.8035,0.8046,5170505.5
2024-12-28 08:00:00+00:00,0.8046,0.8189,0.8046,0.8171,3000988.09
2024-12-28 09:00:00+00:00,0.8171,0.8262,0.8143,0.8242,3444125.81
2024-12-28 10:00:00+00:00,0.8242,0.8305,0.8129,0.8132,5148622.05
2024-12-28 11:00:00+00:00,0.8132,0.8245,0.8131,0.8222,2755917.62
2024-12-28 12:00:00+00:00,0.8222,0.8266,0.8124,0.8136,2197031.39
2024-12-28 13:00:00+00:00,0.8136,0.8157,0.8019,0.8144,6901423.65
2024-12-28 14:00:00+00:00,0.8144,0.8337,0.8121,0.8143,6405267.59
2024-12-28 15:00:00+00:00,0.8143,0.8261,0.7845,0.7864,15079864.22
2024-12-28 16:00:00+00:00,0.7864,0.8045,0.7849,0.8042,13720260.48
2024-12-28 17:00:00+00:00,0.8042,0.8236,0.8039,0.8097,6472562.97
2024-12-28 18:00:00+00:00,0.8097,0.8115,0.7963,0.7976,4001744.35
2024-12-28 19:00:00+00:00,0.7976,0.7995,0.7891,0.7957,5233938.63
2024-12-28 20:00:00+00:00,0.7957,0.7988,0.78,0.7809,4491261.24
2024-12-28 21:00:00+00:00,0.7809,0.7963,0.7808,0.7963,5447563.76
2024-12-28 22:00:00+00:00,0.7963,0.8045,0.7891,0.8007,4599467.03
2024-12-28 23:00:00+00:00,0.8007,0.8009,0.7877,0.7919,4224975.88
2024-12-29 00:00:00+00:00,0.7919,0.7966,0.7807,0.7871,3845017.93
2024-12-29 01:00:00+00:00,0.7871,0.791,0.7812,0.7841,2368164.08
2024-12-29 02:00:00+00:00,0.7841,0.7928,0.7803,0.7913,2090508.27
2024-12-29 03:00:00+00:00,0.7913,0.7913,0.7852,0.787,1889221.69
2024-12-29 04:00:00+00:00,0.787,0.789,0.7757,0.7841,3283524.38
2024-12-29 05:00:00+00:00,0.7841,0.7862,0.7782,0.7799,3205148.2
2024-12-29 06:00:00+00:00,0.7799,0.7891,0.7787,0.7889,3791743.08
2024-12-29 07:00:00+00:00,0.7889,0.803,0.7889,0.7992,4877982.04
2024-12-29 08:00:00+00:00,0.7992,0.7999,0.784,0.7904,3415968.51
2024-12-29 09:00:00+00:00,0.7904,0.8041,0.7904,0.8031,3923979.52
2024-12-29 10:00:00+00:00,0.8031,0.816,0.802,0.8099,6796168.99
2024-12-29 11:00:00+00:00,0.8099,0.8108,0.8022,0.8031,3824085.78
2024-12-29 12:00:00+00:00,0.8031,0.8031,0.7935,0.7949,3690312.75
2024-12-29 13:00:00+00:00,0.7949,0.806,0.7922,0.8056,2587697.0
2024-12-29 14:00:00+00:00,0.8056,0.8134,0.7921,0.797,5043011.27
2024-12-29 15:00:00+00:00,0.797,0.7979,0.7804,0.7809,6055087.13
2024-12-29 16:00:00+00:00,0.7809,0.7853,0.7768,0.781,4580813.59
2024-12-29 17:00:00+00:00,0.781,0.785,0.7721,0.7794,7033762.85
2024-12-29 18:00:00+00:00,0.7794,0.7842,0.7761,0.7796,2698926.09
2024-12-29 19:00:00+00:00,0.7796,0.7965,0.7754,0.7873,6328915.54
2024-12-29 20:00:00+00:00,0.7873,0.7894,0.7791,0.7837,5526017.84
2024-12-29 21:00:00+00:00,0.7837,0.7883,0.7766,0.7805,4678817.31
2024-12-29 22:00:00+00:00,0.7805,0.783,0.7687,0.7765,4381370.82
2024-12-29 23:00:00+00:00,0.7765,0.7841,0.7731,0.7827,2815669.39
2024-12-30 00:00:00+00:00,0.7827,0.8046,0.7776,0.7987,6040262.46
2024-12-30 01:00:00+00:00,0.7987,0.8139,0.7952,0.806,10088572.99
2024-12-30 02:00:00+00:00,0.806,0.813,0.8007,0.8014,5449766.09
2024-12-30 03:00:00+00:00,0.8014,0.8106,0.7886,0.7898,8739016.23
2024-12-30 04:00:00+00:00,0.7898,0.7969,0.7816,0.7817,5684711.11
2024-12-30 05:00:00+00:00,0.7817,0.7894,0.7802,0.783,3068277.95
2024-12-30 06:00:00+00:00,0.783,0.8022,0.783,0.7977,3223738.44
2024-12-30 07:00:00+00:00,0.7977,0.8001,0.7806,0.7861,3527156.83
2024-12-30 08:00:00+00:00,0.7861,0.7976,0.7796,0.7837,5570545.76
2024-12-30 09:00:00+00:00,0.7837,0.7931,0.7799,0.7928,4836642.01
2024-12-30 10:00:00+00:00,0.7928,0.7984,0.7864,0.7867,4802481.1
2024-12-30 11:00:00+00:00,0.7867,0.8012,0.7813,0.8006,2734201.75
2024-12-30 12:00:00+00:00,0.8006,0.8067,0.7949,0.7956,4757840.26
2024-12-30 13:00:00+00:00,0.7956,0.7972,0.7508,0.7535,12728362.29
2024-12-30 14:00:00+00:00,0.7535,0.7637,0.7467,0.7477,12366712.8
2024-12-30 15:00:00+00:00,0.7477,0.7541,0.7344,0.736,11905033.25
2024-12-30 16:00:00+00:00,0.736,0.7429,0.7309,0.7327,7344529.65
2024-12-30 17:00:00+00:00,0.7327,0.7649,0.7318,0.7544,8185390.47
2024-12-30 18:00:00+00:00,0.7544,0.7621,0.744,0.7493,10057471.02
2024-12-30 19:00:00+00:00,0.7493,0.7525,0.7382,0.7396,4438982.08
2024-12-30 20:00:00+00:00,0.7396,0.7512,0.7375,0.7377,5402715.23
2024-12-30 21:00:00+00:00,0.7377,0.7381,0.7037,0.7041,16053975.25
2024-12-30 22:00:00+00:00,0.7041,0.7117,0.6955,0.6958,11135412.76
2024-12-30 23:00:00+00:00,0.6958,0.748,0.6953,0.727,17411793.73
2024-12-31 00:00:00+00:00,0.727,0.7356,0.7222,0.7296,6343195.6
2024-12-31 01:00:00+00:00,0.7296,0.7369,0.7221,0.7301,3770167.53
2024-12-31 02:00:00+00:00,0.7301,0.7365,0.7217,0.7347,3613812.35
2024-12-31 03:00:00+00:00,0.7347,0.7406,0.731,0.7363,2715632.89
2024-12-31 04:00:00+00:00,0.7363,0.7363,0.7231,0.7254,2534914.23
2024-12-31 05:00:00+00:00,0.7254,0.7341,0.7196,0.7324,2309471.85
2024-12-31 06:00:00+00:00,0.7324,0.736,0.7165,0.7212,4298389.67
2024-12-31 07:00:00+00:00,0.7212,0.7239,0.7182,0.7226,6101644.5
2024-12-31 08:00:00+00:00,0.7226,0.7387,0.72,0.7278,8467271.54
2024-12-31 09:00:00+00:00,0.7278,0.7288,0.7176,0.7208,6510362.74
2024-12-31 10:00:00+00:00,0.7208,0.7223,0.7077,0.7178,9558644.42
2024-12-31 11:00:00+00:00,0.7178,0.7313,0.7148,0.7308,4797850.9
2024-12-31 12:00:00+00:00,0.7308,0.7314,0.7134,0.7137,5550822.61
2024-12-31 13:00:00+00:00,0.7137,0.7209,0.7106,0.7116,9869617.19
2024-12-31 14:00:00+00:00,0.7116,0.7186,0.706,0.7111,11513319.11
2024-12-31 15:00:00+00:00,0.7111,0.7151,0.6977,0.7072,9988942.63
2024-12-31 16:00:00+00:00,0.7072,0.7107,0.6959,0.7001,5980261.8
2024-12-31 17:00:00+00:00,0.7001,0.7058,0.6823,0.6906,9079470.62
2024-12-31 18:00:00+00:00,0.6906,0.6958,0.6854,0.6938,4821198.23
2024-12-31 19:00:00+00:00,0.6938,0.6981,0.6891,0.6939,3531659.18
2024-12-31 20:00:00+00:00,0.6939,0.6948,0.6842,0.6869,2732417.96
2024-12-31 21:00:00+00:00,0.6869,0.6874,0.6794,0.6802,4292621.8
2024-12-31 22:00:00+00:00,0.6802,0.6847,0.675,0.6793,5818586.82
2024-12-31 23:00:00+00:00,0.6793,0.6826,0.6767,0.6808,3484004.02
2025-01-01 00:00:00+00:00,0.6808,0.6911,0.6793,0.681,4930025.93
2025-01-01 01:00:00+00:00,0.681,0.6812,0.6726,0.6768,4580632.73
2025-01-01 02:00:00+00:00,0.6768,0.6792,0.6697,0.6716,3751617.0
2025-01-01 03:00:00+00:00,0.6716,0.6784,0.6634,0.6768,8117411.57
2025-01-01 04:00:00+00:00,0.6768,0.6798,0.6725,0.6752,2861097.75
2025-01-01 05:00:00+00:00,0.6752,0.6773,0.6705,0.6734,1685323.23
2025-01-01 06:00:00+00:00,0.6734,0.6956,0.673,0.688,10551287.07
2025-01-01 07:00:00+00:00,0.688,0.6896,0.6831,0.6866,1809705.82
2025-01-01 08:00:00+00:00,0.6866,0.6939,0.6811,0.6826,4028532.92
2025-01-01 09:00:00+00:00,0.6826,0.6855,0.6796,0.6816,4031694.23
2025-01-01 10:00:00+00:00,0.6816,0.689,0.675,0.6888,4777372.14
2025-01-01 11:00:00+00:00,0.6888,0.7163,0.6872,0.7111,16335374.64
2025-01-01 12:00:00+00:00,0.7111,0.745,0.7111,0.7433,16544665.16
2025-01-01 13:00:00+00:00,0.7433,0.7627,0.7368,0.743,19139368.17
2025-01-01 14:00:00+00:00,0.743,0.7654,0.736,0.7602,15932815.52
2025-01-01 15:00:00+00:00,0.7602,0.7744,0.7517,0.7713,12171615.69
2025-01-01 16:00:00+00:00,0.7713,0.7969,0.7693,0.781,17585819.02
2025-01-01 17:00:00+00:00,0.781,0.7934,0.7682,0.7919,9951116.05
2025-01-01 18:00:00+00:00,0.7919,0.7983,0.7853,0.7942,7149285.19
2025-01-01 19:00:00+00:00,0.7942,0.7992,0.7868,0.7934,6340590.66
2025-01-01 20:00:00+00:00,0.7934,0.8171,0.7934,0.816,19914721.25
2025-01-01 21:00:00+00:00,0.816,0.8274,0.8023,0.8234,8581852.64
2025-01-01 22:00:00+00:00,0.8234,0.825,0.8077,0.8181,7930658.48
2025-01-01 23:00:00+00:00,0.8181,0.8207,0.7974,0.8,8862262.97
2025-01-02 00:00:00+00:00,0.8,0.8056,0.7925,0.8053,7119733.33
2025-01-02 01:00:00+00:00,0.8053,0.8132,0.7942,0.7984,3944974.2
2025-01-02 02:00:00+00:00,0.7984,0.8018,0.7876,0.7889,3089122.02
2025-01-02 03:00:00+00:00,0.7889,0.7983,0.7889,0.7894,4294470.92
2025-01-02 04:00:00+00:00,0.7894,0.7946,0.7852,0.7893,4169828.33
2025-01-02 05:00:00+00:00,0.7893,0.7924,0.7846,0.7873,2732827.39
2025-01-02 06:00:00+00:00,0.7873,0.7959,0.7835,0.7933,2736292.92
2025-01-02 07:00:00+00:00,0.7933,0.8462,0.7926,0.843,13308799.84
2025-01-02 08:00:00+00:00,0.843,0.8453,0.8245,0.8347,9447349.15
2025-01-02 09:00:00+00:00,0.8347,0.8534,0.8286,0.8533,12407171.46
2025-01-02 10:00:00+00:00,0.8533,0.8632,0.842,0.8455,9070480.34
2025-01-02 11:00:00+00:00,0.8455,0.8455,0.8188,0.8275,10400164.27
2025-01-02 12:00:00+00:00,0.8275,0.8316,0.8141,0.821,8637334.27
2025-01-02 13:00:00+00:00,0.821,0.8347,0.8209,0.8222,4398155.84
2025-01-02 14:00:00+00:00,0.8222,0.823,0.8071,0.8174,6348572.33
2025-01-02 15:00:00+00:00,0.8174,0.8206,0.8092,0.8169,3452246.31
2025-01-02 16:00:00+00:00,0.8169,0.8227,0.8132,0.8227,3362863.31
2025-01-02 17:00:00+00:00,0.8227,0.8291,0.8127,0.821,3455895.06
2025-01-02 18:00:00+00:00,0.821,0.8227,0.8134,0.8183,1372925.24
2025-01-02 19:00:00+00:00,0.8183,0.8205,0.8098,0.8155,2185533.59
2025-01-02 20:00:00+00:00,0.8155,0.8169,0.8105,0.8106,1392740.91
2025-01-02 21:00:00+00:00,0.8106,0.8124,0.8046,0.8049,2130898.57
2025-01-02 22:00:00+00:00,0.8049,0.8049,0.7465,0.7702,30540500.06
2025-01-02 23:00:00+00:00,0.7702,0.779,0.7668,0.779,4131552.42
2025-01-03 00:00:00+00:00,0.779,0.787,0.7789,0.7853,4388493.58
2025-01-03 01:00:00+00:00,0.7853,0.7896,0.7799,0.7877,3993696.01
2025-01-03 02:00:00+00:00,0.7877,0.7906,0.7843,0.7857,3807013.85
2025-01-03 03:00:00+00:00,0.7857,0.7937,0.7842,0.7905,1835750.08
2025-01-03 04:00:00+00:00,0.7905,0.7906,0.7754,0.7788,2645500.72
2025-01-03 05:00:00+00:00,0.7788,0.7803,0.7685,0.7701,2964954.72
2025-01-03 06:00:00+00:00,0.7701,0.7753,0.7605,0.762,4850085.07
2025-01-03 07:00:00+00:00,0.762,0.7642,0.7552,0.7591,3442633.44
2025-01-03 08:00:00+00:00,0.7591,0.7701,0.7591,0.7686,4353087.18
2025-01-03 09:00:00+00:00,0.7686,0.79,0.7686,0.7858,4804801.53
2025-01-03 10:00:00+00:00,0.7858,0.787,0.7771,0.7807,3446724.93
2025-01-03 11:00:00+00:00,0.7807,0.7879,0.7745,0.7868,3073653.44
2025-01-03 12:00:00+00:00,0.7868,0.794,0.7818,0.7913,5302326.25
2025-01-03 13:00:00+00:00,0.7913,0.8037,0.7907,0.7996,6939115.51
2025-01-03 14:00:00+00:00,0.7996,0.8354,0.7996,0.8314,12083602.29
2025-01-03 15:00:00+00:00,0.8314,0.8395,0.824,0.8348,6392143.64
2025-01-03 16:00:00+00:00,0.8348,0.8477,0.8218,0.8224,11332594.56
2025-01-03 17:00:00+00:00,0.8224,0.8274,0.8169,0.8213,5320700.19
2025-01-03 18:00:00+00:00,0.8213,0.842,0.8213,0.8326,6177277.15
2025-01-03 19:00:00+00:00,0.8326,0.8394,0.8299,0.8319,3414238.73
2025-01-03 20:00:00+00:00,0.8319,0.8453,0.8228,0.8439,4185010.74
2025-01-03 21:00:00+00:00,0.8439,0.8474,0.8359,0.8471,3693102.57
2025-01-03 22:00:00+00:00,0.8471,0.8701,0.8432,0.8693,5634837.0
2025-01-03 23:00:00+00:00,0.8693,0.8742,0.8539,0.8554,5781411.82
2025-01-04 00:00:00+00:00,0.8554,0.8572,0.8433,0.846,4060684.6
2025-01-04 01:00:00+00:00,0.846,0.8464,0.8359,0.8396,2968206.16
2025-01-04 02:00:00+00:00,0.8396,0.851,0.834,0.8481,2690288.57
2025-01-04 03:00:00+00:00,0.8481,0.8551,0.8455,0.8487,1798170.57
2025-01-04 04:00:00+00:00,0.8487,0.8535,0.8423,0.8524,2328856.05
2025-01-04 05:00:00+00:00,0.8524,0.8619,0.8443,0.8448,2828913.07
2025-01-04 06:00:00+00:00,0.8448,0.8518,0.8415,0.8493,1688475.55
2025-01-04 07:00:00+00:00,0.8493,0.8663,0.8481,0.8582,3296827.08
2025-01-04 08:00:00+00:00,0.8582,0.8582,0.8348,0.8357,4429778.64
2025-01-04 09:00:00+00:00,0.8357,0.8462,0.8357,0.8408,3300953.18
2025-01-04 10:00:00+00:00,0.8408,0.8488,0.835,0.8463,2693194.14
2025-01-04 11:00:00+00:00,0.8463,0.8476,0.837,0.8417,1541056.86
2025-01-04 12:00:00+00:00,0.8417,0.8577,0.8415,0.8526,3135772.53
2025-01-04 13:00:00+00:00,0.8526,0.8664,0.8498,0.8612,4200660.52
2025-01-04 14:00:00+00:00,0.8612,0.8718,0.8588,0.8689,5275007.03
2025-01-04 15:00:00+00:00,0.8689,0.8775,0.8369,0.8384,8429257.7
2025-01-04 16:00:00+00:00,0.8384,0.8425,0.8289,0.8331,4865128.85
2025-01-04 17:00:00+00:00,0.8331,0.8426,0.8303,0.8381,2988987.58
2025-01-04 18:00:00+00:00,0.8381,0.8428,0.8351,0.8374,1659254.77
2025-01-04 19:00:00+00:00,0.8374,0.844,0.8354,0.8362,1944881.73
2025-01-04 20:00:00+00:00,0.8362,0.8577,0.8361,0.8555,4326245.43
2025-01-04 21:00:00+00:00,0.8555,0.8623,0.8513,0.8517,2469955.28
2025-01-04 22:00:00+00:00,0.8517,0.8575,0.8459,0.8567,1616717.63
2025-01-04 23:00:00+00:00,0.8567,0.8575,0.8455,0.8509,3838762.5
2025-01-05 00:00:00+00:00,0.8509,0.851,0.8412,0.8419,2372786.41
2025-01-05 01:00:00+00:00,0.8419,0.8429,0.8342,0.837,2292703.62
2025-01-05 02:00:00+00:00,0.837,0.8388,0.8337,0.837,1344404.3
2025-01-05 03:00:00+00:00,0.837,0.8413,0.8344,0.8396,1829437.25
2025-01-05 04:00:00+00:00,0.8396,0.8422,0.8346,0.8383,3149086.27
2025-01-05 05:00:00+00:00,0.8383,0.8394,0.8278,0.8282,3572874.07
2025-01-05 06:00:00+00:00,0.8282,0.8528,0.8248,0.8527,4634040.99
2025-01-05 07:00:00+00:00,0.8527,0.857,0.8391,0.8424,5298031.45
2025-01-05 08:00:00+00:00,0.8424,0.8435,0.83,0.831,3011895.37
2025-01-05 09:00:00+00:00,0.831,0.8333,0.8221,0.8222,2605630.25
2025-01-05 10:00:00+00:00,0.8222,0.8262,0.8211,0.8243,2230398.61
2025-01-05 11:00:00+00:00,0.8243,0.839,0.8221,0.8332,8754686.41
2025-01-05 12:00:00+00:00,0.8332,0.8338,0.8255,0.8302,2149185.0
2025-01-05 13:00:00+00:00,0.8302,0.8366,0.8224,0.8228,2381518.05
2025-01-05 14:00:00+00:00,0.8228,0.8254,0.8121,0.8243,4238297.81
2025-01-05 15:00:00+00:00,0.8243,0.827,0.8177,0.8205,2754417.84
2025-01-05 16:00:00+00:00,0.8205,0.8267,0.8164,0.8203,3808665.6
2025-01-05 17:00:00+00:00,0.8203,0.8254,0.8174,0.8193,1927987.76
2025-01-05 18:00:00+00:00,0.8193,0.8214,0.8137,0.8211,2820360.75
2025-01-05 19:00:00+00:00,0.8211,0.8245,0.8181,0.8214,2778012.8
2025-01-05 20:00:00+00:00,0.8214,0.8261,0.819,0.8248,2132899.27
2025-01-05 21:00:00+00:00,0.8248,0.8342,0.8246,0.8294,2459370.03
2025-01-05 22:00:00+00:00,0.8294,0.832,0.8249,0.8303,1513516.93
2025-01-05 23:00:00+00:00,0.8303,0.8345,0.8261,0.8275,1829197.68
2025-01-06 00:00:00+00:00,0.8275,0.8311,0.814,0.814,3441126.41
2025-01-06 01:00:00+00:00,0.814,0.8296,0.8057,0.8264,6825754.98
2025-01-06 02:00:00+00:00,0.8264,0.8432,0.8238,0.8323,8200847.65
2025-01-06 03:00:00+00:00,0.8323,0.8334,0.8243,0.8255,2409502.01
2025-01-06 04:00:00+00:00,0.8255,0.8274,0.8156,0.8198,3152668.2
2025-01-06 05:00:00+00:00,0.8198,0.8246,0.8147,0.8166,3767031.41
2025-01-06 06:00:00+00:00,0.8166,0.8171,0.8032,0.8076,7408038.18
2025-01-06 07:00:00+00:00,0.8076,0.8122,0.8041,0.8093,3259447.62
2025-01-06 08:00:00+00:00,0.8093,0.8114,0.7647,0.7668,41767574.94
2025-01-06 09:00:00+00:00,0.7668,0.786,0.7601,0.7718,16508374.03
2025-01-06 10:00:00+00:00,0.7718,0.7874,0.7713,0.7862,6013261.32
2025-01-06 11:00:00+00:00,0.7862,0.7948,0.7826,0.7914,6590648.49
2025-01-06 12:00:00+00:00,0.7914,0.7927,0.7745,0.7766,5362265.31
2025-01-06 13:00:00+00:00,0.7766,0.7983,0.775,0.795,8391071.36
2025-01-06 14:00:00+00:00,0.795,0.8049,0.7789,0.7999,8355522.86
2025-01-06 15:00:00+00:00,0.7999,0.8108,0.7968,0.8073,11953014.21
2025-01-06 16:00:00+00:00,0.8073,0.8306,0.8058,0.8145,11632514.27
2025-01-06 17:00:00+00:00,0.8145,0.8171,0.7915,0.7976,7750219.39
2025-01-06 18:00:00+00:00,0.7976,0.8007,0.791,0.7996,4002269.17
2025-01-06 19:00:00+00:00,0.7996,0.8018,0.7947,0.7954,2391451.21
2025-01-06 20:00:00+00:00,0.7954,0.7968,0.785,0.7874,2948408.9
2025-01-06 21:00:00+00:00,0.7874,0.7882,0.7656,0.7753,10397397.08
2025-01-06 22:00:00+00:00,0.7753,0.7844,0.7752,0.7807,2987918.59
2025-01-06 23:00:00+00:00,0.7807,0.784,0.7781,0.7808,4091022.81
2025-01-07 00:00:00+00:00,0.7808,0.7813,0.7684,0.7692,4834812.23
2025-01-07 01:00:00+00:00,0.7692,0.7779,0.766,0.7734,4167484.19
2025-01-07 02:00:00+00:00,0.7734,0.7805,0.7707,0.7726,2721333.67
2025-01-07 03:00:00+00:00,0.7726,0.7761,0.7712,0.7759,1900264.93
2025-01-07 04:00:00+00:00,0.7759,0.7791,0.7736,0.7736,1647048.44
2025-01-07 05:00:00+00:00,0.7736,0.7816,0.7713,0.7803,1991166.51
2025-01-07 06:00:00+00:00,0.7803,0.785,0.7764,0.7847,3039583.84
2025-01-07 07:00:00+00:00,0.7847,0.8103,0.7783,0.7817,11101749.49
2025-01-07 08:00:00+00:00,0.7817,0.7891,0.7712,0.7727,10669337.22
2025-01-07 09:00:00+00:00,0.7727,0.7786,0.768,0.7764,7603215.55
2025-01-07 10:00:00+00:00,0.7764,0.7768,0.7668,0.7674,3148341.37
2025-01-07 11:00:00+00:00,0.7674,0.7705,0.7566,0.7639,5389081.12
2025-01-07 12:00:00+00:00,0.7639,0.7639,0.75,0.7559,6980827.48
2025-01-07 13:00:00+00:00,0.7559,0.7596,0.7548,0.7564,3203144.72
2025-01-07 14:00:00+00:00,0.7564,0.7585,0.7366,0.7386,8172847.54
2025-01-07 15:00:00+00:00,0.7386,0.7397,0.7193,0.7302,22870813.38
2025-01-07 16:00:00+00:00,0.7302,0.7342,0.7253,0.7258,7830664.26
2025-01-07 17:00:00+00:00,0.7258,0.7268,0.7115,0.7156,7298609.35
2025-01-07 18:00:00+00:00,0.7156,0.7233,0.7081,0.7115,5366476.52
2025-01-07 19:00:00+00:00,0.7115,0.7126,0.6908,0.6955,8684179.63
2025-01-07 20:00:00+00:00,0.6955,0.7043,0.6912,0.698,7376410.95
2025-01-07 21:00:00+00:00,0.698,0.7061,0.6883,0.6883,6857141.33
2025-01-07 22:00:00+00:00,0.6883,0.6969,0.686,0.6946,5499798.98
2025-01-07 23:00:00+00:00,0.6946,0.695,0.6883,0.689,4236546.06
2025-01-08 00:00:00+00:00,0.689,0.6951,0.6869,0.6941,3707991.62
2025-01-08 01:00:00+00:00,0.6941,0.695,0.6838,0.687,3246329.76
2025-01-08 02:00:00+00:00,0.687,0.6917,0.6836,0.6878,2398755.91
2025-01-08 03:00:00+00:00,0.6878,0.6885,0.6734,0.6805,8861428.83
2025-01-08 04:00:00+00:00,0.6805,0.682,0.6705,0.6726,4396198.14
2025-01-08 05:00:00+00:00,0.6726,0.6814,0.6694,0.6726,3744561.37
2025-01-08 06:00:00+00:00,0.6726,0.674,0.6443,0.6477,16699079.37
2025-01-08 07:00:00+00:00,0.6477,0.6566,0.6185,0.6557,20162685.68
2025-01-08 08:00:00+00:00,0.6557,0.6705,0.6514,0.6606,10796498.52
2025-01-08 09:00:00+00:00,0.6606,0.6615,0.6537,0.6593,6272540.98
2025-01-08 10:00:00+00:00,0.6593,0.6776,0.657,0.6705,6342780.02
2025-01-08 11:00:00+00:00,0.6705,0.6768,0.6615,0.6697,4669201.83
2025-01-08 12:00:00+00:00,0.6697,0.6762,0.6566,0.6598,6861781.97
2025-01-08 13:00:00+00:00,0.6598,0.6728,0.6593,0.6622,7243572.67
2025-01-08 14:00:00+00:00,0.6622,0.6863,0.6621,0.6819,10430575.74
2025-01-08 15:00:00+00:00,0.6819,0.6823,0.6669,0.6692,6994856.73
2025-01-08 16:00:00+00:00,0.6692,0.6722,0.6467,0.6508,8641800.81
2025-01-08 17:00:00+00:00,0.6508,0.653,0.6299,0.6371,19270517.35
2025-01-08 18:00:00+00:00,0.6371,0.6627,0.6367,0.6565,10888082.05
2025-01-08 19:00:00+00:00,0.6565,0.6641,0.6545,0.6591,6966743.67
2025-01-08 20:00:00+00:00,0.6591,0.6646,0.6547,0.6634,4596480.58
2025-01-08 21:00:00+00:00,0.6634,0.6684,0.659,0.6669,4822287.57
2025-01-08 22:00:00+00:00,0.6669,0.6921,0.6662,0.692,6358128.17
2025-01-08 23:00:00+00:00,0.692,0.6958,0.6886,0.6926,4749872.45
2025-01-09 00:00:00+00:00,0.6926,0.6932,0.6725,0.6805,5110554.12
2025-01-09 01:00:00+00:00,0.6805,0.6896,0.6744,0.6814,6400683.77
2025-01-09 02:00:00+00:00,0.6814,0.6832,0.6705,0.6781,4525646.23
2025-01-09 03:00:00+00:00,0.6781,0.6782,0.6704,0.6745,1838749.81
2025-01-09 04:00:00+00:00,0.6745,0.6769,0.6688,0.6715,2008180.49
2025-01-09 05:00:00+00:00,0.6715,0.6763,0.6695,0.6728,1767061.31
2025-01-09 06:00:00+00:00,0.6728,0.673,0.6631,0.6633,3321038.52
2025-01-09 07:00:00+00:00,0.6633,0.6633,0.6449,0.6466,5952771.09
2025-01-09 08:00:00+00:00,0.6466,0.6545,0.633,0.6484,12134879.65
2025-01-09 09:00:00+00:00,0.6484,0.6566,0.6482,0.6535,2762099.55
2025-01-09 10:00:00+00:00,0.6535,0.6555,0.6457,0.6546,4088574.39
2025-01-09 11:00:00+00:00,0.6546,0.663,0.6517,0.6558,5353121.07
2025-01-09 12:00:00+00:00,0.6558,0.6588,0.6456,0.6496,6384833.16
2025-01-09 13:00:00+00:00,0.6496,0.6524,0.6227,0.623,8694294.15
2025-01-09 14:00:00+00:00,0.623,0.6369,0.6223,0.6317,11507950.22
2025-01-09 15:00:00+00:00,0.6317,0.6644,0.6253,0.6552,10490116.65
2025-01-09 16:00:00+00:00,0.6552,0.664,0.6509,0.6612,5430807.25
2025-01-09 17:00:00+00:00,0.6612,0.6644,0.6539,0.6567,5668949.23
2025-01-09 18:00:00+00:00,0.6567,0.6603,0.6546,0.6577,3844883.06
2025-01-09 19:00:00+00:00,0.6577,0.6693,0.6492,0.6526,5529970.66
2025-01-09 20:00:00+00:00,0.6526,0.6555,0.6415,0.6456,6715253.02
2025-01-09 21:00:00+00:00,0.6456,0.6515,0.6427,0.6427,3377019.16
2025-01-09 22:00:00+00:00,0.6427,0.6571,0.6401,0.6508,3563365.58
2025-01-09 23:00:00+00:00,0.6508,0.6528,0.6448,0.645,2119678.94
2025-01-10 00:00:00+00:00,0.645,0.6468,0.6408,0.6413,1846130.8
2025-01-10 01:00:00+00:00,0.6413,0.6494,0.6349,0.6482,4757634.77
2025-01-10 02:00:00+00:00,0.6482,0.6531,0.6481,0.6505,2174007.02
2025-01-10 03:00:00+00:00,0.6505,0.6549,0.6457,0.6548,2459741.94
2025-01-10 04:00:00+00:00,0.6548,0.6604,0.653,0.6531,2206185.81
2025-01-10 05:00:00+00:00,0.6531,0.6643,0.6525,0.6597,3597214.62
2025-01-10 06:00:00+00:00,0.6597,0.6731,0.6572,0.6724,3335294.69
2025-01-10 07:00:00+00:00,0.6724,0.6968,0.6693,0.6934,10466021.94
2025-01-10 08:00:00+00:00,0.6934,0.6948,0.6802,0.6843,6781298.19
2025-01-10 09:00:00+00:00,0.6843,0.6932,0.6829,0.6872,3740833.58
2025-01-10 10:00:00+00:00,0.6872,0.7629,0.6865,0.7359,17401730.35
2025-01-10 11:00:00+00:00,0.7359,0.7452,0.7038,0.7045,13676643.27
2025-01-10 12:00:00+00:00,0.7045,0.7059,0.6852,0.6854,9547986.13
2025-01-10 13:00:00+00:00,0.6854,0.6923,0.6615,0.6708,15395400.2
2025-01-10 14:00:00+00:00,0.6708,0.6935,0.6675,0.6817,8904128.4
2025-01-10 15:00:00+00:00,0.6817,0.6841,0.6636,0.6753,6490660.36
2025-01-10 16:00:00+00:00,0.6753,0.6788,0.672,0.6748,3087013.1
2025-01-10 17:00:00+00:00,0.6748,0.6905,0.6706,0.6897,3324060.13
2025-01-10 18:00:00+00:00,0.6897,0.6946,0.6851,0.6873,4220363.21
2025-01-10 19:00:00+00:00,0.6873,0.6999,0.6845,0.6994,2345531.02
2025-01-10 20:00:00+00:00,0.6994,0.7155,0.6994,0.7061,5472086.55
2025-01-10 21:00:00+00:00,0.7061,0.7109,0.7053,0.7095,1462246.28
2025-01-10 22:00:00+00:00,0.7095,0.7096,0.6989,0.704,2185458.98
2025-01-10 23:00:00+00:00,0.704,0.7113,0.7032,0.7041,1645260.89
2025-01-11 00:00:00+00:00,0.7041,0.72,0.7006,0.7194,2297908.14
2025-01-11 01:00:00+00:00,0.7194,0.7333,0.7121,0.7297,5050827.27
2025-01-11 02:00:00+00:00,0.7297,0.7303,0.6986,0.7041,7195837.87
2025-01-11 03:00:00+00:00,0.7041,0.7041,0.6883,0.6953,3233102.67
2025-01-11 04:00:00+00:00,0.6953,0.7145,0.688,0.6959,5625577.14
2025-01-11 05:00:00+00:00,0.6959,0.6979,0.6944,0.696,866853.51
2025-01-11 06:00:00+00:00,0.696,0.703,0.6941,0.7009,1139974.76
2025-01-11 07:00:00+00:00,0.7009,0.7034,0.6931,0.6951,1355724.03
2025-01-11 08:00:00+00:00,0.6951,0.7018,0.6936,0.7012,1275930.35
2025-01-11 09:00:00+00:00,0.7012,0.7048,0.7001,0.7024,1263771.01
2025-01-11 10:00:00+00:00,0.7024,0.7038,0.6989,0.7029,803703.18
2025-01-11 11:00:00+00:00,0.7029,0.7046,0.6994,0.704,1070639.12
2025-01-11 12:00:00+00:00,0.704,0.7137,0.704,0.7121,1623356.02
2025-01-11 13:00:00+00:00,0.7121,0.714,0.7085,0.7118,1008612.56
2025-01-11 14:00:00+00:00,0.7118,0.72,0.7118,0.7161,1572024.51
2025-01-11 15:00:00+00:00,0.7161,0.7227,0.7124,0.718,1901473.94
2025-01-11 16:00:00+00:00,0.718,0.7182,0.7058,0.7091,2201073.91
2025-01-11 17:00:00+00:00,0.7091,0.7093,0.7046,0.7048,1228179.61
2025-01-11 18:00:00+00:00,0.7048,0.7098,0.7041,0.7068,1130772.96
2025-01-11 19:00:00+00:00,0.7068,0.7089,0.7053,0.7068,880534.81
2025-01-11 20:00:00+00:00,0.7068,0.7132,0.7068,0.7132,1424793.93
2025-01-11 21:00:00+00:00,0.7132,0.7219,0.7131,0.7211,2195201.19
2025-01-11 22:00:00+00:00,0.7211,0.722,0.7185,0.7195,2489689.82
2025-01-11 23:00:00+00:00,0.7195,0.722,0.718,0.7182,975611.04
2025-01-12 00:00:00+00:00,0.7182,0.7239,0.7119,0.7129,1486290.32
2025-01-12 01:00:00+00:00,0.7129,0.717,0.7105,0.7127,1014500.83
2025-01-12 02:00:00+00:00,0.7127,0.7145,0.7117,0.7139,386912.44
2025-01-12 03:00:00+00:00,0.7139,0.7144,0.7075,0.7089,1581691.64
2025-01-12 04:00:00+00:00,0.7089,0.7105,0.7063,0.7067,1003132.95
2025-01-12 05:00:00+00:00,0.7067,0.7095,0.7018,0.7035,1433678.69
2025-01-12 06:00:00+00:00,0.7035,0.7062,0.7014,0.703,1044294.27
2025-01-12 07:00:00+00:00,0.703,0.7054,0.6964,0.7045,1902101.95
2025-01-12 08:00:00+00:00,0.7045,0.705,0.6988,0.7029,1301646.41
2025-01-12 09:00:00+00:00,0.7029,0.7032,0.691,0.6981,2747874.93
2025-01-12 10:00:00+00:00,0.6981,0.7033,0.6952,0.6996,1928474.86
2025-01-12 11:00:00+00:00,0.6996,0.6997,0.6924,0.6957,1407568.16
2025-01-12 12:00:00+00:00,0.6957,0.712,0.6952,0.7033,3960141.07
2025-01-12 13:00:00+00:00,0.7033,0.7036,0.6991,0.7018,1001880.77
2025-01-12 14:00:00+00:00,0.7018,0.7071,0.7015,0.7042,1438504.31
2025-01-12 15:00:00+00:00,0.7042,0.708,0.702,0.7067,1493648.3
2025-01-12 16:00:00+00:00,0.7067,0.7148,0.7035,0.7105,2921947.88
2025-01-12 17:00:00+00:00,0.7105,0.7139,0.7043,0.7066,1650280.14
2025-01-12 18:00:00+00:00,0.7066,0.7146,0.7064,0.7114,1702363.14
2025-01-12 19:00:00+00:00,0.7114,0.7114,0.7052,0.706,1041926.72
2025-01-12 20:00:00+00:00,0.706,0.7108,0.7036,0.7049,1450199.35
2025-01-12 21:00:00+00:00,0.7049,0.705,0.6974,0.698,1430894.67
2025-01-12 22:00:00+00:00,0.698,0.6994,0.6921,0.6934,1542950.02
2025-01-12 23:00:00+00:00,0.6934,0.7002,0.692,0.6997,1306558.46
2025-01-13 00:00:00+00:00,0.6997,0.7093,0.6997,0.7068,1720009.05
2025-01-13 01:00:00+00:00,0.7068,0.7068,0.6987,0.7027,2273128.05
2025-01-13 02:00:00+00:00,0.7027,0.7111,0.6908,0.7004,3507493.36
2025-01-13 03:00:00+00:00,0.7004,0.7149,0.7,0.7033,448601.05
2025-01-13 04:00:00+00:00,0.7033,0.708,0.6991,0.7069,120285.42
2025-01-13 05:00:00+00:00,0.7069,0.7207,0.6974,0.7078,310822.63
2025-01-13 06:00:00+00:00,0.7078,0.7111,0.6837,0.6875,968840.27
2025-01-13 07:00:00+00:00,0.6875,0.7076,0.6765,0.6777,666374.63
2025-01-13 08:00:00+00:00,0.6777,0.7044,0.6751,0.7044,1738.79
2025-01-13 09:00:00+00:00,0.7044,0.7085,0.6671,0.7031,3069.0
2025-01-13 10:00:00+00:00,0.7031,0.7032,0.6971,0.6971,9.0
2025-01-13 11:00:00+00:00,0.6971,0.6971,0.6449,0.6832,5101.87
2025-01-13 12:00:00+00:00,0.6832,0.6836,0.6305,0.642,30200.08
2025-01-13 13:00:00+00:00,0.642,0.6582,0.6413,0.6578,11477.77
2025-01-13 14:00:00+00:00,0.6578,0.658,0.6358,0.6537,31426.43
2025-01-13 15:00:00+00:00,0.6537,0.677,0.6535,0.6597,10106.93
2025-01-13 16:00:00+00:00,0.6597,0.6597,0.6513,0.6513,2246.92
2025-01-13 17:00:00+00:00,0.6513,0.6513,0.6406,0.6427,6717.2
2025-01-13 18:00:00+00:00,0.6427,0.6455,0.6403,0.6427,3526.81
2025-01-13 19:00:00+00:00,0.6427,0.658,0.6327,0.658,26181.92
2025-01-13 20:00:00+00:00,0.658,0.6688,0.653,0.6688,9353.09
2025-01-13 21:00:00+00:00,0.6688,0.6916,0.6489,0.6515,20629.44
2025-01-13 22:00:00+00:00,0.6515,0.6796,0.6512,0.6704,21854.35
2025-01-13 23:00:00+00:00,0.6704,0.6766,0.6655,0.6731,5792.1
2025-01-14 00:00:00+00:00,0.6731,0.6813,0.6714,0.6741,35397.96
2025-01-14 01:00:00+00:00,0.6741,0.6815,0.674,0.6806,22455.95
2025-01-14 02:00:00+00:00,0.6806,0.6806,0.6728,0.6779,3765.01
2025-01-14 03:00:00+00:00,0.6779,0.6812,0.673,0.679,12325.86
2025-01-14 04:00:00+00:00,0.679,0.6817,0.6766,0.681,7901.31
2025-01-14 05:00:00+00:00,0.681,0.6901,0.68,0.6894,14029.78
2025-01-14 06:00:00+00:00,0.6894,0.7016,0.6871,0.6891,24275.97
2025-01-14 07:00:00+00:00,0.6891,0.7031,0.6891,0.6975,13096.32
2025-01-14 08:00:00+00:00,0.6975,0.7025,0.6927,0.6995,15500.39
2025-01-14 09:00:00+00:00,0.6995,0.6995,0.6859,0.6859,31552.54
2025-01-14 10:00:00+00:00,0.6859,0.7025,0.6811,0.7025,11358.37
2025-01-14 11:00:00+00:00,0.7025,0.7026,0.6909,0.6982,15846.44
2025-01-14 12:00:00+00:00,0.6982,0.6989,0.689,0.6938,8968.34
2025-01-14 13:00:00+00:00,0.6938,0.6973,0.6814,0.6973,16731.92
2025-01-14 14:00:00+00:00,0.6973,0.7029,0.6776,0.6879,26764.1
2025-01-14 15:00:00+00:00,0.6879,0.6968,0.6783,0.6952,39156.8
2025-01-14 16:00:00+00:00,0.6952,0.6982,0.687,0.6926,8100.46
2025-01-14 17:00:00+00:00,0.6926,0.6982,0.6904,0.6969,3761.51
2025-01-14 18:00:00+00:00,0.6969,0.7153,0.689,0.6988,13727.09
2025-01-14 19:00:00+00:00,0.6988,0.7029,0.6958,0.701,8038.57
2025-01-14 20:00:00+00:00,0.701,0.7012,0.697,0.697,1177.34
2025-01-14 21:00:00+00:00,0.697,0.7011,0.694,0.6991,15072.93
2025-01-14 22:00:00+00:00,0.6991,0.7068,0.6991,0.7005,11812.04
2025-01-14 23:00:00+00:00,0.7005,0.7036,0.6979,0.7025,5671.63
2025-01-15 00:00:00+00:00,0.7025,0.7181,0.6981,0.7157,9375.14
2025-01-15 01:00:00+00:00,0.7157,0.728,0.7157,0.72,15317.49
2025-01-15 02:00:00+00:00,0.72,0.7286,0.7159,0.716,7303.13
2025-01-15 03:00:00+00:00,0.716,0.7198,0.7153,0.7168,8588.12
2025-01-15 04:00:00+00:00,0.7168,0.721,0.7136,0.7136,1944.33
2025-01-15 05:00:00+00:00,0.7136,0.719,0.7136,0.7165,4899.42
2025-01-15 06:00:00+00:00,0.7165,0.7176,0.713,0.713,3684.55
2025-01-15 08:00:00+00:00,0.713,0.7258,0.6949,0.7049,79712.7
2025-01-15 09:00:00+00:00,0.7049,0.7369,0.7049,0.7107,32678.5
2025-01-15 10:00:00+00:00,0.7107,0.7231,0.7107,0.7146,12854.23
2025-01-15 11:00:00+00:00,0.7146,0.7188,0.7078,0.7085,34034.55
2025-01-15 12:00:00+00:00,0.7085,0.7255,0.7085,0.7193,3488.45
2025-01-15 13:00:00+00:00,0.7193,0.7495,0.7193,0.7431,4723.26
2025-01-15 14:00:00+00:00,0.7431,0.845,0.7431,0.8221,13986.25
2025-01-15 15:00:00+00:00,0.8221,0.8409,0.7631,0.8347,37813.35
2025-01-15 16:00:00+00:00,0.8347,0.8382,0.7802,0.7802,825.5
2025-01-15 17:00:00+00:00,0.7802,0.797,0.7797,0.7863,2599.52
2025-01-15 19:00:00+00:00,0.7863,0.8192,0.7863,0.8192,8.0
2025-01-15 20:00:00+00:00,0.8192,0.8399,0.792,0.815,19521.2
2025-01-15 21:00:00+00:00,0.815,0.84,0.8004,0.8014,3312.9
2025-01-15 22:00:00+00:00,0.8014,0.8014,0.7992,0.7992,100.0
2025-01-16 00:00:00+00:00,0.7992,0.8179,0.7627,0.8145,18400.9
2025-01-16 02:00:00+00:00,0.8145,0.8568,0.8145,0.8568,203.96
2025-01-16 05:00:00+00:00,0.8568,0.8568,0.7925,0.8048,1981.25
2025-01-16 06:00:00+00:00,0.8048,0.8808,0.8048,0.8666,14650.05
2025-01-16 07:00:00+00:00,0.8666,0.8666,0.8064,0.8356,1045.98
2025-01-16 08:00:00+00:00,0.8356,0.8452,0.8248,0.8366,81.0
2025-01-16 09:00:00+00:00,0.8366,0.8366,0.7701,0.8097,1063.28
2025-01-16 10:00:00+00:00,0.8097,0.8104,0.7703,0.8067,2065.5
2025-01-16 11:00:00+00:00,0.8067,0.8157,0.7722,0.795,3700.91
2025-01-16 12:00:00+00:00,0.795,0.8352,0.795,0.8352,1236.0
2025-01-16 13:00:00+00:00,0.8352,0.8352,0.795,0.8312,789.95
2025-01-16 14:00:00+00:00,0.8312,0.8325,0.7756,0.7756,627.42
2025-01-16 15:00:00+00:00,0.7756,0.8377,0.7571,0.8377,2332.41
2025-01-16 16:00:00+00:00,0.8377,0.8377,0.752,0.752,453.76
2025-01-16 17:00:00+00:00,0.752,0.89,0.7298,0.89,3736.46
2025-01-16 18:00:00+00:00,0.89,0.9,0.7591,0.7591,21642.99
2025-01-16 19:00:00+00:00,0.7591,0.7595,0.7591,0.7595,341.61
2025-01-16 20:00:00+00:00,0.7595,0.8343,0.7501,0.7501,5083.51
2025-01-16 21:00:00+00:00,0.7501,0.8369,0.7501,0.8342,1523.12
2025-01-16 22:00:00+00:00,0.8342,0.91,0.761,0.8236,19935.13
2025-01-16 23:00:00+00:00,0.8236,0.8236,0.78,0.8216,1071.8
2025-01-17 00:00:00+00:00,0.8216,0.8216,0.771,0.7719,1007.68
2025-01-17 01:00:00+00:00,0.7719,0.7719,0.7675,0.7675,81.52
2025-01-17 03:00:00+00:00,0.7675,0.7675,0.7635,0.7648,50.93
2025-01-17 04:00:00+00:00,0.7648,0.8026,0.7648,0.7702,179.29
2025-01-17 05:00:00+00:00,0.7702,0.8191,0.7639,0.8191,6870.41
2025-01-17 06:00:00+00:00,0.8191,0.8191,0.7634,0.764,1257.37
2025-01-17 07:00:00+00:00,0.764,0.8167,0.7635,0.7641,1829.08
2025-01-17 08:00:00+00:00,0.7641,0.7651,0.7635,0.7651,529.5
2025-01-17 09:00:00+00:00,0.7651,0.815,0.7651,0.815,747.08
2025-01-17 10:00:00+00:00,0.815,0.817,0.801,0.802,1250.43
2025-01-17 11:00:00+00:00,0.802,0.802,0.7784,0.7784,5269.76
2025-01-17 12:00:00+00:00,0.7784,0.7784,0.7662,0.7662,1199.1
2025-01-17 13:00:00+00:00,0.7662,0.779,0.7662,0.768,449.0
2025-01-17 15:00:00+00:00,0.768,0.7991,0.768,0.7953,89.11
2025-01-17 16:00:00+00:00,0.7953,0.7953,0.77,0.77,18.92
2025-01-17 17:00:00+00:00,0.77,0.77,0.77,0.77,12.48
2025-01-17 18:00:00+00:00,0.77,0.7952,0.768,0.7952,4593.68
2025-01-17 21:00:00+00:00,0.7952,0.7998,0.7952,0.7998,125.34
2025-01-17 23:00:00+00:00,0.7998,0.8003,0.7703,0.7703,46.49
2025-01-18 00:00:00+00:00,0.7703,0.8123,0.7703,0.8123,1235.33
2025-01-18 01:00:00+00:00,0.8123,0.8123,0.754,0.7772,23096.8
2025-01-18 03:00:00+00:00,0.7772,0.7772,0.7397,0.7397,85.12
2025-01-18 04:00:00+00:00,0.7397,0.7397,0.7397,0.7397,104.15
2025-01-18 05:00:00+00:00,0.7397,0.7397,0.692,0.7175,1145.66
2025-01-18 06:00:00+00:00,0.7175,0.7175,0.6714,0.6714,64.0
2025-01-18 07:00:00+00:00,0.6714,0.722,0.6714,0.6751,97.01
2025-01-18 08:00:00+00:00,0.6751,0.7088,0.6751,0.7088,109.33
2025-01-18 09:00:00+00:00,0.7088,0.7088,0.6766,0.6766,24.4
2025-01-18 10:00:00+00:00,0.6766,0.7099,0.6666,0.6979,16315.68
2025-01-18 16:00:00+00:00,0.6979,0.6979,0.67,0.6929,14901.79
2025-01-18 17:00:00+00:00,0.6929,0.6929,0.6593,0.6593,11356.19
2025-01-18 18:00:00+00:00,0.6593,0.6658,0.6593,0.6594,1083.65
2025-01-18 19:00:00+00:00,0.6594,0.6713,0.6594,0.6713,368.15
2025-01-18 20:00:00+00:00,0.6713,0.6854,0.6713,0.6764,552.07
2025-01-18 23:00:00+00:00,0.6764,0.6805,0.6764,0.6805,290.59
2025-01-19 00:00:00+00:00,0.6805,0.6805,0.663,0.6696,1170.31
2025-01-19 01:00:00+00:00,0.6696,0.6714,0.6683,0.6714,375.6
2025-01-19 02:00:00+00:00,0.6714,0.7017,0.6714,0.6805,2659.59
2025-01-19 03:00:00+00:00,0.6805,0.6805,0.6706,0.6706,194.28
2025-01-19 04:00:00+00:00,0.6706,0.6913,0.6706,0.6913,300.0
2025-01-19 05:00:00+00:00,0.6913,0.6913,0.66,0.66,10163.32
2025-01-19 07:00:00+00:00,0.66,0.6627,0.66,0.6627,7522.75
2025-01-19 08:00:00+00:00,0.6627,0.6627,0.6089,0.6089,3246.38
2025-01-19 09:00:00+00:00,0.6089,0.6237,0.5536,0.6237,4670.12
2025-01-19 10:00:00+00:00,0.6237,0.6237,0.6135,0.6135,2387.61
2025-01-19 11:00:00+00:00,0.6135,0.6135,0.6068,0.6068,7544.99
2025-01-19 12:00:00+00:00,0.6068,0.6068,0.5908,0.6062,3845.92
2025-01-19 13:00:00+00:00,0.6062,0.632,0.5893,0.632,14913.93
2025-01-19 14:00:00+00:00,0.632,0.635,0.6142,0.6195,972.4
2025-01-19 15:00:00+00:00,0.6195,0.6408,0.6134,0.6134,80.93
2025-01-19 16:00:00+00:00,0.6134,0.635,0.6134,0.6332,446.23
2025-01-19 17:00:00+00:00,0.6332,0.6347,0.6277,0.6303,4050.34
2025-01-19 18:00:00+00:00,0.6303,0.6303,0.6257,0.626,233.39
2025-01-19 19:00:00+00:00,0.626,0.6448,0.6137,0.6137,71.0
2025-01-19 20:00:00+00:00,0.6137,0.625,0.6137,0.6166,544.31
2025-01-19 21:00:00+00:00,0.6166,0.6238,0.57,0.5704,4553.28
2025-01-19 22:00:00+00:00,0.5704,0.5713,0.5695,0.5695,6142.13
2025-01-19 23:00:00+00:00,0.5695,0.5713,0.5695,0.5713,57.39
2025-01-20 00:00:00+00:00,0.5713,0.5713,0.5492,0.5501,614.08
2025-01-20 01:00:00+00:00,0.5501,0.5501,0.5446,0.5446,350.0
2025-01-20 02:00:00+00:00,0.5446,0.5558,0.5446,0.5558,2679.0
2025-01-20 03:00:00+00:00,0.5558,0.5558,0.5174,0.5174,34.25
2025-01-20 04:00:00+00:00,0.5174,0.5245,0.5174,0.5242,850.35
2025-01-20 05:00:00+00:00,0.5242,0.5502,0.5242,0.5502,314.1
2025-01-20 06:00:00+00:00,0.5502,0.5649,0.5502,0.5515,751.85
2025-01-20 07:00:00+00:00,0.5515,0.6054,0.5515,0.5958,1388.08
2025-01-20 08:00:00+00:00,0.5958,0.6199,0.5761,0.6184,7965.21
2025-01-20 09:00:00+00:00,0.6184,0.6184,0.5756,0.5756,105.1
2025-01-20 10:00:00+00:00,0.5756,0.6013,0.5756,0.6013,10.31
2025-01-20 11:00:00+00:00,0.6013,0.6013,0.577,0.577,425.31
2025-01-20 12:00:00+00:00,0.577,0.577,0.5493,0.5493,1127.0
2025-01-20 13:00:00+00:00,0.5493,0.5536,0.5493,0.5536,95.0
2025-01-20 14:00:00+00:00,0.5536,0.5678,0.5429,0.5506,26.43
2025-01-20 15:00:00+00:00,0.5506,0.5559,0.5496,0.5496,1148.63
2025-01-20 16:00:00+00:00,0.5496,0.5753,0.5346,0.5749,12480.37
2025-01-20 17:00:00+00:00,0.5749,0.5749,0.51,0.536,2232.3
2025-01-20 18:00:00+00:00,0.536,0.5396,0.536,0.5396,10000.0
2025-01-20 19:00:00+00:00,0.5396,0.5396,0.518,0.5368,1587.79
2025-01-20 20:00:00+00:00,0.5368,0.5462,0.5229,0.5429,4389.79
2025-01-20 21:00:00+00:00,0.5429,0.5429,0.5294,0.5396,408.61
2025-01-20 22:00:00+00:00,0.5396,0.5427,0.5169,0.5427,3360.77
2025-01-20 23:00:00+00:00,0.5427,0.5427,0.516,0.516,2775.51
2025-01-21 00:00:00+00:00,0.516,0.5187,0.51,0.5187,2356.29
2025-01-21 01:00:00+00:00,0.5187,0.5187,0.5008,0.507,623.91
2025-01-21 02:00:00+00:00,0.507,0.5111,0.507,0.5108,970.38
2025-01-21 03:00:00+00:00,0.5108,0.514,0.5108,0.514,675.89
2025-01-21 04:00:00+00:00,0.514,0.5288,0.514,0.5288,1643.25
2025-01-21 05:00:00+00:00,0.5288,0.5519,0.5288,0.548,2074.09
2025-01-21 06:00:00+00:00,0.548,0.5677,0.5475,0.5677,881.2
2025-01-21 07:00:00+00:00,0.5677,0.6456,0.5674,0.5674,1911.3
2025-01-21 08:00:00+00:00,0.5674,0.5799,0.5674,0.5799,500.0
2025-01-21 09:00:00+00:00,0.5799,0.5835,0.5743,0.5743,4554.56
2025-01-21 10:00:00+00:00,0.5743,0.5743,0.5701,0.5727,383.07
2025-01-21 11:00:00+00:00,0.5727,0.5919,0.5727,0.5911,5249.57
2025-01-21 12:00:00+00:00,0.5911,0.5911,0.5708,0.5708,14.43
2025-01-21 13:00:00+00:00,0.5708,0.6,0.5708,0.5989,12483.45
2025-01-21 14:00:00+00:00,0.5989,0.6142,0.5989,0.6065,1788.81
2025-01-21 15:00:00+00:00,0.6065,0.6083,0.6065,0.6083,1386.8
2025-01-21 16:00:00+00:00,0.6083,0.6305,0.6016,0.6252,12102.3
2025-01-21 17:00:00+00:00,0.6252,0.6252,0.6124,0.6124,183.19
2025-01-21 18:00:00+00:00,0.6124,0.6223,0.6124,0.6197,3344.12
2025-01-21 19:00:00+00:00,0.6197,0.6365,0.5895,0.6065,2591.09
2025-01-21 20:00:00+00:00,0.6065,0.6071,0.6041,0.6041,1235.54
2025-01-21 21:00:00+00:00,0.6041,0.6041,0.5976,0.5976,10.0
2025-01-21 22:00:00+00:00,0.5976,0.6069,0.5976,0.6069,1622.98
2025-01-21 23:00:00+00:00,0.6069,0.6069,0.6013,0.6015,2340.04
2025-01-22 01:00:00+00:00,0.6015,0.6203,0.6015,0.6044,683.47
2025-01-22 02:00:00+00:00,0.6044,0.6117,0.6044,0.6117,606.83
2025-01-22 03:00:00+00:00,0.6117,0.6202,0.6117,0.6202,149.07
2025-01-22 04:00:00+00:00,0.6202,0.6202,0.6168,0.6168,19.2
2025-01-22 05:00:00+00:00,0.6168,0.6343,0.6168,0.63,1742.35
2025-01-22 06:00:00+00:00,0.63,0.631,0.623,0.6269,2648.71
2025-01-22 07:00:00+00:00,0.6269,0.6269,0.6249,0.6249,1585.53
2025-01-22 08:00:00+00:00,0.6249,0.6314,0.6247,0.6314,2159.37
2025-01-22 09:00:00+00:00,0.6314,0.6325,0.6108,0.6325,4456.85
2025-01-22 12:00:00+00:00,0.6325,0.6536,0.6325,0.6536,65.0
2025-01-22 13:00:00+00:00,0.6536,0.6702,0.6321,0.6321,941.54
2025-01-22 15:00:00+00:00,0.6321,0.6321,0.6095,0.6142,1999.18
2025-01-22 16:00:00+00:00,0.6142,0.6307,0.6065,0.6307,25.78
2025-01-22 18:00:00+00:00,0.6307,0.6307,0.6021,0.6021,230.04
2025-01-22 22:00:00+00:00,0.6021,0.6021,0.6,0.6,810.46
2025-01-22 23:00:00+00:00,0.6,0.6,0.5933,0.5933,196.8
2025-01-23 00:00:00+00:00,0.5933,0.5999,0.5933,0.5999,935.06
2025-01-23 01:00:00+00:00,0.5999,0.6136,0.5962,0.5962,3764.47
2025-01-23 02:00:00+00:00,0.5962,0.5962,0.5859,0.5907,843.22
2025-01-23 03:00:00+00:00,0.5907,0.6323,0.5896,0.5995,16849.04
2025-01-23 04:00:00+00:00,0.5995,0.5995,0.5794,0.5839,2980.71
2025-01-23 05:00:00+00:00,0.5839,0.5862,0.5839,0.586,962.81
2025-01-23 06:00:00+00:00,0.586,0.586,0.5788,0.5812,829.15
2025-01-23 07:00:00+00:00,0.5812,0.5859,0.5812,0.5859,1150.88
2025-01-23 08:00:00+00:00,0.5859,0.5859,0.5858,0.5858,1102.6
2025-01-23 09:00:00+00:00,0.5858,0.5862,0.5758,0.5758,5971.28
2025-01-23 10:00:00+00:00,0.5758,0.5758,0.5714,0.5714,692.31
2025-01-23 11:00:00+00:00,0.5714,0.5714,0.567,0.5694,1785.73
2025-01-23 12:00:00+00:00,0.5694,0.5694,0.565,0.565,150.0
2025-01-23 13:00:00+00:00,0.565,0.5747,0.565,0.5747,155.75
2025-01-23 14:00:00+00:00,0.5747,0.6125,0.5693,0.6125,2388.37
2025-01-23 15:00:00+00:00,0.6125,0.6125,0.5908,0.6061,237.03
2025-01-23 16:00:00+00:00,0.6061,0.6061,0.5856,0.5858,342.2
2025-01-23 17:00:00+00:00,0.5858,0.5928,0.5858,0.5928,1100.98
2025-01-23 18:00:00+00:00,0.5928,0.5928,0.5847,0.585,1428.48
2025-01-23 20:00:00+00:00,0.585,0.5881,0.5821,0.5855,1005.86
2025-01-23 22:00:00+00:00,0.5855,0.5867,0.582,0.5867,165.26
2025-01-24 00:00:00+00:00,0.5867,0.5867,0.5626,0.5626,761.7
2025-01-24 01:00:00+00:00,0.5626,0.5657,0.5582,0.5582,359.1
2025-01-24 02:00:00+00:00,0.5582,0.5582,0.5538,0.5538,44.3
2025-01-24 03:00:00+00:00,0.5538,0.5613,0.5538,0.5611,2233.49
2025-01-24 04:00:00+00:00,0.5611,0.5615,0.5611,0.5615,589.61
2025-01-24 05:00:00+00:00,0.5615,0.581,0.5615,0.5669,924.0
2025-01-24 06:00:00+00:00,0.5669,0.5669,0.5663,0.5663,12.72
2025-01-24 07:00:00+00:00,0.5663,0.568,0.559,0.5675,15759.24
2025-01-24 08:00:00+00:00,0.5675,0.5712,0.5675,0.5709,1588.67
2025-01-24 09:00:00+00:00,0.5709,0.5797,0.5709,0.5797,2825.55
2025-01-24 10:00:00+00:00,0.5797,0.605,0.5747,0.5977,31330.57
2025-01-24 11:00:00+00:00,0.5977,0.5977,0.5744,0.5744,348.75
2025-01-24 12:00:00+00:00,0.5744,0.5905,0.5571,0.5631,2990.51
2025-01-24 13:00:00+00:00,0.5631,0.5669,0.5631,0.5668,1012.55
2025-01-24 14:00:00+00:00,0.5668,0.5705,0.5668,0.5705,3095.82
2025-01-24 15:00:00+00:00,0.5705,0.5705,0.5583,0.5583,1556.99
2025-01-24 16:00:00+00:00,0.5583,0.5583,0.5533,0.5533,938.29
2025-01-24 17:00:00+00:00,0.5533,0.5573,0.5511,0.5573,2251.68
2025-01-24 18:00:00+00:00,0.5573,0.5573,0.5541,0.5541,1138.58
2025-01-24 19:00:00+00:00,0.5541,0.5541,0.5494,0.5494,46.48
2025-01-24 20:00:00+00:00,0.5494,0.5498,0.5426,0.5426,1717.3
2025-01-24 21:00:00+00:00,0.5426,0.5426,0.5414,0.5414,2150.0
2025-01-24 22:00:00+00:00,0.5414,0.5428,0.5363,0.5363,232.63
2025-01-24 23:00:00+00:00,0.5363,0.5363,0.5319,0.5319,55.11
2025-01-25 00:00:00+00:00,0.5319,0.5401,0.5275,0.5275,170.18
2025-01-25 01:00:00+00:00,0.5275,0.5365,0.5275,0.5365,1826.78
2025-01-25 02:00:00+00:00,0.5365,0.5365,0.5353,0.5354,2199.98
2025-01-25 04:00:00+00:00,0.5354,0.5446,0.5354,0.5446,155.14
2025-01-25 06:00:00+00:00,0.5446,0.5446,0.5343,0.5343,1250.23
2025-01-25 09:00:00+00:00,0.5343,0.5448,0.5343,0.5448,14.52
2025-01-25 13:00:00+00:00,0.5448,0.5626,0.5436,0.5436,1584.57
2025-01-25 14:00:00+00:00,0.5436,0.5436,0.5414,0.5414,76.89
2025-01-25 15:00:00+00:00,0.5414,0.5414,0.5403,0.5403,510.44
2025-01-25 16:00:00+00:00,0.5403,0.5418,0.5403,0.5418,208.89
2025-01-25 18:00:00+00:00,0.5418,0.5418,0.5398,0.5399,2472.2
2025-01-25 20:00:00+00:00,0.5399,0.5407,0.5399,0.5407,1206.8
2025-01-25 21:00:00+00:00,0.5407,0.5407,0.5379,0.5379,3181.84
2025-01-25 22:00:00+00:00,0.5379,0.5387,0.5379,0.5387,1057.54
2025-01-26 02:00:00+00:00,0.5387,0.5454,0.5387,0.5454,191.38
2025-01-26 03:00:00+00:00,0.5454,0.5459,0.5442,0.5448,509.97
2025-01-26 04:00:00+00:00,0.5448,0.5526,0.5448,0.5522,2644.75
2025-01-26 06:00:00+00:00,0.5522,0.5522,0.5469,0.5469,37.38
2025-01-26 10:00:00+00:00,0.5469,0.5469,0.5359,0.5359,661.78
2025-01-26 13:00:00+00:00,0.5359,0.5359,0.5342,0.5342,1631.2
2025-01-26 15:00:00+00:00,0.5342,0.5433,0.5342,0.5433,153.34
2025-01-26 16:00:00+00:00,0.5433,0.5433,0.538,0.538,155.12
2025-01-26 17:00:00+00:00,0.538,0.5381,0.538,0.5381,51.0
2025-01-26 18:00:00+00:00,0.5381,0.5381,0.5362,0.5362,119.96
2025-01-26 20:00:00+00:00,0.5362,0.5376,0.5362,0.5376,16.0
2025-01-26 21:00:00+00:00,0.5376,0.5376,0.5295,0.5342,6706.15
2025-01-26 23:00:00+00:00,0.5342,0.5342,0.5144,0.5144,2189.9
2025-01-27 00:00:00+00:00,0.5144,0.5189,0.5143,0.5189,3155.09
2025-01-27 01:00:00+00:00,0.5189,0.5218,0.51,0.5218,75.65
2025-01-27 03:00:00+00:00,0.5218,0.5218,0.5037,0.5037,169.7
2025-01-27 04:00:00+00:00,0.5037,0.5224,0.5037,0.5224,576.0
2025-01-27 05:00:00+00:00,0.5224,0.5224,0.4965,0.4965,275.25
2025-01-27 07:00:00+00:00,0.4965,0.4994,0.4634,0.4829,1436.68
2025-01-27 08:00:00+00:00,0.4829,0.4829,0.4654,0.4777,7500.0
2025-01-27 09:00:00+00:00,0.4777,0.4919,0.4758,0.4919,3376.95
2025-01-27 10:00:00+00:00,0.4919,0.4934,0.4718,0.4718,843.45
2025-01-27 11:00:00+00:00,0.4718,0.4723,0.4667,0.4723,2275.51
2025-01-27 12:00:00+00:00,0.4723,0.4723,0.4693,0.4693,159.84
2025-01-27 13:00:00+00:00,0.4693,0.4768,0.4693,0.4768,13842.64
2025-01-27 14:00:00+00:00,0.4768,0.4872,0.4758,0.4872,27798.85
2025-01-27 15:00:00+00:00,0.4872,0.4881,0.4811,0.4811,2776.97
2025-01-27 16:00:00+00:00,0.4811,0.49,0.4811,0.4866,3980.83
2025-01-27 17:00:00+00:00,0.4866,0.4866,0.4707,0.4707,422.81
2025-01-27 18:00:00+00:00,0.4707,0.4795,0.4665,0.4665,650.81
2025-01-27 20:00:00+00:00,0.4665,0.4837,0.4665,0.4837,3940.0
2025-01-27 21:00:00+00:00,0.4837,0.494,0.4837,0.4924,2984.0
2025-01-27 22:00:00+00:00,0.4924,0.5036,0.4924,0.5036,100.0
2025-01-28 02:00:00+00:00,0.5036,0.5036,0.4837,0.4837,228.35
2025-01-28 04:00:00+00:00,0.4837,0.4877,0.4837,0.4877,160.73
2025-01-28 06:00:00+00:00,0.4877,0.4877,0.4877,0.4877,0.2152
2025-01-28 08:00:00+00:00,0.4877,0.4878,0.4877,0.4878,8.47
2025-01-28 10:00:00+00:00,0.4878,0.4878,0.4859,0.4859,153.75
2025-01-28 14:00:00+00:00,0.4859,0.4907,0.4726,0.4907,68.28
2025-01-28 15:00:00+00:00,0.4907,0.4907,0.4731,0.4731,32.99
2025-01-28 16:00:00+00:00,0.4731,0.4731,0.4574,0.4574,3702.6
2025-01-28 17:00:00+00:00,0.4574,0.463,0.4574,0.4582,762.51
2025-01-28 22:00:00+00:00,0.4582,0.4582,0.4555,0.4555,25.91
2025-01-29 00:00:00+00:00,0.4555,0.4568,0.4526,0.4526,1879.53
2025-01-29 01:00:00+00:00,0.4526,0.4571,0.4526,0.4571,153.91
2025-01-29 04:00:00+00:00,0.4571,0.4592,0.4571,0.4592,40.65
2025-01-29 07:00:00+00:00,0.4592,0.4947,0.4592,0.4723,4153.8
2025-01-29 09:00:00+00:00,0.4723,0.4723,0.4673,0.4673,144.31
2025-01-29 10:00:00+00:00,0.4673,0.4835,0.4673,0.4835,301.0
2025-01-29 11:00:00+00:00,0.4835,0.4835,0.4618,0.4618,450.0
2025-01-29 14:00:00+00:00,0.4618,0.4744,0.4618,0.4744,14.06
2025-01-29 19:00:00+00:00,0.4744,0.4764,0.4516,0.4516,24.69
2025-01-29 20:00:00+00:00,0.4516,0.4689,0.4516,0.4689,73.65
2025-01-29 22:00:00+00:00,0.4689,0.4966,0.4689,0.4966,145.19
2025-01-30 00:00:00+00:00,0.4966,0.4968,0.4966,0.4968,10.33
2025-01-30 02:00:00+00:00,0.4968,0.4968,0.4879,0.4879,11.97
2025-01-30 04:00:00+00:00,0.4879,0.4879,0.4818,0.4818,8.027
2025-01-30 06:00:00+00:00,0.4818,0.4963,0.4818,0.4963,13.6
2025-01-30 07:00:00+00:00,0.4963,0.5082,0.4963,0.5082,164.49
2025-01-30 08:00:00+00:00,0.5082,0.5122,0.5082,0.5122,85.8
2025-01-30 09:00:00+00:00,0.5122,0.5268,0.5122,0.5268,1721.83
2025-01-30 10:00:00+00:00,0.5268,0.5268,0.5152,0.5152,744.55
2025-01-30 13:00:00+00:00,0.5152,0.5194,0.5152,0.5194,385.88
2025-01-30 14:00:00+00:00,0.5194,0.5194,0.5131,0.5131,21.51
2025-01-30 16:00:00+00:00,0.5131,0.5275,0.5131,0.5275,141.5
2025-01-30 20:00:00+00:00,0.5275,0.5437,0.5275,0.5437,288.65
2025-01-30 22:00:00+00:00,0.5437,0.5437,0.522,0.522,10076.68
2025-01-30 23:00:00+00:00,0.522,0.522,0.5175,0.5175,142.6
2025-01-31 00:00:00+00:00,0.5175,0.5175,0.5153,0.5153,350.0
2025-01-31 03:00:00+00:00,0.5153,0.5202,0.514,0.5202,859.85
2025-01-31 05:00:00+00:00,0.5202,0.5202,0.5092,0.5092,142.59
2025-01-31 07:00:00+00:00,0.5092,0.5409,0.5092,0.5352,180.52
2025-01-31 10:00:00+00:00,0.5352,0.5642,0.5352,0.5642,164.41
2025-01-31 11:00:00+00:00,0.5642,0.5642,0.5532,0.5532,10.0
2025-01-31 13:00:00+00:00,0.5532,0.5667,0.48,0.5554,18660.72
2025-01-31 14:00:00+00:00,0.5554,0.5769,0.5554,0.5769,7.37
2025-01-31 16:00:00+00:00,0.5769,0.5769,0.5418,0.5418,989.45
2025-01-31 17:00:00+00:00,0.5418,0.6015,0.5418,0.6015,281.74
2025-01-31 19:00:00+00:00,0.6015,0.6015,0.5744,0.5744,759.2
2025-01-31 20:00:00+00:00,0.5744,0.5744,0.5698,0.5698,2175.0
2025-01-31 21:00:00+00:00,0.5698,0.5698,0.5555,0.5555,173.9
2025-01-31 23:00:00+00:00,0.5555,0.566,0.5555,0.566,135.0
2025-02-01 01:00:00+00:00,0.566,0.566,0.5657,0.5657,135.1
2025-02-01 07:00:00+00:00,0.5657,0.5657,0.5501,0.5501,298.6
2025-02-01 09:00:00+00:00,0.5501,0.5501,0.5313,0.5313,187.89
2025-02-01 10:00:00+00:00,0.5313,0.5313,0.5124,0.5124,9.332
2025-02-01 13:00:00+00:00,0.5124,0.5127,0.5124,0.5127,106.67
2025-02-01 16:00:00+00:00,0.5127,0.5376,0.5127,0.5353,156.86
2025-02-01 18:00:00+00:00,0.5353,0.5353,0.5202,0.5202,66.14
2025-02-01 19:00:00+00:00,0.5202,0.5202,0.5112,0.5112,78.55
2025-02-01 22:00:00+00:00,0.5112,0.5112,0.4961,0.4961,10.91
2025-02-02 00:00:00+00:00,0.4961,0.5037,0.4961,0.5037,135.11
2025-02-02 01:00:00+00:00,0.5037,0.5293,0.5037,0.5293,74.0
2025-02-02 04:00:00+00:00,0.5293,0.5293,0.4997,0.4997,33.31
2025-02-02 07:00:00+00:00,0.4997,0.5073,0.4997,0.5073,268.24
2025-02-02 09:00:00+00:00,0.5073,0.5183,0.5059,0.5059,181.44
2025-02-02 10:00:00+00:00,0.5059,0.5072,0.5059,0.5065,170.2
2025-02-02 12:00:00+00:00,0.5065,0.5065,0.4831,0.4831,1042.9
2025-02-02 14:00:00+00:00,0.4831,0.4831,0.4726,0.4726,19.49
2025-02-02 15:00:00+00:00,0.4726,0.489,0.4726,0.489,206.0
2025-02-02 16:00:00+00:00,0.489,0.489,0.4762,0.4762,36.33
2025-02-02 17:00:00+00:00,0.4762,0.4762,0.468,0.468,977.45
2025-02-02 18:00:00+00:00,0.468,0.468,0.4501,0.4501,2024.74
2025-02-02 19:00:00+00:00,0.4501,0.4575,0.4416,0.4558,1101.25
2025-02-02 20:00:00+00:00,0.4558,0.4898,0.4558,0.471,80.8
2025-02-02 21:00:00+00:00,0.471,0.472,0.471,0.472,34.56
2025-02-02 22:00:00+00:00,0.472,0.472,0.4299,0.4299,2274.4
2025-02-02 23:00:00+00:00,0.4299,0.4468,0.4299,0.4468,32.05
2025-02-03 00:00:00+00:00,0.4468,0.4468,0.423,0.423,46.49
2025-02-03 01:00:00+00:00,0.423,0.423,0.3921,0.3921,2502.47
2025-02-03 02:00:00+00:00,0.3921,0.3921,0.3172,0.3899,4381.75
2025-02-03 03:00:00+00:00,0.3899,0.3899,0.369,0.369,7.497
2025-02-03 04:00:00+00:00,0.369,0.3954,0.369,0.3954,1695.0
2025-02-03 06:00:00+00:00,0.3954,0.4138,0.3954,0.4138,23.61
2025-02-03 07:00:00+00:00,0.4138,0.4138,0.4057,0.4057,7.824
2025-02-03 09:00:00+00:00,0.4057,0.4154,0.4057,0.4154,18.11
2025-02-03 10:00:00+00:00,0.4154,0.4154,0.4111,0.4111,45.55
2025-02-03 11:00:00+00:00,0.4111,0.4356,0.4111,0.4315,39.67
2025-02-03 12:00:00+00:00,0.4315,0.4316,0.4157,0.4157,42.2
2025-02-03 13:00:00+00:00,0.4157,0.4286,0.4157,0.4286,334.01
2025-02-03 15:00:00+00:00,0.4286,0.456,0.4286,0.4557,3872.78
2025-02-03 16:00:00+00:00,0.4557,0.4557,0.4242,0.4455,1775.44
2025-02-03 17:00:00+00:00,0.4455,0.4459,0.443,0.443,167.26
2025-02-03 18:00:00+00:00,0.443,0.4626,0.443,0.461,382.59
2025-02-03 19:00:00+00:00,0.461,0.4707,0.461,0.4675,1869.53
2025-02-03 20:00:00+00:00,0.4675,0.4675,0.4487,0.4487,1030.49
2025-02-03 21:00:00+00:00,0.4487,0.461,0.4487,0.461,40.34
2025-02-03 22:00:00+00:00,0.461,0.4796,0.461,0.4721,627.5
2025-02-03 23:00:00+00:00,0.4721,0.4721,0.4687,0.4687,115.0
2025-02-04 00:00:00+00:00,0.4687,0.4687,0.4648,0.4648,289.59
2025-02-04 01:00:00+00:00,0.4648,0.4653,0.4423,0.4423,2749.86
2025-02-04 05:00:00+00:00,0.4423,0.4423,0.442,0.442,21.23
2025-02-04 09:00:00+00:00,0.442,0.442,0.4212,0.4212,150.84
2025-02-04 12:00:00+00:00,0.4212,0.4296,0.4212,0.4296,8.763
2025-02-04 13:00:00+00:00,0.4296,0.4359,0.4296,0.4359,28.74
2025-02-04 14:00:00+00:00,0.4359,0.4394,0.4359,0.4394,24.61
2025-02-04 15:00:00+00:00,0.4394,0.4446,0.4375,0.4446,480.53
2025-02-04 17:00:00+00:00,0.4446,0.4549,0.4446,0.4549,14.15
2025-02-04 20:00:00+00:00,0.4549,0.4549,0.4283,0.4283,1161.65
2025-02-04 21:00:00+00:00,0.4283,0.4336,0.4239,0.4239,318.35
2025-02-04 22:00:00+00:00,0.4239,0.4239,0.4186,0.4186,149.73
2025-02-04 23:00:00+00:00,0.4186,0.4345,0.4186,0.4345,49.08
2025-02-05 03:00:00+00:00,0.4345,0.4361,0.4345,0.4361,213.38
2025-02-05 07:00:00+00:00,0.4361,0.4561,0.4361,0.4561,6.667
2025-02-05 08:00:00+00:00,0.4561,0.4561,0.4561,0.4561,11.57
2025-02-05 09:00:00+00:00,0.4561,0.4561,0.4294,0.4294,1055.15
2025-02-05 10:00:00+00:00,0.4294,0.4343,0.4294,0.4343,376.2
2025-02-05 11:00:00+00:00,0.4343,0.4621,0.4343,0.4379,511.55
2025-02-05 13:00:00+00:00,0.4379,0.4516,0.4379,0.4516,577.97
2025-02-05 14:00:00+00:00,0.4516,0.4573,0.4406,0.4546,746.89
2025-02-05 15:00:00+00:00,0.4546,0.4546,0.4301,0.4472,40452.52
2025-02-05 16:00:00+00:00,0.4472,0.4472,0.44,0.44,299.32
2025-02-05 17:00:00+00:00,0.44,0.44,0.4145,0.4145,5000.0
2025-02-05 18:00:00+00:00,0.4145,0.4307,0.4145,0.427,1598.84
2025-02-05 21:00:00+00:00,0.427,0.427,0.4191,0.4196,798.4
2025-02-05 23:00:00+00:00,0.4196,0.4364,0.4196,0.4364,259.34
2025-02-06 06:00:00+00:00,0.4364,0.4525,0.4364,0.4525,142.9
2025-02-06 07:00:00+00:00,0.4525,0.4551,0.4525,0.4551,142.06
2025-02-06 09:00:00+00:00,0.4551,0.4551,0.454,0.454,3500.0
2025-02-06 10:00:00+00:00,0.454,0.454,0.4497,0.4497,6.469
2025-02-06 11:00:00+00:00,0.4497,0.4628,0.4497,0.4613,15006.46
2025-02-06 12:00:00+00:00,0.4613,0.4613,0.4456,0.4456,8.171
2025-02-06 14:00:00+00:00,0.4456,0.4491,0.4456,0.4479,249.14
2025-02-06 15:00:00+00:00,0.4479,0.4479,0.4361,0.4361,10769.07
2025-02-06 16:00:00+00:00,0.4361,0.437,0.4361,0.437,633.88
2025-02-06 17:00:00+00:00,0.437,0.437,0.4219,0.4219,2000.0
2025-02-06 19:00:00+00:00,0.4219,0.426,0.4219,0.426,500.0
2025-02-07 02:00:00+00:00,0.426,0.4288,0.426,0.4288,19.88
2025-02-07 07:00:00+00:00,0.4288,0.4288,0.4162,0.4162,10000.0
2025-02-07 08:00:00+00:00,0.4162,0.4303,0.4162,0.4303,229.2
2025-02-07 11:00:00+00:00,0.4303,0.432,0.4303,0.432,8.8
2025-02-07 13:00:00+00:00,0.432,0.4379,0.432,0.4379,28.25
2025-02-07 14:00:00+00:00,0.4379,0.4478,0.4379,0.4478,3900.63
2025-02-07 17:00:00+00:00,0.4478,0.4478,0.4243,0.4243,5000.0
2025-02-07 20:00:00+00:00,0.4243,0.4243,0.402,0.402,29999.97
2025-02-07 21:00:00+00:00,0.402,0.4122,0.402,0.4122,44.03
2025-02-07 22:00:00+00:00,0.4122,0.4122,0.3941,0.3941,79.97
2025-02-08 04:00:00+00:00,0.3941,0.4087,0.3941,0.4087,250.0
2025-02-08 05:00:00+00:00,0.4087,0.4087,0.3799,0.3799,113.97
2025-02-08 07:00:00+00:00,0.3799,0.3854,0.3799,0.3854,16.15
2025-02-08 09:00:00+00:00,0.3854,0.3854,0.3851,0.3851,10.36
2025-02-08 10:00:00+00:00,0.3851,0.4005,0.3851,0.4005,233.34
2025-02-08 13:00:00+00:00,0.4005,0.4005,0.3917,0.3917,22.81
2025-02-08 14:00:00+00:00,0.3917,0.3917,0.3895,0.3895,243.13
2025-02-08 15:00:00+00:00,0.3895,0.4083,0.3895,0.4083,8.767
2025-02-08 20:00:00+00:00,0.4083,0.4148,0.4023,0.4148,21922.96
2025-02-08 21:00:00+00:00,0.4148,0.4148,0.4109,0.4109,27.65
2025-02-09 05:00:00+00:00,0.4109,0.4239,0.4109,0.4239,6.919
2025-02-09 11:00:00+00:00,0.4239,0.4239,0.4031,0.4031,18.65
2025-02-09 13:00:00+00:00,0.4031,0.4076,0.4031,0.4069,10000.0
2025-02-09 14:00:00+00:00,0.4069,0.42,0.4069,0.42,200.0
2025-02-09 19:00:00+00:00,0.42,0.42,0.4095,0.4095,29.58
2025-02-09 20:00:00+00:00,0.4095,0.4095,0.3972,0.3972,651.73
2025-02-09 21:00:00+00:00,0.3972,0.4158,0.3972,0.4158,29.3
2025-02-10 03:00:00+00:00,0.4158,0.4158,0.3959,0.3959,5000.0
2025-02-10 05:00:00+00:00,0.3959,0.3959,0.3884,0.3884,5000.0
2025-02-10 08:00:00+00:00,0.3884,0.3897,0.3882,0.3896,7018.71
2025-02-10 12:00:00+00:00,0.3896,0.415,0.3896,0.415,21855.73
2025-02-10 13:00:00+00:00,0.415,0.42,0.4047,0.4049,24900.0
2025-02-10 15:00:00+00:00,0.4049,0.4388,0.4049,0.4388,57.64
2025-02-10 17:00:00+00:00,0.4388,0.4388,0.4117,0.4117,16.34
2025-02-10 18:00:00+00:00,0.4117,0.4348,0.4117,0.4348,4219.6
2025-02-10 19:00:00+00:00,0.4348,0.4453,0.4348,0.4453,19.52
2025-02-10 20:00:00+00:00,0.4453,0.4453,0.435,0.435,27.51
2025-02-10 21:00:00+00:00,0.435,0.435,0.39,0.4213,19116.14
2025-02-10 22:00:00+00:00,0.4213,0.4504,0.4213,0.4504,10.15
2025-02-11 02:00:00+00:00,0.4504,0.4505,0.4504,0.4505,12.0
2025-02-11 03:00:00+00:00,0.4505,0.4505,0.4266,0.4266,9.776
2025-02-11 05:00:00+00:00,0.4266,0.4558,0.4266,0.4387,37.33
2025-02-11 06:00:00+00:00,0.4387,0.4519,0.4387,0.4519,10000.0
2025-02-11 07:00:00+00:00,0.4519,0.4532,0.4454,0.4532,5007.41
2025-02-11 08:00:00+00:00,0.4532,0.4768,0.453,0.4768,334.56
2025-02-11 09:00:00+00:00,0.4768,0.4768,0.4542,0.4542,16.46
2025-02-11 10:00:00+00:00,0.4542,0.4574,0.4539,0.4539,5000.0
2025-02-11 11:00:00+00:00,0.4539,0.485,0.4539,0.485,7.551
2025-02-11 16:00:00+00:00,0.485,0.485,0.4625,0.4625,7.856
2025-02-11 22:00:00+00:00,0.4625,0.4625,0.4334,0.4334,25.67
2025-02-12 03:00:00+00:00,0.4334,0.4462,0.4334,0.4462,6.542
2025-02-12 06:00:00+00:00,0.4462,0.4462,0.4415,0.4415,2000.0
2025-02-12 09:00:00+00:00,0.4415,0.4415,0.4241,0.4241,11.57
2025-02-12 13:00:00+00:00,0.4241,0.48,0.4241,0.48,4128.82
2025-02-12 14:00:00+00:00,0.48,0.48,0.4243,0.4611,3068.53
2025-02-12 15:00:00+00:00,0.4611,0.6987,0.4611,0.5046,5837.7
2025-02-12 16:00:00+00:00,0.5046,0.515,0.4001,0.5035,7837.87
2025-02-12 17:00:00+00:00,0.5035,0.5035,0.4964,0.4964,34.99
2025-02-12 18:00:00+00:00,0.4964,0.546,0.4635,0.546,3188.4
2025-02-12 19:00:00+00:00,0.546,0.546,0.5069,0.546,5354.19
2025-02-12 20:00:00+00:00,0.546,0.55,0.5394,0.5394,2775.0
2025-02-13 11:00:00+00:00,0.5394,0.5394,0.5394,0.5394,6.267
2025-02-13 14:00:00+00:00,0.5394,0.6233,0.335,0.335,66373.73
2025-02-13 15:00:00+00:00,0.335,0.335,0.335,0.335,10594.8
2025-02-18 19:00:00+00:00,0.5988,0.67,0.5861,0.5888,10421.0
2025-02-18 20:00:00+00:00,0.5888,0.5888,0.574,0.5748,260.0
2025-02-18 21:00:00+00:00,0.5748,0.575,0.5748,0.575,10.0
2025-02-18 22:00:00+00:00,0.575,0.5925,0.575,0.5925,90.0
2025-02-18 23:00:00+00:00,0.5925,0.6025,0.5867,0.5867,979.0
2025-02-19 00:00:00+00:00,0.5867,0.6018,0.5863,0.5863,372.0
2025-02-19 01:00:00+00:00,0.5863,0.6019,0.5639,0.6011,8701.0
2025-02-19 02:00:00+00:00,0.6011,0.6098,0.5862,0.6098,1101.0
2025-02-19 03:00:00+00:00,0.6098,0.618,0.6002,0.618,275.0
2025-02-19 04:00:00+00:00,0.618,0.6256,0.618,0.6228,106.0
2025-02-19 05:00:00+00:00,0.6228,0.6446,0.6043,0.6446,987.0
2025-02-19 06:00:00+00:00,0.6446,0.6454,0.642,0.642,329.0
2025-02-19 07:00:00+00:00,0.642,0.6454,0.642,0.6454,5119.0
2025-02-19 08:00:00+00:00,0.6454,0.6454,0.6454,0.6454,1360.0
2025-02-19 09:00:00+00:00,0.6454,0.6467,0.6454,0.6467,51.0
2025-02-19 10:00:00+00:00,0.6467,0.6645,0.6467,0.6645,1424.0
2025-02-19 11:00:00+00:00,0.6645,0.68,0.6619,0.68,1941.0
2025-02-19 12:00:00+00:00,0.68,0.6823,0.6669,0.6823,276.0
2025-02-19 13:00:00+00:00,0.6823,0.7005,0.6717,0.7001,14327.0
2025-02-19 14:00:00+00:00,0.7001,0.7001,0.6766,0.6953,19240.0
2025-02-19 15:00:00+00:00,0.6953,0.7187,0.6908,0.6908,10619.0
2025-02-19 16:00:00+00:00,0.6908,0.7749,0.6908,0.729,14296.0
2025-02-19 17:00:00+00:00,0.729,0.736,0.7086,0.7282,1014.0
2025-02-19 18:00:00+00:00,0.7282,0.7399,0.7086,0.7086,2126.0
2025-02-19 19:00:00+00:00,0.7086,0.7298,0.6902,0.6902,8225.0
2025-02-19 20:00:00+00:00,0.6902,0.7331,0.6902,0.7331,54901.0
2025-02-19 21:00:00+00:00,0.7331,0.7331,0.7134,0.7134,71.0
2025-02-19 22:00:00+00:00,0.7134,0.7329,0.7027,0.7158,440.0
2025-02-19 23:00:00+00:00,0.7158,0.7242,0.7158,0.7158,92.0
2025-02-20 00:00:00+00:00,0.7158,0.7198,0.6984,0.7,604.0
2025-02-20 01:00:00+00:00,0.7,0.75,0.6926,0.7191,3118.0
2025-02-20 02:00:00+00:00,0.7191,0.7205,0.7191,0.7191,27.0
2025-02-20 03:00:00+00:00,0.7191,0.7221,0.7191,0.7221,568.0
2025-02-20 04:00:00+00:00,0.7221,0.7221,0.6876,0.6952,2668.0
2025-02-20 05:00:00+00:00,0.6952,0.7409,0.6952,0.7409,650.0
2025-02-20 06:00:00+00:00,0.7409,0.75,0.7291,0.7291,388.0
2025-02-20 07:00:00+00:00,0.7291,0.7291,0.7188,0.7188,209.0
2025-02-20 08:00:00+00:00,0.7188,0.7188,0.718,0.718,808.0
2025-02-20 09:00:00+00:00,0.718,0.7299,0.718,0.7299,166.0
2025-02-20 10:00:00+00:00,0.7299,0.775,0.7299,0.775,8476.0
2025-02-20 11:00:00+00:00,0.775,0.775,0.72,0.775,8157.0
2025-02-20 12:00:00+00:00,0.775,0.775,0.7562,0.7749,170.0
2025-02-20 13:00:00+00:00,0.7749,0.7749,0.7702,0.7702,7.0
2025-02-20 14:00:00+00:00,0.7702,0.775,0.7472,0.7472,2219.0
2025-02-20 15:00:00+00:00,0.7472,0.7923,0.7472,0.7923,30334.0
2025-02-20 16:00:00+00:00,0.7923,0.8247,0.7895,0.8052,90055.0
2025-02-20 17:00:00+00:00,0.8052,0.8246,0.7999,0.8191,13115.0
2025-02-20 18:00:00+00:00,0.8191,0.8653,0.8191,0.8651,124768.0
2025-02-20 19:00:00+00:00,0.8651,0.8651,0.7973,0.8411,5348.0
2025-02-20 20:00:00+00:00,0.8411,0.89,0.8376,0.89,5970.0
2025-02-20 21:00:00+00:00,0.89,0.89,0.803,0.8615,7436.0
2025-02-20 22:00:00+00:00,0.8615,0.8615,0.803,0.8461,14689.0
2025-02-20 23:00:00+00:00,0.8461,0.8727,0.83,0.8616,10190.0
2025-02-21 00:00:00+00:00,0.8616,0.888,0.8537,0.8537,4117.0
2025-02-21 01:00:00+00:00,0.8537,0.8592,0.8499,0.8499,1914.0
2025-02-21 02:00:00+00:00,0.8499,0.8801,0.8475,0.8801,8266.0
2025-02-21 03:00:00+00:00,0.8801,0.9999,0.8701,0.9529,24961.0
2025-02-21 04:00:00+00:00,0.9529,0.9999,0.9338,0.9807,15375.0
2025-02-21 05:00:00+00:00,0.9807,0.9807,0.9168,0.9169,4491.0
2025-02-21 06:00:00+00:00,0.9169,0.9378,0.873,0.8981,8880.0
2025-02-21 07:00:00+00:00,0.8981,0.8981,0.8681,0.8681,222.0
2025-02-21 08:00:00+00:00,0.8681,0.8681,0.8352,0.8352,7282.0
2025-02-21 09:00:00+00:00,0.8352,0.8659,0.8352,0.8657,978.0
2025-02-21 10:00:00+00:00,0.8657,0.9329,0.8323,0.8922,19294.0
2025-02-21 11:00:00+00:00,0.8922,0.9192,0.8853,0.8853,1463.0
2025-02-21 12:00:00+00:00,0.8853,0.9013,0.8853,0.887,303.0
2025-02-21 13:00:00+00:00,0.887,0.9016,0.8827,0.9016,1350.0
2025-02-21 14:00:00+00:00,0.9016,0.9065,0.8693,0.8938,1101.0
2025-02-21 15:00:00+00:00,0.8938,0.912,0.8655,0.8655,6494.0
2025-02-21 16:00:00+00:00,0.8655,0.9166,0.8482,0.8802,25943.0
2025-02-21 17:00:00+00:00,0.8802,0.8942,0.8799,0.8807,32395.0
2025-02-21 18:00:00+00:00,0.8807,0.8807,0.81,0.8301,26656.0
2025-02-21 19:00:00+00:00,0.8301,0.8616,0.7357,0.8176,114317.0
2025-02-21 20:00:00+00:00,0.8176,0.8674,0.7585,0.8506,10394.0
2025-02-21 21:00:00+00:00,0.8506,0.8645,0.8196,0.8487,1001.0
2025-02-21 22:00:00+00:00,0.8487,0.8487,0.848,0.8481,35.0
2025-02-21 23:00:00+00:00,0.8481,0.8487,0.819,0.8487,8412.0
2025-02-22 00:00:00+00:00,0.8487,0.8747,0.8487,0.8738,889.0
2025-02-22 01:00:00+00:00,0.8738,0.8738,0.8738,0.8738,37.0
2025-02-22 02:00:00+00:00,0.8738,0.8819,0.8669,0.8819,488.0
2025-02-22 03:00:00+00:00,0.8819,0.8819,0.8551,0.8551,195.0
2025-02-22 04:00:00+00:00,0.8551,0.8552,0.8551,0.8552,34.0
2025-02-22 05:00:00+00:00,0.8552,0.8747,0.8552,0.8747,38.0
2025-02-22 06:00:00+00:00,0.8747,0.888,0.8552,0.888,443.0
2025-02-22 07:00:00+00:00,0.888,0.9057,0.8681,0.8681,23943.0
2025-02-22 08:00:00+00:00,0.8681,0.8681,0.8681,0.8681,35.0
2025-02-22 09:00:00+00:00,0.8681,0.8681,0.8599,0.8599,214.0
2025-02-22 10:00:00+00:00,0.8599,0.8944,0.8599,0.8682,360.0
2025-02-22 11:00:00+00:00,0.8682,0.8682,0.8599,0.8599,839.0
2025-02-22 12:00:00+00:00,0.8599,0.8616,0.8397,0.8616,1066.0
2025-02-22 13:00:00+00:00,0.8616,0.8719,0.8616,0.8717,3499.0
2025-02-22 14:00:00+00:00,0.8717,0.8717,0.8087,0.833,1885.0
2025-02-22 15:00:00+00:00,0.833,0.833,0.8021,0.8245,278.0
2025-02-22 16:00:00+00:00,0.8245,0.8245,0.8021,0.815,11227.0
2025-02-22 17:00:00+00:00,0.815,0.836,0.8088,0.836,749.0
2025-02-22 18:00:00+00:00,0.836,0.836,0.8186,0.8186,255.0
2025-02-22 20:00:00+00:00,0.8186,0.8402,0.8029,0.8029,1440.0
2025-02-22 21:00:00+00:00,0.8029,0.8112,0.7911,0.8112,3143.0
2025-02-22 23:00:00+00:00,0.8112,0.8152,0.8112,0.8152,25.0
2025-02-23 00:00:00+00:00,0.8152,0.8208,0.8105,0.8105,313.0
2025-02-23 01:00:00+00:00,0.8105,0.8424,0.7878,0.8182,4511.0
2025-02-23 02:00:00+00:00,0.8182,0.8204,0.7931,0.7931,1723.0
2025-02-23 03:00:00+00:00,0.7931,0.8204,0.7931,0.8204,101.0
2025-02-23 05:00:00+00:00,0.8204,0.8204,0.8199,0.82,108.0
2025-02-23 06:00:00+00:00,0.82,0.82,0.82,0.82,16.0
2025-02-23 07:00:00+00:00,0.82,0.82,0.8196,0.8196,2.0
2025-02-23 08:00:00+00:00,0.8196,0.8196,0.7937,0.7937,4.0
2025-02-23 09:00:00+00:00,0.7937,0.8111,0.79,0.8111,337.0
2025-02-23 10:00:00+00:00,0.8111,0.8245,0.8111,0.8244,1086.0
2025-02-23 12:00:00+00:00,0.8244,0.9329,0.8184,0.8184,9302.0
2025-02-23 13:00:00+00:00,0.8184,0.9252,0.8184,0.8297,5563.0
2025-02-23 16:00:00+00:00,0.8297,0.8297,0.8203,0.8203,855.0
2025-02-23 17:00:00+00:00,0.8203,0.8455,0.8148,0.8148,253.0
2025-02-23 18:00:00+00:00,0.8148,0.8151,0.8148,0.8151,87.0
2025-02-23 19:00:00+00:00,0.8151,0.8352,0.8144,0.8352,582.0
2025-02-23 22:00:00+00:00,0.8352,0.836,0.8352,0.836,39.0
2025-02-23 23:00:00+00:00,0.836,0.8487,0.836,0.8487,147.0
2025-02-24 00:00:00+00:00,0.8487,0.8747,0.8487,0.8747,831.0
2025-02-24 01:00:00+00:00,0.8747,0.8984,0.8704,0.8984,455.0
2025-02-24 02:00:00+00:00,0.8984,0.8984,0.8705,0.8983,2166.0
2025-02-24 03:00:00+00:00,0.8983,0.902,0.8705,0.8975,1778.0
2025-02-24 04:00:00+00:00,0.8975,0.8975,0.8236,0.8271,4257.0
2025-02-24 05:00:00+00:00,0.8271,0.8429,0.824,0.8429,1690.0
2025-02-24 06:00:00+00:00,0.8429,0.8616,0.8429,0.8616,11712.0
2025-02-24 07:00:00+00:00,0.8616,0.881,0.8425,0.881,1391.0
2025-02-24 08:00:00+00:00,0.881,0.8818,0.8524,0.8746,120.0
2025-02-24 09:00:00+00:00,0.8746,0.8746,0.8746,0.8746,229.0
2025-02-24 10:00:00+00:00,0.8746,0.8746,0.8397,0.8615,218.0
2025-02-24 12:00:00+00:00,0.8615,0.883,0.8173,0.8459,983.0
2025-02-24 13:00:00+00:00,0.8459,0.8589,0.8182,0.8589,307.0
2025-02-24 14:00:00+00:00,0.8589,0.8589,0.8182,0.8182,238.0
2025-02-24 15:00:00+00:00,0.8182,0.8204,0.7777,0.8204,3837.0
2025-02-24 16:00:00+00:00,0.8204,0.8204,0.7931,0.7931,4531.0
2025-02-24 17:00:00+00:00,0.7931,0.8331,0.7323,0.8238,78680.0
2025-02-24 18:00:00+00:00,0.8238,0.8402,0.8238,0.8245,237.0
2025-02-24 19:00:00+00:00,0.8245,0.8245,0.8024,0.8024,2384.0
2025-02-24 20:00:00+00:00,0.8024,0.836,0.8024,0.827,5315.0
2025-02-24 21:00:00+00:00,0.827,0.827,0.8199,0.8199,863.0
2025-02-24 22:00:00+00:00,0.8199,0.8245,0.79,0.79,7787.0
2025-02-24 23:00:00+00:00,0.79,0.8205,0.79,0.8205,535.0
2025-02-25 00:00:00+00:00,0.8205,0.8217,0.773,0.7959,1832.0
2025-02-25 01:00:00+00:00,0.7959,0.7959,0.7585,0.7585,497.0
2025-02-25 02:00:00+00:00,0.7585,0.7604,0.7376,0.7604,4825.0
2025-02-25 03:00:00+00:00,0.7604,0.7604,0.7434,0.7434,337.0
2025-02-25 04:00:00+00:00,0.7434,0.7434,0.7,0.7,39809.0
2025-02-25 05:00:00+00:00,0.7,0.7298,0.7,0.7134,369.0
2025-02-25 06:00:00+00:00,0.7134,0.7777,0.7134,0.7167,5043.0
2025-02-25 07:00:00+00:00,0.7167,0.7777,0.6922,0.7408,16973.0
2025-02-25 08:00:00+00:00,0.7408,0.7489,0.7344,0.7344,227.0
2025-02-25 09:00:00+00:00,0.7344,0.7344,0.7,0.7,7867.0
2025-02-25 10:00:00+00:00,0.7,0.711,0.7,0.7001,1106.0
2025-02-25 11:00:00+00:00,0.7001,0.7266,0.7001,0.7266,2177.0
2025-02-25 12:00:00+00:00,0.7266,0.7266,0.7113,0.7259,648.0
2025-02-25 13:00:00+00:00,0.7259,0.7259,0.682,0.7081,7343.0
2025-02-25 14:00:00+00:00,0.7081,0.7156,0.68,0.68,678.0
2025-02-25 15:00:00+00:00,0.68,0.711,0.66,0.711,2376.0
2025-02-25 16:00:00+00:00,0.711,0.722,0.711,0.722,322.0
2025-02-25 17:00:00+00:00,0.722,0.736,0.722,0.736,237.0
2025-02-25 18:00:00+00:00,0.736,0.736,0.7027,0.7188,459.0
2025-02-25 19:00:00+00:00,0.7188,0.7412,0.71,0.7412,1405.0
2025-02-25 20:00:00+00:00,0.7412,0.7777,0.7347,0.7548,4110.0
2025-02-25 21:00:00+00:00,0.7548,0.7548,0.753,0.753,5000.0
2025-02-25 22:00:00+00:00,0.753,0.784,0.7434,0.7549,22592.0
2025-02-26 00:00:00+00:00,0.7549,0.774,0.7465,0.7465,446.0
2025-02-26 01:00:00+00:00,0.7465,0.7465,0.7434,0.7434,117.0
2025-02-26 03:00:00+00:00,0.7434,0.7434,0.7434,0.7434,50.0
2025-02-26 04:00:00+00:00,0.7434,0.7923,0.7434,0.7548,11718.0
2025-02-26 06:00:00+00:00,0.7548,0.7623,0.7548,0.7623,21.0
2025-02-26 07:00:00+00:00,0.7623,0.7623,0.7263,0.7263,607.0
2025-02-26 08:00:00+00:00,0.7263,0.74,0.7212,0.7212,453.0
2025-02-26 09:00:00+00:00,0.7212,0.7409,0.7212,0.7409,124.0
2025-02-26 10:00:00+00:00,0.7409,0.7488,0.7244,0.7488,109.0
2025-02-26 12:00:00+00:00,0.7488,0.7488,0.7104,0.7292,493.0
2025-02-26 13:00:00+00:00,0.7292,0.7292,0.7236,0.7236,69.0
2025-02-26 14:00:00+00:00,0.7236,0.7266,0.6996,0.7266,5713.0
2025-02-26 15:00:00+00:00,0.7266,0.7488,0.7244,0.7464,687.0
2025-02-26 16:00:00+00:00,0.7464,0.7464,0.7205,0.7376,369.0
2025-02-26 17:00:00+00:00,0.7376,0.7376,0.6922,0.7156,1313.0
2025-02-26 18:00:00+00:00,0.7156,0.7156,0.6828,0.6828,8856.0
2025-02-26 19:00:00+00:00,0.6828,0.6828,0.6616,0.6616,187.0
2025-02-26 20:00:00+00:00,0.6616,0.6974,0.6616,0.6851,2887.0
2025-02-26 21:00:00+00:00,0.6851,0.7016,0.6851,0.6987,52.0
2025-02-26 22:00:00+00:00,0.6987,0.7393,0.6987,0.7392,863.0
2025-02-26 23:00:00+00:00,0.7392,0.7392,0.6836,0.7027,1221.0
2025-02-27 00:00:00+00:00,0.7027,0.736,0.7027,0.7355,579.0
2025-02-27 01:00:00+00:00,0.7355,0.7355,0.7135,0.7135,45.0
2025-02-27 02:00:00+00:00,0.7135,0.7135,0.7134,0.7134,63.0
2025-02-27 04:00:00+00:00,0.7134,0.7134,0.6943,0.6943,325.0
2025-02-27 05:00:00+00:00,0.6943,0.7188,0.6943,0.7188,109.0
2025-02-27 06:00:00+00:00,0.7188,0.7269,0.7188,0.7269,137.0
2025-02-27 07:00:00+00:00,0.7269,0.7269,0.7269,0.7269,13.0
2025-02-27 09:00:00+00:00,0.7269,0.7269,0.7133,0.7133,42.0
2025-02-27 10:00:00+00:00,0.7133,0.7298,0.7133,0.7155,297.0
2025-02-27 11:00:00+00:00,0.7155,0.7155,0.7134,0.7134,105.0
2025-02-27 12:00:00+00:00,0.7134,0.7473,0.7134,0.7473,438.0
2025-02-27 13:00:00+00:00,0.7473,0.7473,0.7329,0.7329,45.0
2025-02-27 14:00:00+00:00,0.7329,0.7408,0.7134,0.7134,703.0
2025-02-27 15:00:00+00:00,0.7134,0.7603,0.7103,0.7167,3229.0
2025-02-27 16:00:00+00:00,0.7167,0.7167,0.6996,0.6996,702.0
2025-02-27 17:00:00+00:00,0.6996,0.7155,0.6996,0.7155,138.0
2025-02-27 18:00:00+00:00,0.7155,0.7155,0.705,0.705,1455.0
2025-02-27 19:00:00+00:00,0.705,0.7461,0.7027,0.7027,1983.0
2025-02-27 20:00:00+00:00,0.7027,0.7027,0.6741,0.6741,1702.0
2025-02-27 22:00:00+00:00,0.6741,0.6848,0.6741,0.6848,14.0
2025-02-27 23:00:00+00:00,0.6848,0.7024,0.6722,0.6722,1324.0
2025-02-28 01:00:00+00:00,0.6722,0.6828,0.6615,0.6662,3890.0
2025-02-28 02:00:00+00:00,0.6662,0.6662,0.61,0.6362,21390.0
2025-02-28 03:00:00+00:00,0.6362,0.6467,0.6322,0.6322,454.0
2025-02-28 04:00:00+00:00,0.6322,0.6406,0.6203,0.6406,495.0
2025-02-28 05:00:00+00:00,0.6406,0.6434,0.6206,0.6206,39.0
2025-02-28 06:00:00+00:00,0.6206,0.63,0.6206,0.63,839.0
2025-02-28 07:00:00+00:00,0.63,0.6365,0.63,0.6365,24.0
2025-02-28 08:00:00+00:00,0.6365,0.6434,0.6365,0.6434,31.0
2025-02-28 09:00:00+00:00,0.6434,0.6434,0.6206,0.6434,334.0
2025-02-28 12:00:00+00:00,0.6434,0.6434,0.6212,0.6215,1460.0
2025-02-28 13:00:00+00:00,0.6215,0.6565,0.6215,0.6565,453.0
2025-02-28 14:00:00+00:00,0.6565,0.6565,0.6355,0.6565,301.0
2025-02-28 15:00:00+00:00,0.6565,0.6828,0.6565,0.6616,751.0
2025-02-28 16:00:00+00:00,0.6616,0.7048,0.6616,0.6744,1786.0
2025-02-28 17:00:00+00:00,0.6744,0.7522,0.6741,0.6809,7746.0
2025-02-28 18:00:00+00:00,0.6809,0.6832,0.6685,0.6831,232.0
2025-02-28 19:00:00+00:00,0.6831,0.6837,0.6831,0.6837,112.0
2025-02-28 20:00:00+00:00,0.6837,0.6837,0.6615,0.6615,46.0
2025-02-28 21:00:00+00:00,0.6615,0.6838,0.6615,0.6838,14.0
2025-02-28 22:00:00+00:00,0.6838,0.6838,0.6741,0.6741,28.0
2025-02-28 23:00:00+00:00,0.6741,0.6837,0.6616,0.6616,533.0
2025-03-01 01:00:00+00:00,0.6616,0.7567,0.6613,0.6936,13043.0
2025-03-01 02:00:00+00:00,0.6936,0.6943,0.681,0.6943,91.0
2025-03-01 03:00:00+00:00,0.6943,0.7359,0.6943,0.7218,878.0
2025-03-01 04:00:00+00:00,0.7218,0.7569,0.7218,0.7363,7899.0
2025-03-01 05:00:00+00:00,0.7363,0.7363,0.7353,0.7353,44.0
2025-03-01 06:00:00+00:00,0.7353,0.7353,0.7211,0.7211,268.0
2025-03-01 07:00:00+00:00,0.7211,0.7211,0.7211,0.7211,175.0
2025-03-01 09:00:00+00:00,0.7211,0.7211,0.7169,0.7169,172.0
2025-03-01 10:00:00+00:00,0.7169,0.7169,0.7148,0.7148,117.0
2025-03-01 11:00:00+00:00,0.7148,0.7148,0.7103,0.7103,137.0
2025-03-01 12:00:00+00:00,0.7103,0.7103,0.7044,0.7044,79.0
2025-03-01 14:00:00+00:00,0.7044,0.7376,0.7044,0.7376,475.0
2025-03-01 15:00:00+00:00,0.7376,0.7376,0.6915,0.7147,1311.0
2025-03-01 16:00:00+00:00,0.7147,0.7254,0.7147,0.7254,394.0
2025-03-01 18:00:00+00:00,0.7254,0.7254,0.7254,0.7254,11.0
2025-03-01 19:00:00+00:00,0.7254,0.7255,0.7254,0.7254,145.0
2025-03-01 20:00:00+00:00,0.7254,0.7254,0.7254,0.7254,39.0
2025-03-01 21:00:00+00:00,0.7254,0.7359,0.7134,0.7359,920.0
2025-03-01 22:00:00+00:00,0.7359,0.7359,0.7134,0.7134,56.0
2025-03-02 00:00:00+00:00,0.7134,0.736,0.7134,0.736,13.0
2025-03-02 01:00:00+00:00,0.736,0.736,0.7356,0.7356,203.0
2025-03-02 02:00:00+00:00,0.7356,0.7356,0.6943,0.711,3007.0
2025-03-02 03:00:00+00:00,0.711,0.7205,0.6943,0.7156,1153.0
2025-03-02 04:00:00+00:00,0.7156,0.7369,0.7134,0.7134,1152.0
2025-03-02 05:00:00+00:00,0.7134,0.7515,0.7134,0.7345,2867.0
2025-03-02 07:00:00+00:00,0.7345,0.7438,0.7345,0.7438,10.0
2025-03-02 08:00:00+00:00,0.7438,0.7438,0.7345,0.7345,34.0
2025-03-02 09:00:00+00:00,0.7345,0.7345,0.7243,0.7243,43.0
2025-03-02 10:00:00+00:00,0.7243,0.7409,0.7232,0.7409,177.0
2025-03-02 13:00:00+00:00,0.7409,0.749,0.7322,0.7322,189.0
2025-03-02 14:00:00+00:00,0.7322,0.7482,0.7243,0.7482,47.0
2025-03-02 15:00:00+00:00,0.7482,0.7482,0.7192,0.7393,502.0
2025-03-02 16:00:00+00:00,0.7393,0.7643,0.7105,0.7643,7841.0
2025-03-02 17:00:00+00:00,0.7643,0.7923,0.66,0.7585,11914.0
2025-03-02 18:00:00+00:00,0.7585,0.7789,0.7548,0.7585,607.0
2025-03-02 19:00:00+00:00,0.7585,0.7636,0.7,0.7561,11760.0
2025-03-02 20:00:00+00:00,0.7561,0.7783,0.7561,0.7783,670.0
2025-03-02 21:00:00+00:00,0.7783,0.7783,0.7443,0.7443,287.0
2025-03-02 22:00:00+00:00,0.7443,0.772,0.7443,0.772,54.0
2025-03-02 23:00:00+00:00,0.772,0.772,0.7613,0.7613,56.0
2025-03-03 00:00:00+00:00,0.7613,0.7613,0.7222,0.7222,816.0
2025-03-03 01:00:00+00:00,0.7222,0.7409,0.7222,0.7409,420.0
2025-03-03 02:00:00+00:00,0.7409,0.7409,0.7225,0.7225,530.0
2025-03-03 03:00:00+00:00,0.7225,0.7225,0.7225,0.7225,5700.0
2025-03-03 04:00:00+00:00,0.7225,0.7413,0.7225,0.7225,2181.0
2025-03-03 05:00:00+00:00,0.7225,0.7409,0.7167,0.7167,6380.0
2025-03-03 06:00:00+00:00,0.7167,0.7167,0.6981,0.6981,643.0
2025-03-03 07:00:00+00:00,0.6981,0.7024,0.6851,0.7024,336.0
2025-03-03 08:00:00+00:00,0.7024,0.7024,0.685,0.685,70.0
2025-03-03 09:00:00+00:00,0.685,0.685,0.685,0.685,507.0
2025-03-03 11:00:00+00:00,0.685,0.685,0.6818,0.6818,40.0
2025-03-03 12:00:00+00:00,0.6818,0.6819,0.6682,0.6682,792.0
2025-03-03 13:00:00+00:00,0.6682,0.6838,0.6429,0.6735,2478.0
2025-03-03 14:00:00+00:00,0.6735,0.6838,0.6584,0.6584,35.0
2025-03-03 15:00:00+00:00,0.6584,0.6836,0.6584,0.6836,84.0
2025-03-03 16:00:00+00:00,0.6836,0.6836,0.6584,0.6584,290.0
2025-03-03 17:00:00+00:00,0.6584,0.6584,0.6485,0.6485,102.0
2025-03-03 18:00:00+00:00,0.6485,0.6533,0.6129,0.6129,2604.0
2025-03-03 19:00:00+00:00,0.6129,0.6149,0.5876,0.5964,7307.0
2025-03-03 20:00:00+00:00,0.5964,0.6209,0.5964,0.6011,938.0
2025-03-03 21:00:00+00:00,0.6011,0.6617,0.5891,0.5891,3118.0
2025-03-03 22:00:00+00:00,0.5891,0.6056,0.5891,0.6056,124.0
2025-03-03 23:00:00+00:00,0.6056,0.6056,0.6019,0.6056,33.0
2025-03-04 00:00:00+00:00,0.6056,0.6056,0.58,0.58,2344.0
2025-03-04 01:00:00+00:00,0.58,0.5875,0.5454,0.5454,5899.0
2025-03-04 02:00:00+00:00,0.5454,0.5528,0.5048,0.5362,2877.0
2025-03-04 03:00:00+00:00,0.5362,0.5444,0.5362,0.5444,82.0
2025-03-04 04:00:00+00:00,0.5444,0.549,0.5322,0.5322,1497.0
2025-03-04 05:00:00+00:00,0.5322,0.5769,0.5322,0.5487,6060.0
2025-03-04 06:00:00+00:00,0.5487,0.5622,0.54,0.54,6385.0
2025-03-04 07:00:00+00:00,0.54,0.54,0.54,0.54,1.0
2025-03-04 08:00:00+00:00,0.54,0.5444,0.5287,0.5444,9282.0
2025-03-04 09:00:00+00:00,0.5444,0.5524,0.5322,0.5524,18.0
2025-03-04 10:00:00+00:00,0.5524,0.5524,0.5208,0.5208,3412.0
2025-03-04 11:00:00+00:00,0.5208,0.5213,0.5208,0.5208,667.0
2025-03-04 13:00:00+00:00,0.5208,0.5208,0.4778,0.5045,2394.0
2025-03-04 14:00:00+00:00,0.5045,0.542,0.5045,0.5315,1149.0
2025-03-04 15:00:00+00:00,0.5315,0.5315,0.5009,0.5201,446.0
2025-03-04 16:00:00+00:00,0.5201,0.5281,0.5085,0.5281,64.0
2025-03-04 17:00:00+00:00,0.5281,0.5444,0.5237,0.5444,562.0
2025-03-04 18:00:00+00:00,0.5444,0.5658,0.5444,0.5548,1069.0
2025-03-04 19:00:00+00:00,0.5548,0.5659,0.5408,0.5408,593.0
2025-03-04 20:00:00+00:00,0.5408,0.5745,0.5408,0.5705,272.0
2025-03-04 21:00:00+00:00,0.5705,0.5786,0.5705,0.5786,56.0
2025-03-04 22:00:00+00:00,0.5786,0.584,0.5786,0.584,34.0
2025-03-04 23:00:00+00:00,0.584,0.584,0.566,0.566,1000.0
2025-03-05 00:00:00+00:00,0.566,0.5837,0.5563,0.5563,290.0
2025-03-05 01:00:00+00:00,0.5563,0.5699,0.5563,0.5699,40.0
2025-03-05 02:00:00+00:00,0.5699,0.5699,0.5273,0.5444,2107.0
2025-03-05 05:00:00+00:00,0.5444,0.61,0.5323,0.5636,12590.0
2025-03-05 06:00:00+00:00,0.5636,0.5875,0.5636,0.5875,443.0
2025-03-05 08:00:00+00:00,0.5875,0.5906,0.5875,0.5906,98.0
2025-03-05 09:00:00+00:00,0.5906,0.5906,0.5774,0.5774,11.0
2025-03-05 10:00:00+00:00,0.5774,0.6056,0.5774,0.6056,4099.0
2025-03-05 11:00:00+00:00,0.6056,0.6056,0.5862,0.5862,80.0
2025-03-05 12:00:00+00:00,0.5862,0.5873,0.5656,0.5873,761.0
2025-03-05 13:00:00+00:00,0.5873,0.5873,0.5873,0.5873,361.0
2025-03-05 16:00:00+00:00,0.5873,0.5873,0.5547,0.5699,551.0
2025-03-05 17:00:00+00:00,0.5699,0.5906,0.5699,0.5906,282.0
2025-03-05 21:00:00+00:00,0.5906,0.598,0.5906,0.598,23.0
2025-03-06 00:00:00+00:00,0.598,0.598,0.58,0.58,250.0
2025-03-06 01:00:00+00:00,0.58,0.58,0.58,0.58,1717.0
2025-03-06 02:00:00+00:00,0.58,0.58,0.5774,0.5774,173.0
2025-03-06 04:00:00+00:00,0.5774,0.6054,0.5774,0.6054,181.0
2025-03-06 05:00:00+00:00,0.6054,0.6087,0.5962,0.5962,203.0
2025-03-06 08:00:00+00:00,0.5962,0.5972,0.5951,0.5972,1724.0
2025-03-06 09:00:00+00:00,0.5972,0.5972,0.5951,0.5951,35.0
2025-03-06 10:00:00+00:00,0.5951,0.5951,0.5937,0.5937,21.0
2025-03-06 12:00:00+00:00,0.5937,0.5937,0.5862,0.5862,123.0
2025-03-06 13:00:00+00:00,0.5862,0.5862,0.5743,0.5743,104.0
2025-03-06 14:00:00+00:00,0.5743,0.5743,0.55,0.55,728.0
2025-03-06 15:00:00+00:00,0.55,0.5527,0.55,0.5526,824.0
2025-03-06 16:00:00+00:00,0.5526,0.5753,0.5526,0.5731,453.0
2025-03-06 17:00:00+00:00,0.5731,0.5731,0.55,0.55,1830.0
2025-03-06 18:00:00+00:00,0.55,0.55,0.541,0.541,3557.0
2025-03-06 19:00:00+00:00,0.541,0.55,0.541,0.55,361.0
2025-03-06 20:00:00+00:00,0.55,0.55,0.55,0.55,202.0
2025-03-06 22:00:00+00:00,0.55,0.55,0.55,0.55,216.0
2025-03-07 00:00:00+00:00,0.55,0.55,0.5194,0.5194,2314.0
2025-03-07 04:00:00+00:00,0.5194,0.5321,0.5054,0.5054,1350.0
2025-03-07 05:00:00+00:00,0.5054,0.5281,0.5001,0.5281,959.0
2025-03-07 06:00:00+00:00,0.5281,0.5281,0.5085,0.5085,190.0
2025-03-07 07:00:00+00:00,0.5085,0.5322,0.5085,0.5322,1443.0
2025-03-07 08:00:00+00:00,0.5322,0.5362,0.5322,0.5362,1337.0
2025-03-07 09:00:00+00:00,0.5362,0.5362,0.5086,0.5086,90.0
2025-03-07 10:00:00+00:00,0.5086,0.5089,0.5086,0.5089,60.0
2025-03-07 14:00:00+00:00,0.5089,0.5108,0.5089,0.5107,275.0
2025-03-07 15:00:00+00:00,0.5107,0.5281,0.5107,0.5281,13.0
2025-03-07 16:00:00+00:00,0.5281,0.542,0.5107,0.5107,2957.0
2025-03-07 17:00:00+00:00,0.5107,0.6226,0.51,0.5281,10629.0
2025-03-07 19:00:00+00:00,0.5281,0.5393,0.5103,0.5242,498.0
2025-03-07 20:00:00+00:00,0.5242,0.538,0.5163,0.538,205.0
2025-03-07 21:00:00+00:00,0.538,0.538,0.5163,0.5163,74.0
2025-03-07 22:00:00+00:00,0.5163,0.5163,0.51,0.51,295.0
2025-03-07 23:00:00+00:00,0.51,0.51,0.5054,0.5054,15540.0
2025-03-08 00:00:00+00:00,0.5054,0.5158,0.5054,0.5158,51.0
2025-03-08 01:00:00+00:00,0.5158,0.5158,0.5158,0.5158,870.0
2025-03-08 02:00:00+00:00,0.5158,0.5158,0.5008,0.5008,8.0
2025-03-08 03:00:00+00:00,0.5008,0.5009,0.5008,0.5008,72.0
2025-03-08 04:00:00+00:00,0.5008,0.5123,0.5008,0.5123,7.0
2025-03-08 05:00:00+00:00,0.5123,0.5123,0.512,0.512,17.0
2025-03-08 06:00:00+00:00,0.512,0.512,0.505,0.512,3229.0
2025-03-08 07:00:00+00:00,0.512,0.512,0.5001,0.5001,7.0
2025-03-08 09:00:00+00:00,0.5001,0.5123,0.5,0.5123,889.0
2025-03-08 13:00:00+00:00,0.5123,0.5123,0.5123,0.5123,17.0
2025-03-08 16:00:00+00:00,0.5123,0.5123,0.5123,0.5123,6.0
2025-03-08 19:00:00+00:00,0.5123,0.5123,0.5123,0.5123,19.0
2025-03-08 22:00:00+00:00,0.5123,0.5187,0.5123,0.5187,90.0
2025-03-09 01:00:00+00:00,0.5187,0.5187,0.5018,0.5018,40.0
2025-03-09 05:00:00+00:00,0.5018,0.5201,0.5018,0.5018,306.0
2025-03-09 06:00:00+00:00,0.5018,0.5018,0.4866,0.4866,3389.0
2025-03-09 09:00:00+00:00,0.4866,0.4866,0.4866,0.4866,3.0
2025-03-09 10:00:00+00:00,0.4866,0.4866,0.4677,0.4677,2254.0
2025-03-09 11:00:00+00:00,0.4677,0.4747,0.4677,0.4747,36.0
2025-03-09 12:00:00+00:00,0.4747,0.4857,0.4747,0.4784,3303.0
2025-03-09 13:00:00+00:00,0.4784,0.4784,0.4784,0.4784,11.0
2025-03-09 14:00:00+00:00,0.4784,0.4784,0.4712,0.4712,9.0
2025-03-09 15:00:00+00:00,0.4712,0.4712,0.4712,0.4712,17.0
2025-03-09 16:00:00+00:00,0.4712,0.4716,0.4569,0.4605,27081.0
2025-03-09 17:00:00+00:00,0.4605,0.4605,0.42,0.4467,7324.0
2025-03-09 18:00:00+00:00,0.4467,0.4467,0.44,0.44,2643.0
2025-03-09 19:00:00+00:00,0.44,0.4539,0.44,0.4539,225.0
2025-03-09 20:00:00+00:00,0.4539,0.4539,0.4302,0.4535,784.0
2025-03-09 21:00:00+00:00,0.4535,0.4555,0.4535,0.4555,109.0
2025-03-09 22:00:00+00:00,0.4555,0.459,0.4463,0.459,574.0
2025-03-09 23:00:00+00:00,0.459,0.459,0.4588,0.4589,149.0
2025-03-10 00:00:00+00:00,0.4589,0.4589,0.4305,0.4535,467.0
2025-03-10 01:00:00+00:00,0.4535,0.4535,0.4197,0.4467,1469.0
2025-03-10 02:00:00+00:00,0.4467,0.4527,0.4198,0.4467,1340.0
2025-03-10 03:00:00+00:00,0.4467,0.4527,0.4467,0.4527,1749.0
2025-03-10 04:00:00+00:00,0.4527,0.4534,0.4524,0.4524,50.0
2025-03-10 05:00:00+00:00,0.4524,0.4535,0.4524,0.4535,81.0
2025-03-10 06:00:00+00:00,0.4535,0.4535,0.4534,0.4534,341.0
2025-03-10 07:00:00+00:00,0.4534,0.4747,0.445,0.445,2962.0
2025-03-10 08:00:00+00:00,0.445,0.4605,0.445,0.4605,9.0
2025-03-10 12:00:00+00:00,0.4605,0.4661,0.4605,0.4661,699.0
2025-03-10 14:00:00+00:00,0.4661,0.4661,0.4242,0.4242,1446.0
2025-03-10 15:00:00+00:00,0.4242,0.4242,0.4202,0.4202,2032.0
2025-03-10 16:00:00+00:00,0.4202,0.4207,0.4202,0.4207,16.0
2025-03-10 17:00:00+00:00,0.4207,0.4207,0.4196,0.4196,16703.0
2025-03-10 18:00:00+00:00,0.4196,0.4196,0.4144,0.4144,7914.0
2025-03-10 19:00:00+00:00,0.4144,0.4302,0.4144,0.4302,427.0
2025-03-10 20:00:00+00:00,0.4302,0.4379,0.425,0.4377,468.0
2025-03-10 23:00:00+00:00,0.4377,0.4377,0.4376,0.4376,22.0
2025-03-11 00:00:00+00:00,0.4376,0.4376,0.408,0.408,4039.0
2025-03-11 01:00:00+00:00,0.408,0.4212,0.4049,0.4212,652.0
2025-03-11 02:00:00+00:00,0.4212,0.4267,0.4212,0.4267,21.0
2025-03-11 03:00:00+00:00,0.4267,0.4267,0.4047,0.4047,104.0
2025-03-11 04:00:00+00:00,0.4047,0.4267,0.404,0.4267,2161.0
2025-03-11 05:00:00+00:00,0.4267,0.4267,0.4047,0.4267,526.0
2025-03-11 06:00:00+00:00,0.4267,0.4398,0.4267,0.4398,123.0
2025-03-11 07:00:00+00:00,0.4398,0.44,0.4398,0.4399,1150.0
2025-03-11 11:00:00+00:00,0.4399,0.44,0.4398,0.44,138.0
2025-03-11 12:00:00+00:00,0.44,0.44,0.4301,0.4301,309.0
2025-03-11 13:00:00+00:00,0.4301,0.4301,0.4229,0.4229,115.0
2025-03-11 14:00:00+00:00,0.4229,0.4229,0.4229,0.4229,96.0
2025-03-11 15:00:00+00:00,0.4229,0.4229,0.4229,0.4229,34.0
2025-03-11 16:00:00+00:00,0.4229,0.4357,0.4138,0.4357,924.0
2025-03-11 17:00:00+00:00,0.4357,0.4357,0.4241,0.4357,674.0
2025-03-11 18:00:00+00:00,0.4357,0.4357,0.4357,0.4357,16087.0
2025-03-11 20:00:00+00:00,0.4357,0.4526,0.4002,0.4333,3125.0
2025-03-11 22:00:00+00:00,0.4333,0.4333,0.4197,0.4197,123.0
2025-03-11 23:00:00+00:00,0.4197,0.4203,0.4197,0.4203,284.0
2025-03-12 01:00:00+00:00,0.4203,0.4365,0.4196,0.4365,33.0
2025-03-12 02:00:00+00:00,0.4365,0.4365,0.41,0.4289,16111.0
2025-03-12 03:00:00+00:00,0.4289,0.4289,0.4115,0.4115,885.0
2025-03-12 04:00:00+00:00,0.4115,0.4173,0.4115,0.4173,24.0
2025-03-12 09:00:00+00:00,0.4173,0.4304,0.4173,0.4304,461.0
2025-03-12 11:00:00+00:00,0.4304,0.4333,0.4292,0.4333,4211.0
2025-03-12 12:00:00+00:00,0.4333,0.4535,0.4333,0.4535,700.0
2025-03-12 13:00:00+00:00,0.4535,0.4605,0.4535,0.4605,22.0
2025-03-12 14:00:00+00:00,0.4605,0.4613,0.4434,0.4448,611.0
2025-03-12 15:00:00+00:00,0.4448,0.4605,0.4367,0.4605,398.0
2025-03-12 16:00:00+00:00,0.4605,0.4605,0.4434,0.4434,112.0
2025-03-12 17:00:00+00:00,0.4434,0.4605,0.4312,0.4313,2811.0
2025-03-12 18:00:00+00:00,0.4313,0.4425,0.4313,0.4425,13.0
2025-03-12 19:00:00+00:00,0.4425,0.4438,0.4425,0.4438,56.0
2025-03-12 20:00:00+00:00,0.4438,0.4466,0.4419,0.4466,2247.0
2025-03-12 21:00:00+00:00,0.4466,0.4467,0.4466,0.4467,8037.0
2025-03-12 23:00:00+00:00,0.4467,0.4525,0.4367,0.4525,111.0
2025-03-13 00:00:00+00:00,0.4525,0.4525,0.4367,0.4392,192.0
2025-03-13 01:00:00+00:00,0.4392,0.4526,0.4367,0.4526,742.0
2025-03-13 02:00:00+00:00,0.4526,0.4969,0.4526,0.4734,10896.0
2025-03-13 03:00:00+00:00,0.4734,0.4998,0.4712,0.4808,8563.0
2025-03-13 04:00:00+00:00,0.4808,0.482,0.4648,0.4648,402.0
2025-03-13 05:00:00+00:00,0.4648,0.4648,0.4565,0.4565,709.0
2025-03-13 06:00:00+00:00,0.4565,0.4647,0.4434,0.4434,159.0
2025-03-13 07:00:00+00:00,0.4434,0.4434,0.4292,0.4399,1235.0
2025-03-13 08:00:00+00:00,0.4399,0.4399,0.4236,0.4236,642.0
2025-03-13 09:00:00+00:00,0.4236,0.4599,0.4236,0.4599,943.0
2025-03-13 10:00:00+00:00,0.4599,0.4741,0.4599,0.4741,227.0
2025-03-13 11:00:00+00:00,0.4741,0.4841,0.4741,0.4841,709.0
2025-03-13 12:00:00+00:00,0.4841,0.5044,0.4841,0.5044,3675.0
2025-03-13 13:00:00+00:00,0.5044,0.5044,0.4857,0.4893,329.0
2025-03-13 14:00:00+00:00,0.4893,0.491,0.479,0.479,2435.0
2025-03-13 15:00:00+00:00,0.479,0.479,0.4733,0.4733,356.0
2025-03-13 16:00:00+00:00,0.4733,0.4733,0.4733,0.4733,2210.0
2025-03-13 17:00:00+00:00,0.4733,0.4733,0.455,0.4676,243.0
2025-03-13 18:00:00+00:00,0.4676,0.4733,0.4676,0.4733,9349.0
2025-03-13 20:00:00+00:00,0.4733,0.4747,0.4733,0.4747,9.0
2025-03-13 21:00:00+00:00,0.4747,0.478,0.4571,0.478,105.0
2025-03-13 22:00:00+00:00,0.478,0.478,0.4573,0.4573,615.0
2025-03-13 23:00:00+00:00,0.4573,0.4848,0.4573,0.4848,213.0
2025-03-14 00:00:00+00:00,0.4848,0.4848,0.4641,0.4641,285.0
2025-03-14 01:00:00+00:00,0.4641,0.495,0.4641,0.4855,562.0
2025-03-14 03:00:00+00:00,0.4855,0.4968,0.4855,0.4968,132.0
2025-03-14 04:00:00+00:00,0.4968,0.5075,0.4968,0.5075,25063.0
2025-03-14 08:00:00+00:00,0.5075,0.5108,0.4968,0.5108,341.0
2025-03-14 09:00:00+00:00,0.5108,0.5281,0.5108,0.5281,1514.0
2025-03-14 10:00:00+00:00,0.5281,0.5318,0.5118,0.5264,215.0
2025-03-14 11:00:00+00:00,0.5264,0.5275,0.5201,0.5201,50.0
2025-03-14 12:00:00+00:00,0.5201,0.5353,0.52,0.52,434.0
2025-03-14 13:00:00+00:00,0.52,0.5262,0.5163,0.5262,234.0
2025-03-14 15:00:00+00:00,0.5262,0.5312,0.5262,0.5312,410.0
2025-03-14 16:00:00+00:00,0.5312,0.5312,0.5259,0.5259,48.0
2025-03-14 17:00:00+00:00,0.5259,0.5259,0.5184,0.5184,47.0
2025-03-14 18:00:00+00:00,0.5184,0.5435,0.5184,0.5435,572.0
2025-03-14 19:00:00+00:00,0.5435,0.5569,0.5277,0.5277,3339.0
2025-03-14 22:00:00+00:00,0.5277,0.5401,0.5277,0.5277,3335.0
2025-03-14 23:00:00+00:00,0.5277,0.5401,0.5113,0.5172,1361.0
2025-03-15 00:00:00+00:00,0.5172,0.5313,0.5172,0.5172,760.0
2025-03-15 01:00:00+00:00,0.5172,0.5172,0.5163,0.5163,1429.0
2025-03-15 02:00:00+00:00,0.5163,0.5302,0.457,0.5295,6084.0
2025-03-15 03:00:00+00:00,0.5295,0.5295,0.5129,0.52,549.0
2025-03-15 04:00:00+00:00,0.52,0.5233,0.457,0.5233,6896.0
2025-03-15 06:00:00+00:00,0.5233,0.5273,0.5116,0.5116,189.0
2025-03-15 09:00:00+00:00,0.5116,0.5116,0.5085,0.5085,151.0
2025-03-15 10:00:00+00:00,0.5085,0.5233,0.5085,0.5233,118.0
2025-03-15 11:00:00+00:00,0.5233,0.5233,0.5085,0.5233,255.0
2025-03-15 13:00:00+00:00,0.5233,0.5233,0.5086,0.5086,104.0
2025-03-15 14:00:00+00:00,0.5086,0.5292,0.5086,0.5292,452.0
2025-03-15 15:00:00+00:00,0.5292,0.5551,0.5292,0.5393,3745.0
2025-03-15 16:00:00+00:00,0.5393,0.5539,0.5393,0.5539,454.0
2025-03-15 17:00:00+00:00,0.5539,0.5551,0.5408,0.5409,117.0
2025-03-15 18:00:00+00:00,0.5409,0.5551,0.5404,0.555,250.0
2025-03-15 19:00:00+00:00,0.555,0.555,0.54,0.54,2000.0
2025-03-15 20:00:00+00:00,0.54,0.5549,0.54,0.5548,270.0
2025-03-15 21:00:00+00:00,0.5548,0.555,0.5382,0.5383,730.0
2025-03-15 22:00:00+00:00,0.5383,0.5549,0.5194,0.5539,9058.0
2025-03-15 23:00:00+00:00,0.5539,0.5539,0.5047,0.5508,5834.0
2025-03-16 00:00:00+00:00,0.5508,0.554,0.5433,0.5433,410.0
2025-03-16 01:00:00+00:00,0.5433,0.553,0.5433,0.5527,188.0
2025-03-16 02:00:00+00:00,0.5527,0.5527,0.5433,0.5433,5.0
2025-03-16 03:00:00+00:00,0.5433,0.5527,0.5433,0.55,2023.0
2025-03-16 04:00:00+00:00,0.55,0.55,0.5116,0.5313,1140.0
2025-03-16 05:00:00+00:00,0.5313,0.5313,0.5281,0.5283,744.0
2025-03-16 09:00:00+00:00,0.5283,0.5283,0.5195,0.5195,70.0
2025-03-16 10:00:00+00:00,0.5195,0.5195,0.5194,0.5194,39.0
2025-03-16 11:00:00+00:00,0.5194,0.554,0.506,0.506,10010.0
2025-03-16 12:00:00+00:00,0.506,0.5123,0.4878,0.4878,663.0
2025-03-16 13:00:00+00:00,0.4878,0.5045,0.4875,0.4875,637.0
2025-03-16 14:00:00+00:00,0.4875,0.4876,0.4875,0.4876,64.0
2025-03-16 15:00:00+00:00,0.4876,0.4876,0.4876,0.4876,171.0
2025-03-16 16:00:00+00:00,0.4876,0.5045,0.4876,0.5045,8.0
2025-03-16 17:00:00+00:00,0.5045,0.5045,0.5044,0.5045,22.0
2025-03-16 18:00:00+00:00,0.5045,0.5045,0.4876,0.5045,159.0
2025-03-16 19:00:00+00:00,0.5045,0.5115,0.5045,0.5115,98.0
2025-03-16 20:00:00+00:00,0.5115,0.5115,0.4779,0.4779,4542.0
2025-03-16 21:00:00+00:00,0.4779,0.4779,0.4758,0.4758,22.0
2025-03-16 22:00:00+00:00,0.4758,0.5079,0.4758,0.4763,1071.0
2025-03-16 23:00:00+00:00,0.4763,0.4914,0.4762,0.4914,730.0
2025-03-17 00:00:00+00:00,0.4914,0.4915,0.4914,0.4915,107.0
2025-03-17 01:00:00+00:00,0.4915,0.4915,0.4809,0.4809,67.0
2025-03-17 02:00:00+00:00,0.4809,0.4915,0.4809,0.4915,986.0
2025-03-17 03:00:00+00:00,0.4915,0.4915,0.4805,0.4805,9.0
2025-03-17 04:00:00+00:00,0.4805,0.5061,0.4805,0.5061,134.0
2025-03-17 06:00:00+00:00,0.5061,0.5061,0.4891,0.4891,206.0
2025-03-17 09:00:00+00:00,0.4891,0.4904,0.4891,0.4904,420.0
2025-03-17 10:00:00+00:00,0.4904,0.491,0.4904,0.491,135.0
2025-03-17 14:00:00+00:00,0.491,0.4911,0.491,0.4911,6.0
2025-03-17 16:00:00+00:00,0.4911,0.4988,0.4756,0.4988,554.0
2025-03-17 18:00:00+00:00,0.4988,0.5186,0.4988,0.5186,2022.0
2025-03-17 19:00:00+00:00,0.5186,0.5186,0.495,0.495,408.0
2025-03-17 20:00:00+00:00,0.495,0.5136,0.495,0.5136,6.0
2025-03-17 23:00:00+00:00,0.5136,0.5136,0.4805,0.4805,311.0
2025-03-18 02:00:00+00:00,0.4805,0.4806,0.4805,0.4806,6.0
